ref,citation_11,reference_id
"Crawling such news aggregators is an effective way of collecting related articles which can straightforwardly be used for the acquisition of paraphrases (Dolan et al., 2004; Nelken and Shieber, 2006).",0.5633772071738502,reference_14
"For developing a data-driven text rewriting algorithm for paraphrasing, it is essential to have a monolingual corpus of aligned paraphrased sentences.",0.5866440415592855,reference_0
"Where previous work has focused on aligning news-items at the paragraph and sentence level (Barzilay and Elhadad, 2003), we choose to focus on aligning the headlines of news articles.",0.5871770556829445,reference_19
"For instance, if headline A is paired with headline B, and headline B is aligned to headline C , headline A can be aligned to C as Ty pe Precision Recallk m ea ns cl us ter in g 0.91 0.43 clu ste rs on lyk m ea ns cl us ter in g 0.66 0.44 all he ad lin es pa irw ise si mi lar ity 0.93 0.39 clu ste rs on ly pa irw ise si mi lar ity 0.76 0.41 all he ad lin es Table 2: Precision and Recall for both methods Pl ay st ati on 3 m or e ex pe nsi ve th an co m pe tit or P l a y s t a t i o n 3 w i l l b e c o m e m o r e e x p e n s i v e t h a n X b o x 3 6 0 So ny po stp on es Blu Ra y m ov ie s So ny po stp on es co mi ng of blu ra y dv ds Pri ce s Pl ay st ati on 3 kn ow n: fro m 49 9 eu ro s E3 20 06 : Pl ay st ati on 3 fro m 49 9 eu ro s So ny PS 3 wi th Blu R ay for sal e fro m No ve m be r 11 th PS 3 av ail abl e in Eu ro pe fro m No ve m be r 17 th Table 3: Examples of correct (above) and incorrect (below) alignments well.",0.5939670222170512,reference_74
Part of the data in the DAESO-corpus consists of headline clusters crawled from Google News Netherlands in the period April–August 2006.,0.6043061096939616,reference_26
