ref,citation_0,reference_id
"For developing a data-driven text rewriting algorithm for paraphrasing, it is essential to have a monolingual corpus of aligned paraphrased sentences.",0.5898740477375558,reference_0
"We compare two methods of aligning headlines to construct such an aligned corpus of paraphrases, one based on clustering, and the other on pairwise similarity-based matching.",0.6108571419996822,reference_2
"Crawling such news aggregators is an effective way of collecting related articles which can straightforwardly be used for the acquisition of paraphrases (Dolan et al., 2004; Nelken and Shieber, 2006).",0.6150306379759988,reference_14
"Where previous work has focused on aligning news-items at the paragraph and sentence level (Barzilay and Elhadad, 2003), we choose to focus on aligning the headlines of news articles.",0.6202590694281748,reference_19
"Using headlines of news articles clustered by Google News, and finding good paraphrases within these clusters is an effective route for obtaining pairs of paraphrased sentences with reasonable precision.",0.6340832014760545,reference_83
