ref,citation_7,reference_id
We use these annotated clusters as development and test data in developing a method to automatically obtain paraphrase pairs from headline clusters.,0.51321614601052,reference_45
"Considering the fact that this corpus will be the basic resource of a paraphrase generation system, we need it to be as free of errors as possible, because errors will propagate throughout the system.",0.5469420293024362,reference_17
"The next step we would like to take towards automatic paraphrase generation, is to identify the differences between paraphrases at the constituent level.",0.5663810118873257,reference_93
"They do paraphrase each other to some extent, but their relation can only be understood properly with |{dj : ti ∈ dj }| |D| is the total number of sentences in the cluster and |{dj : ti ∈ dj }| is the number of sen tences that contain the term ti.",0.5691777874845948,reference_35
"In the remaining case of a similarity between the two thresholds, similarity is calculated over the contexts of the two headlines, namely the text snippet that was retrieved with the headline.",0.5765394339830355,reference_70
