ref,citation_5,reference_id
Each sentence is viewed as a 1 http://glaros.dtc.umn.edu/gkhome/views/cluto/ We evaluate the number of aligments between possible paraphrases.,0.4892701365324863,reference_52
"The next step we would like to take towards automatic paraphrase generation, is to identify the differences between paraphrases at the constituent level.",0.6115888335750719,reference_93
We use these annotated clusters as development and test data in developing a method to automatically obtain paraphrase pairs from headline clusters.,0.6219402329002535,reference_45
We use the k-means implementation in the CLUTO1 software package.,0.6286968591910435,reference_41
A logical next step would be to learn to align the different constituents on our extracted paraphrases in an unsupervised way.,0.6300149489778096,reference_95
