ref,citation_2,reference_id
We have shown that a cosine similarity function comparing headlines and using a back off strategy to compare context can be used to extract paraphrase pairs at a precision of 0.76.,0.4403400358615773,reference_84
"We compare two methods of aligning headlines to construct such an aligned corpus of paraphrases, one based on clustering, and the other on pairwise similarity-based matching.",0.44537854791574616,reference_2
"For instance, is we look at the incorrect examples in Table 3, the difficulty of distinguishing between paraphrases and non-paraphrases is apparent.",0.5089833645585251,reference_91
"For developing a data-driven text rewriting algorithm for paraphrasing, it is essential to have a monolingual corpus of aligned paraphrased sentences.",0.5141332944645203,reference_0
We measure the performance of our approaches by comparing to human annotation of sub- clusterings.,0.5253267297734268,reference_89
