ref,citation_1,reference_id
"For instance, if headline A is paired with headline B, and headline B is aligned to headline C , headline A can be aligned to C as Ty pe Precision Recallk m ea ns cl us ter in g 0.91 0.43 clu ste rs on lyk m ea ns cl us ter in g 0.66 0.44 all he ad lin es pa irw ise si mi lar ity 0.93 0.39 clu ste rs on ly pa irw ise si mi lar ity 0.76 0.41 all he ad lin es Table 2: Precision and Recall for both methods Pl ay st ati on 3 m or e ex pe nsi ve th an co m pe tit or P l a y s t a t i o n 3 w i l l b e c o m e m o r e e x p e n s i v e t h a n X b o x 3 6 0 So ny po stp on es Blu Ra y m ov ie s So ny po stp on es co mi ng of blu ra y dv ds Pri ce s Pl ay st ati on 3 kn ow n: fro m 49 9 eu ro s E3 20 06 : Pl ay st ati on 3 fro m 49 9 eu ro s So ny PS 3 wi th Blu R ay for sal e fro m No ve m be r 11 th PS 3 av ail abl e in Eu ro pe fro m No ve m be r 17 th Table 3: Examples of correct (above) and incorrect (below) alignments well.",0.5311681568118589,reference_74
"Paraphrase generation has already proven to be valuable for Question Answering (Lin and Pantel, 2001; Riezler et al., 2007), Machine Translation (CallisonBurch et al., 2006) and the evaluation thereof (RussoLassner et al., 2006; Kauchak and Barzilay, 2006; Zhou et al., 2006), but also for text simplification and explanation.",0.537840770589564,reference_10
"Where previous work has focused on aligning news-items at the paragraph and sentence level (Barzilay and Elhadad, 2003), we choose to focus on aligning the headlines of news articles.",0.5622359983252755,reference_19
"Crawling such news aggregators is an effective way of collecting related articles which can straightforwardly be used for the acquisition of paraphrases (Dolan et al., 2004; Nelken and Shieber, 2006).",0.5770161384343537,reference_14
"This project is an ongoing effort to build a Parallel Monolingual Treebank for Dutch (Marsi Proceedings of the 12th European Workshop on Natural Language Generation, pages 122–125, Athens, Greece, 30 – 31 March 2009.",0.7139843486053867,reference_22
