ref,citation_4,reference_id
"We compare two methods of aligning headlines to construct such an aligned corpus of paraphrases, one based on clustering, and the other on pairwise similarity-based matching.",0.5621991050207286,reference_2
"Considering the fact that this corpus will be the basic resource of a paraphrase generation system, we need it to be as free of errors as possible, because errors will propagate throughout the system.",0.6429851088015028,reference_17
We use this method to collect a large amount of aligned paraphrases in an automatic fashion.,0.6501001089547455,reference_15
"In the study described in this paper, we make an effort to collect Dutch paraphrases from news article headlines in an unsupervised way to be used in future paraphrase generation.",0.6581034496838268,reference_11
Part of the data in the DAESO-corpus consists of headline clusters crawled from Google News Netherlands in the period April–August 2006.,0.6627432679936152,reference_26
