ref,citation_3,reference_id
We use these annotated clusters as development and test data in developing a method to automatically obtain paraphrase pairs from headline clusters.,0.34196879825448506,reference_45
Each sentence is viewed as a 1 http://glaros.dtc.umn.edu/gkhome/views/cluto/ We evaluate the number of aligments between possible paraphrases.,0.4346926584711169,reference_52
"In the study described in this paper, we make an effort to collect Dutch paraphrases from news article headlines in an unsupervised way to be used in future paraphrase generation.",0.44570108658746654,reference_11
"The next step we would like to take towards automatic paraphrase generation, is to identify the differences between paraphrases at the constituent level.",0.4756365814219479,reference_93
A logical next step would be to learn to align the different constituents on our extracted paraphrases in an unsupervised way.,0.5062741295498124,reference_95
