ref,citation_6,reference_id
"To obtain only paraphrase pairs, the clusters need to be more coherent.",0.4684234972227501,reference_31
"In the study described in this paper, we make an effort to collect Dutch paraphrases from news article headlines in an unsupervised way to be used in future paraphrase generation.",0.4790249783866351,reference_11
"Considering the fact that this corpus will be the basic resource of a paraphrase generation system, we need it to be as free of errors as possible, because errors will propagate throughout the system.",0.5093902448574157,reference_17
Of course the coverage of our method is still somewhat limited: only paraphrases that have some words in common will be extracted.,0.5410895288093014,reference_86
"The next step we would like to take towards automatic paraphrase generation, is to identify the differences between paraphrases at the constituent level.",0.5580449621790023,reference_93
