Reference text,similarity
"For developing a data-driven text rewriting algorithm for paraphrasing, it is essential to have a monolingual corpus of aligned paraphrased sentences.",0.5898740477375558,reference_0
"We compare two methods of aligning headlines to construct such an aligned corpus of paraphrases, one based on clustering, and the other on pairwise similarity-based matching.",0.6108571419996822,reference_2
"Crawling such news aggregators is an effective way of collecting related articles which can straightforwardly be used for the acquisition of paraphrases (Dolan et al., 2004; Nelken and Shieber, 2006).",0.6150306379759988,reference_14
"Where previous work has focused on aligning news-items at the paragraph and sentence level (Barzilay and Elhadad, 2003), we choose to focus on aligning the headlines of news articles.",0.6202590694281748,reference_19
"Using headlines of news articles clustered by Google News, and finding good paraphrases within these clusters is an effective route for obtaining pairs of paraphrased sentences with reasonable precision.",0.6340832014760545,reference_83
"For instance, if headline A is paired with headline B, and headline B is aligned to headline C , headline A can be aligned to C as Ty pe Precision Recallk m ea ns cl us ter in g 0.91 0.43 clu ste rs on lyk m ea ns cl us ter in g 0.66 0.44 all he ad lin es pa irw ise si mi lar ity 0.93 0.39 clu ste rs on ly pa irw ise si mi lar ity 0.76 0.41 all he ad lin es Table 2: Precision and Recall for both methods Pl ay st ati on 3 m or e ex pe nsi ve th an co m pe tit or P l a y s t a t i o n 3 w i l l b e c o m e m o r e e x p e n s i v e t h a n X b o x 3 6 0 So ny po stp on es Blu Ra y m ov ie s So ny po stp on es co mi ng of blu ra y dv ds Pri ce s Pl ay st ati on 3 kn ow n: fro m 49 9 eu ro s E3 20 06 : Pl ay st ati on 3 fro m 49 9 eu ro s So ny PS 3 wi th Blu R ay for sal e fro m No ve m be r 11 th PS 3 av ail abl e in Eu ro pe fro m No ve m be r 17 th Table 3: Examples of correct (above) and incorrect (below) alignments well.",0.5311681568118589,reference_74
"Paraphrase generation has already proven to be valuable for Question Answering (Lin and Pantel, 2001; Riezler et al., 2007), Machine Translation (CallisonBurch et al., 2006) and the evaluation thereof (RussoLassner et al., 2006; Kauchak and Barzilay, 2006; Zhou et al., 2006), but also for text simplification and explanation.",0.537840770589564,reference_10
"This project is an ongoing effort to build a Parallel Monolingual Treebank for Dutch (Marsi Proceedings of the 12th European Workshop on Natural Language Generation, pages 122–125, Athens, Greece, 30 – 31 March 2009.",0.7139843486053867,reference_22
We have shown that a cosine similarity function comparing headlines and using a back off strategy to compare context can be used to extract paraphrase pairs at a precision of 0.76.,0.4403400358615773,reference_84
"For instance, is we look at the incorrect examples in Table 3, the difficulty of distinguishing between paraphrases and non-paraphrases is apparent.",0.5089833645585251,reference_91
We measure the performance of our approaches by comparing to human annotation of sub- clusterings.,0.5253267297734268,reference_89
We use these annotated clusters as development and test data in developing a method to automatically obtain paraphrase pairs from headline clusters.,0.34196879825448506,reference_45
Each sentence is viewed as a 1 http://glaros.dtc.umn.edu/gkhome/views/cluto/ We evaluate the number of aligments between possible paraphrases.,0.4346926584711169,reference_52
"In the study described in this paper, we make an effort to collect Dutch paraphrases from news article headlines in an unsupervised way to be used in future paraphrase generation.",0.44570108658746654,reference_11
"The next step we would like to take towards automatic paraphrase generation, is to identify the differences between paraphrases at the constituent level.",0.4756365814219479,reference_93
A logical next step would be to learn to align the different constituents on our extracted paraphrases in an unsupervised way.,0.5062741295498124,reference_95
"Considering the fact that this corpus will be the basic resource of a paraphrase generation system, we need it to be as free of errors as possible, because errors will propagate throughout the system.",0.6429851088015028,reference_17
We use this method to collect a large amount of aligned paraphrases in an automatic fashion.,0.6501001089547455,reference_15
Part of the data in the DAESO-corpus consists of headline clusters crawled from Google News Netherlands in the period April–August 2006.,0.6627432679936152,reference_26
We use the k-means implementation in the CLUTO1 software package.,0.6286968591910435,reference_41
"To obtain only paraphrase pairs, the clusters need to be more coherent.",0.4684234972227501,reference_31
Of course the coverage of our method is still somewhat limited: only paraphrases that have some words in common will be extracted.,0.5410895288093014,reference_86
"They do paraphrase each other to some extent, but their relation can only be understood properly with |{dj : ti ∈ dj }| |D| is the total number of sentences in the cluster and |{dj : ti ∈ dj }| is the number of sen tences that contain the term ti.",0.5691777874845948,reference_35
"In the remaining case of a similarity between the two thresholds, similarity is calculated over the contexts of the two headlines, namely the text snippet that was retrieved with the headline.",0.5765394339830355,reference_70
"Threshold values as found by optimizing on the development data using again an F0.25-score, are T hlower = 0.2 and T hupper = 0.5.",0.981004279375631,reference_72
"Our optimization function is an F - score: (1 + β2) · (precision · recall) Barzilay and Elhadad (2003), we use a modified Fβ = (β2 precision + recall) T F ∗I DF word score as was suggested by Nelken · and Shieber (2006).",0.9884713329594615,reference_51
"The T F ∗I DF score is then: TF.IDFi = T Fi,j · log | Table 1: Part of a sample headline cluster, with sub-clusters and Krahmer, 2007) and will be made available through the Dutch HLT Agency.",0.5349721212292138,reference_25
