[
    {
        "reference_article": "N09-1025",
        "citing_article": "C10-2052",
        "citing_text": [
            "We explore the different options for context and feature se 1 See (Chan et al., 2007) for the relevance of word sense disambiguation and (Chiang et al., 2009) for the role of prepositions in MT. 454 Coling 2010"
        ]
    },
    {
        "reference_article": "N09-1025",
        "citing_article": "D11-1081",
        "citing_text": [
            "Recent work have shown that SMT benefits a lot from exploiting large amount of features (Liang et al., 2006; Tillmann and Zhang, 2006; Watanabe et al., 2007; Blunsom et al., 2008; Chiang et al., 2009)."
        ]
    },
    {
        "reference_article": "N09-1025",
        "citing_article": "D11-1081",
        "citing_text": [
            "Overfitting problem often comes when training many features on a small data (Watanabe et al., 880 2007; Chiang et al., 2009)."
        ]
    },
    {
        "reference_article": "N09-1025",
        "citing_article": "D11-1081",
        "citing_text": [
            "(3) Removing e1 and e5 in t1 and adding e2 leads to another reference derivation t3 . Generally, this is done by deleting a node X0,1 . ing to constructing the oracle reference (Liang et al., 2006; Watanabe et al., 2007; Chiang et al., 2009), which is nontrivial for SMT and needs to be determined experimentally."
        ]
    },
    {
        "reference_article": "N09-1025",
        "citing_article": "D11-1081",
        "citing_text": [
            "Following (Chiang et al., 2009), we only use 100 most frequent words for word context feature."
        ]
    },
    {
        "reference_article": "N09-1025",
        "citing_article": "D11-1081",
        "citing_text": [
            "Lexicalize operator is used more frequently mainly dues to that the reference derivations are initialized with reusable (thus Chiang et al., 2009), gradient descent (Blunsom et al., 2008; Blunsom and Osborne, 2008)."
        ]
    },
    {
        "reference_article": "N09-1025",
        "citing_article": "D11-1125",
        "citing_text": [
            "The MIRA technique of Chiang et al. has been shown to perform well on large-scale tasks with hundreds or thousands of features (2009)."
        ]
    },
    {
        "reference_article": "N09-1025",
        "citing_article": "D11-1125",
        "citing_text": [
            "The most prominent example of a tuning method that performs well on high-dimensionality candidate spaces is the MIRA-based approach used by Watanabe et al.",
            "(2007) and Chiang et al.",
            "(2008b; 2009)."
        ]
    },
    {
        "reference_article": "N09-1025",
        "citing_article": "D11-1125",
        "citing_text": [
            "We used the following feature classes in SBMT and PBMT extended scenarios"
        ]
    },
    {
        "reference_article": "N09-1025",
        "citing_article": "D11-1125",
        "citing_text": [
            "Chiang et al. (2009), Section 4.1)"
        ]
    },
    {
        "reference_article": "N09-1025",
        "citing_article": "D11-1125",
        "citing_text": [
            "5.4.1 MERT We used David Chiangs CMERT implementation We for the most part follow the MIRA algorithm for machine translation as described by Chiang et al. (2009)12 but instead of using the 10-best of each of the best hw , hw +g, and hw -g, we use the 30-best according to hw .13 We use the same sentence-level BLEU calculated in the context of previous 1-best translations as Chiang et al. (2008b; 2009)."
        ]
    },
    {
        "reference_article": "N09-1025",
        "citing_article": "N12-1006",
        "citing_text": [
            "Additionally, we used 50,000 sparse, binary-valued source and target features based on Chiang et al. (2009) "
        ]
    },
    {
        "reference_article": "N09-1025",
        "citing_article": "P12-1001",
        "citing_text": [
            "Alternatively, by using the large- margin optimizer in (Chiang et al., 2009) and moving it into the for-each loop (lines 49), one can get an online algorithm such PMOMIRA."
        ]
    },
    {
        "reference_article": "N09-1025",
        "citing_article": "P13-1110",
        "citing_text": [
            "Online large-margin algorithms, such as MIRA, have also gained prominence in SMT, thanks to their ability to learn models in high-dimensional feature spaces (Watanabe et al., 2007; Chiang et al., 2009)."
        ]
    },
    {
        "reference_article": "N09-1025",
        "citing_article": "P13-1110",
        "citing_text": [
            "task Corpus Sentences Tokens En Zh/Ar MT05 1082 35k 33k training 1M 23.7M 22.8M tune (MT06) 1797 55k 49k baselines"
        ]
    },
    {
        "reference_article": "N09-1025",
        "citing_article": "P13-1110",
        "citing_text": [
            "The bound constraint B was set to 1.4 The approximate sentence-level BLEU cost i is computed in a manner similar to (Chiang et al., 2009), namely, in the context of previous 1-best translations of the tuning set."
        ]
    },
    {
        "reference_article": "N09-1025",
        "citing_article": "P13-1110",
        "citing_text": [
            "For experiments with a larger feature set, we introduced additional lexical and non-lexical sparse Boolean features of the form commonly found in the literature (Chiang et al., 2009; Watan 4 We also conducted an investigation into the setting of the B parameter."
        ]
    },
    {
        "reference_article": "N09-1025",
        "citing_article": "P28_n09",
        "citing_text": [
            "Recently, a simple method was presented in (Chiang eta!., 2009), which keeps partial English and Urdu words in the training data for alignment training."
        ]
    },
    {
        "reference_article": "N09-1025",
        "citing_article": "P134_n09",
        "citing_text": [
            "First, we used features proposed by Chiang et al. (2009)"
        ]
    },
    {
        "reference_article": "N09-1025",
        "citing_article": "Pmert_n09",
        "citing_text": [
            "These challenges have prompted some researchers to move away from MERT, in favor of linearly decomposable approximations of the evaluation metric (Chiang et al., 2009; Hopkins and May, 2011; Cherry and Foster, 2012), which correspond to easier optimization problems and which naturally incorporate regularization."
        ]
    },
    {
        "reference_article": "N09-1025",
        "citing_article": "Pmert_n09",
        "citing_text": [
            "In particular, recent work (Chiang et al., 2009) has shown that adding thousands or tens of thousands of features can improve MT quality when weights are optimized using a margin-based approximation."
        ]
    },
    {
        "reference_article": "N09-1025",
        "citing_article": "PMTS_n09",
        "citing_text": [
            "This observation conrms previous ndings (Chiang et al., 2009) regarding the inability of the MERT algorithm to converge on an optimal set of weights for a reasonably large number of parameters."
        ]
    },
    {
        "reference_article": "N09-1025",
        "citing_article": "PMTS_n09",
        "citing_text": [
            "The MERT algorithm is known to be unable to learn optimal weights for large parameter settings (Chiang et al., 2009)."
        ]
    },
    {
        "reference_article": "N09-1025",
        "citing_article": "PMTS_n09",
        "citing_text": [
            "We would also like to look into alternative tuning techniques, especially ones based on the MIRA algorithm to improve the quality of log-linear mixture adaptation in large parameter settings (Chiang et al., 2009)."
        ]
    },
    {
        "reference_article": "N09-1025",
        "citing_article": "PSMPT_n09",
        "citing_text": [
            "Chiang et w(X  (, ,  )) = ii (2) i al. 2009) define new translational features using neighbouring word contexts of the source phrase, which are directly integrated into the translation model of Hiero system."
        ]
    },
    {
        "reference_article": "N09-1025",
        "citing_article": "PTASL_n09",
        "citing_text": [
            "For example, Chiang et al. [3] designed many target-side syntax features to improve the string-to-tree translation."
        ]
    },
    {
        "reference_article": "N09-1025",
        "citing_article": "PTASL_n09",
        "citing_text": [
            "Moreover, to establish a strong baseline, we also include the discount feature used by Chiang et al. [3] in our baseline string-to-tree model."
        ]
    },
    {
        "reference_article": "N09-1025",
        "citing_article": "W10-1757",
        "citing_text": [
            "When the number of features is too large, even popular reranking algorithms such as SVM (Shen et al., 2004) and MIRA (Watanabe et al., 2007; Chiang et al., 2009) may fail."
        ]
    },
    {
        "reference_article": "N09-1025",
        "citing_article": "W10-1757",
        "citing_text": [
            "Recent work by (Chiang et al., 2009) describes new features for hierarchical phrase-based MT, while (Collins and Koo, 2005) describes features for parsing."
        ]
    },
    {
        "reference_article": "N09-1025",
        "citing_article": "W10-1761",
        "citing_text": [
            "Chiang et al. (2009) added thousands of linguistically-motivated features to hierarchical and syntax systems, however, the source syntax features are derived from the research above."
        ]
    },
    {
        "reference_article": "N09-1025",
        "citing_article": "W10-1761",
        "citing_text": [
            "A non-exhaustive sample is given below"
        ]
    },
    {
        "reference_article": "N09-1025",
        "citing_article": "W10-1761",
        "citing_text": [
            "The model also differs from (Marton and Resnik, 2008; Chiang et al., 2008, 2009) by adding informative labels to rule non-terminals and requiring them to match the source span label."
        ]
    }
]