Index,Reference,Reference Text
0,C08-1014,"['In this two-pass method, translation performance hinges on the N-best hypotheses that are generated in the first pass (since rescoring occurs on these), so adding the translation candidates generated by other MT systems to these hypotheses could potentially improve the performance.', 'This technique is called system combination (Bangalore et al., 2001; Matusov et al., 2006; Sim et al., 2007; Rosti et al., 2007a; Rosti et al., 2007b).']"
1,C08-1014,"['Confusion network and re-decoding have been well studied in the combination of different MT systems (Bangalore et al., 2001; Matusov et al., 2006; Sim et al., 2007; Rosti et al., 2007a; Rosti et al., 2007b).']"
2,C08-1014,"['Bangalore et al.', '(2001), Sim et al.', '(2007), Rosti et al.', '(2007a), and Rosti et al.', '(2007b) chose the hypothesis that best agrees with other hypotheses on average as the skeleton.']"
3,C08-1014,"['Bangalore et al.', '(2001) used a WER based alignment and Sim et al.', '(2007), Rosti et al.', '(2007a), and Rosti et al.', '(2007b) used minimum Translation Error Rate (TER) based alignment to build the confusion network.']"
4,D09-1115,"['In recent several years, the system combination methods based on confusion networks developed rapidly (Bangalore et al., 2001; Matusov et al., 2006; Sim et al., 2007; Rosti et al., 2007a; Rosti et al., 2007b; Rosti et al., 2008; He et al., 2008), which show state-of-the-art performance in benchmarks.']"
5,D09-1115,"['While in lattice decoding, a translation path may skip some nodes as some hypothesis arcs may cross more than one backbone arc. Similar to the features in Rosti et al.', '(2007a), the features adopted by lattice-based model are arc posterior probability, language model probability, the number of null arcs, the number of hypothesis arcs possessing more than one non-null word and the number of all non-null words.']"
6,D09-1115,"['Each arc has different confidences concerned with different systems, and the confidence of system s is denoted by ps(arc).', 'ps(arc) is increased by 1/(k + 1) if the hypothesis ranking k in the system s contains the arc (Rosti et al., 2007a; He et al., 2008).']"
7,N09-2003,['Qc 2009 Association for Computational Linguistics System Combination']
8,P08-2021,"['We build our confusion networks using the method of Rosti et al.', '(2007), but, instead of forming alignments using the tercom script (Snover et al., 2006), we create alignments that minimize invWER (Leusch et al., 2003), a form of edit distance that permits properly nested block movements of substrings.']"
9,P08-2021,"['The procedure described by Rosti et al.', '(2007) has been shown to yield significant improvements in translation quality, and uses an estimate of Translation Error Rate (TER) to guide the alignment.']"
10,P08-2021,"['In fact, it only requires a procedure for creating pairwise alignments of translations that allow appropriate re-orderings.', 'For this, Rosti et al.']"
11,P08-2021,"['ITG-based alignments and tercom-based alignments were also compared in oracle experiments involving confusion networks created through the algorithm of Rosti et al.', '(2007).']"
12,P08-2021,"['Note that the algorithm of Rosti et al.', '(2007) used N -best lists in the combination.']"
13,P11-1125,"['This large grammatical difference may produce a longer sentence with spuriously inserted words, as in I saw the blue trees was found in Figure 1(c).', 'Rosti et al.', '(2007b) partially resolved the problem by constructing a large network in which each hypothesis was treated as a skeleton and the multiple networks were merged into a single network.']"
14,P11-1125,"['Our baseline confusion network system has an additional penalty feature, hp (m), which is the total edits required to construct a confusion network using the mth system hypothesis as a skeleton, normalized by the number of nodes in the network (Rosti et al., 2007b).']"
15,P39_p07,['@2009 Association for Computational Linguistics System Combination']
16,P101121_p07,"['If measures with this property are used to tune a typical statistical MT system, it can sometimes be observed that the MT system learns to play against this, and might even learn to produce translations which show the good features without actually being good translations.', 'For example, Rosti et al.', '(2007) report such an effect.']"
17,Pling_p07,"['In this paper, a system combination based on confusion network (CN) is described.', 'This approach is not new, and numerous publications are available on that subject, see for example, (Rosti et al., 2007); (Shen et al., 2008); (Karakos et al., 2008) and (Leusch et al., 2009).']"
18,Pling_p07,"['This diers from the result of (Rosti et al., 2007) where the nearest hypothesis is computed at each step, which is supposed to be better.']"
19,Psem_p07,['The handicap of using a single reference can be addressed by constructing a lattice of reference translationsthis technique has been used to combine the output of multiple translation systems (Rosti et al. 2007).']
20,Psem_p07,"['In addition, it may also be used as a general-purpose string alignment toolTER has been used for aligning multiple system outputs to each other for MT system combination (Rosti et al. 2007), a task for which TERp may be even better suited.']"
21,W08-0329,"['The recent approaches used pairwise alignment algorithms based on symmetric alignments from a HMM alignment model (Matusov et al., 2006) or edit distance alignments allowing shifts (Rosti et al., 2007).']"
22,W08-0329,"['As in (Rosti et al., 2007), confusion networks built around all skeletons are joined into a lattice which is expanded and re- scored with language models.']"
23,W08-0329,"['Other scores for the word arc are set as in (Rosti et al., 2007).']"
24,W08-0329,"['The first, syscomb pw, corresponds BLEU System deen fren worst 11.84 16.31 best 28.30 33.13 syscomb 29.05 33.63 Table 3']"
25,W09-0441,"['The handicap of using a single reference can be addressed by the construction of a lattice of reference translations.', 'Such a technique has been used with TER to combine the output of multiple translation systems (Rosti et al., 2007).']"
