Index,Reference,Reference Text
0,ABSTRACT,"Recently, confusion network decoding has been applied in machine translation system combination."
1,ABSTRACT,"Due to errors in the hypothesis alignment, decoding may result in ungrammatical combination outputs."
2,ABSTRACT,This paper describes an improved confusion network based method to combine outputs from multiple MT systems.
3,ABSTRACT,"In this approach, arbitrary features may be added log-linearly into the objective function, thus allowing language model expansion and re-scoring."
4,ABSTRACT,"Also, a novel method to automatically select the hypothesis which other hypotheses are aligned against is proposed."
5,ABSTRACT,"A generic weight tuning algorithm may be used to optimize various automatic evaluation metrics including TER, BLEU and METEOR."
6,ABSTRACT,The experiments using the 2005 Arabic to English and Chinese to English NIST MT evaluation tasks show significant improvements in BLEU scores compared to earlier confusion network decoding based methods.
7,Introduction,System combination has been shown to improve classification performance in various tasks.
8,Introduction,There are several approaches for combining classifiers.
9,Introduction,"In ensemble learning, a collection of simple classifiers is used to yield better performance than any single classifier; for example boosting (Schapire, 1990)."
10,Introduction,Another approach is to combine outputs from a few highly specialized classifiers.
11,Introduction,"The classifiers may 312 be based on the same basic modeling techniques but differ by, for example, alternative feature representations."
12,Introduction,"Combination of speech recognition outputs is an example of this approach (Fiscus, 1997)."
13,Introduction,"In speech recognition, confusion network decoding (Mangu et al., 2000) has become widely used in system combination."
14,Introduction,"Unlike speech recognition, current statistical machine translation (MT) systems are based on various different paradigms; for example phrasal, hierarchical and syntax-based systems."
15,Introduction,"The idea of combining outputs from different MT systems to produce consensus translations in the hope of generating better translations has been around for a while (Frederking and Nirenburg, 1994)."
16,Introduction,"Recently, confusion network decoding for MT system combination has been proposed (Bangalore et al., 2001)."
17,Introduction,"To generate confusion networks, hypotheses have to be aligned against each other."
18,Introduction,"In (Bangalore et al., 2001), Levenshtein alignment was used to generate the network."
19,Introduction,"As opposed to speech recognition, the word order between two correct MT outputs may be different and the Levenshtein alignment may not be able to align shifted words in the hypotheses."
20,Introduction,"In (Matusov et al., 2006), different word orderings are taken into account by training alignment models by considering all hypothesis pairs as a parallel corpus using GIZA++ (Och and Ney, 2003)."
21,Introduction,The size of the test set may influence the quality of these alignments.
22,Introduction,"Thus, system outputs from development sets may have to be added to improve the GIZA++ alignments."
23,Introduction,"A modified Levenshtein alignment allowing shifts as in computation of the translation edit rate (TER) (Snover et al., 2006) was used to align hy Proceedings of the 45th Annual Meeting of the Association of Computational Linguistics, pages 312–319, Prague, Czech Republic, June 2007."
24,Introduction,"Qc 2007 Association for Computational Linguistics potheses in (Sim et al., 2007)."
25,Introduction,The alignments from TER are consistent as they do not depend on the test set size.
26,Introduction,"Also, a more heuristic alignment method has been proposed in a different system combination approach (Jayaraman and Lavie, 2005)."
27,Introduction,A full comparison of different alignment methods would be difficult as many approaches require a significant amount of engineering.
28,Introduction,"Confusion networks are generated by choosing one hypothesis as the “skeleton”, and other hypotheses are aligned against it."
29,Introduction,The skeleton defines the word order of the combination output.
30,Introduction,"Minimum Bayes risk (MBR) was used to choose the skeleton in (Sim et al., 2007)."
31,Introduction,The average TER score was computed between each system’s -best hypothesis and all other hypotheses.
32,Introduction,"The MBR hypothesis is the one with the minimum average TER and thus, may be viewed as the closest to all other hypotheses in terms of TER."
33,Introduction,"This work was extended in (Rosti et al., 2007) by introducing system weights for word confidences."
34,Introduction,"However, the system weights did not influence the skeleton selection, so a hypothesis from a system with zero weight might have been chosen as the skeleton."
35,Introduction,"In this work, confusion networks are generated by using the -best output from each system as the skeleton, and prior probabilities for each network are estimated from the average TER scores between the skeleton and other hypotheses."
36,Introduction,All resulting confusion networks are connected in parallel into a joint lattice where the prior probabilities are also multiplied by the system weights.
37,Introduction,The combination outputs from confusion network decoding may be ungrammatical due to alignment errors.
38,Introduction,Also the word-level decoding may break coherent phrases produced by the individual systems.
39,Introduction,"In this work, log-posterior probabilities are estimated for each confusion network arc instead of using votes or simple word confidences."
40,Introduction,This allows a log-linear addition of arbitrary features such as language model (LM) scores.
41,Introduction,The LM scores should increase the total log-posterior of more grammatical hypotheses.
42,Introduction,"Powell’s method (Brent, 1973) is used to tune the system and feature weights simultaneously so as to optimize various automatic evaluation metrics on a development set."
43,Introduction,"Tuning is fully automatic, as opposed to (Matusov et al., 2006) where global system weights were set manually.This paper is organized as follows."
44,Introduction,Three evalu ation metrics used in weights tuning and reporting the test set results are reviewed in Section 2.
45,Introduction,Section 3 describes confusion network decoding for MT system combination.
46,Introduction,"The extensions to add features log-linearly and improve the skeleton selection are presented in Sections 4 and 5, respectively."
47,Introduction,Section 6 details the weights optimization algorithm and the experimental results are reported in Section 7.
48,Introduction,Conclusions and future work are discussed in Section 8.
49,Evaluation Metrics. ,"Currently, the most widely used automatic MT evaluation metric is the NIST BLEU4 (Papineni et al., 2002)."
50,Evaluation Metrics. ,It is computed as the geometric mean of - gram precisions up to -grams between the hypothesis and reference as follows (1) where is the brevity penalty and are the -gram precisions.
51,Evaluation Metrics. ,"When mul tiple references are provided, the -gram counts against all references are accumulated to compute the precisions."
52,Evaluation Metrics. ,"Similarly, full test set scores are obtained by accumulating counts over all hypothesis and reference pairs."
53,Evaluation Metrics. ,"The BLEU scores are between and , higher being better."
54,Evaluation Metrics. ,Often BLEU scores are reported as percentages and “one BLEU point gain” usually means a BLEU increase of . Other evaluation metrics have been proposed to replace BLEU.
55,Evaluation Metrics. ,"It has been argued that METEOR correlates better with human judgment due to higher weight on recall than precision (Banerjee and Lavie, 2005)."
56,Evaluation Metrics. ,"METEOR is based on the weighted harmonic mean of the precision and recall measured on uni- gram matches as follows (2) where is the total number of unigram matches, is the hypothesis length, is the reference length and is the minimum number of -gram matches that covers the alignment."
57,Evaluation Metrics. ,"The second term is a fragmentation penalty which penalizes the harmonic mean by a factor of up to when ; i.e., there are no matching -grams higher than . By default, METEOR script counts the words that match exactly, and words that match after a simple Porter stemmer."
58,Evaluation Metrics. ,Additional matching modules including WordNet stemming and synonymy may also be used.
59,Evaluation Metrics. ,"When multiple references are provided, the lowest score is reported."
60,Evaluation Metrics. ,Full test set scores are obtained by accumulating statistics over all test sentences.
61,Evaluation Metrics. ,"The METEOR scores are also between and , higher being better."
62,Evaluation Metrics. ,The scores in the results section are reported as percentages.
63,Evaluation Metrics. ,"Translation edit rate (TER) (Snover et al., 2006)has been proposed as more intuitive evaluation met 1."
64,Evaluation Metrics. ,Each arc represents an alternative word at that.
65,Evaluation Metrics. ,position in the sentence and the number of votes for each word is marked in parentheses.
66,Evaluation Metrics. ,Confusion network decoding usually requires finding the path with the highest confidence in the network.
67,Evaluation Metrics. ,"Based on vote counts, there are three alternatives in the example: “cat sat on the mat”, “cat on the mat” and “cat sitting on the mat”, each having accumulated 10 votes."
68,Evaluation Metrics. ,"The alignment procedure plays an important role, as by switching the position of the word ‘sat’ and the following NULL in the skeleton, there would be a single highest scoring path through the network; that is, “cat on the mat”."
69,Evaluation Metrics. ,ric since it is based on the rate of edits required to transform the hypothesis into the reference.
70,Evaluation Metrics. ,The cat (2) sat (1) on (2) the (2) mat (3) TER score is computed as follows 1 2 3 4 5 6 (3) hat (1) sitting (1) a (1) where is the reference length.
71,Evaluation Metrics. ,The only difference to word error rate is that the TER allows shifts.
72,Evaluation Metrics. ,A shift of a sequence of words is counted as a single edit.
73,Evaluation Metrics. ,The minimum translation edit alignment is usually found through a beam search.
74,Evaluation Metrics. ,"When multiple references are provided, the edits from the closest reference are divided by the average reference length."
75,Evaluation Metrics. ,Full test set scores are obtained by accumulating the edits and the average reference lengths.
76,Evaluation Metrics. ,"The perfect TER score is 0, and otherwise higher than zero."
77,Evaluation Metrics. ,The TER score may also be higher than 1 due to insertions.
78,Evaluation Metrics. ,Also TER is reported as a percentage in the results section.
79,Confusion Network Decoding. ,Confusion network decoding in MT has to pick one hypothesis as the skeleton which determines the word order of the combination.
80,Confusion Network Decoding. ,The other hypotheses are aligned against the skeleton.
81,Confusion Network Decoding. ,Either votes or some form of confidences are assigned to each word in the network.
82,Confusion Network Decoding. ,"For example using “cat sat the mat” as the skeleton, aligning “cat sitting on the mat” and “hat on a mat” against it might yield the following alignments: cat sat the mat cat sitting on the mat hat on a mat where represents a NULL word."
83,Confusion Network Decoding. ,"In graphical form, the resulting confusion network is shown in Figure Figure 1: Example consensus network with votes on word arcs."
84,Confusion Network Decoding. ,Different alignment methods yield different confusion networks.
85,Confusion Network Decoding. ,The modified Levenshtein alignment as used in TER is more natural than simple edit distance such as word error rate since machine translation hypotheses may have different word orders while having the same meaning.
86,Confusion Network Decoding. ,"As the skeleton determines the word order, the quality of the combination output also depends on which hypothesis is chosen as the skeleton."
87,Confusion Network Decoding. ,"Since the modified Levenshtein alignment produces TER scores between the skeleton and the other hypotheses, a natural choice for selecting the skeleton is the minimum average TER score."
88,Confusion Network Decoding. ,The hypothesis resulting in the lowest average TER score when aligned against all other hypotheses is chosen as the skeleton as follows (4) where is the number of systems.
89,Confusion Network Decoding. ,"This is equivalent to minimum Bayes risk decoding with uniform posterior probabilities (Sim et al., 2007)."
90,Confusion Network Decoding. ,Other evaluation metrics may also be used as the MBR loss function.
91,Confusion Network Decoding. ,"For BLEU and METEOR, the loss function would be and . It has been found that multiple hypotheses from each system may be used to improve the quality of the combination output (Sim et al., 2007)."
92,Confusion Network Decoding. ,"When using -best lists from each system, the words may be assigned a different score based on the rank of the hypothesis."
93,Confusion Network Decoding. ,"In (Rosti et al., 2007), simple score was assigned to the word coming from the th- best hypothesis."
94,Confusion Network Decoding. ,"Due to the computational burden of the TER alignment, only -best hypotheses were considered as possible skeletons, and hypotheses per system were aligned."
95,Confusion Network Decoding. ,Similar approach to estimate word posteriors is adopted in this work.
96,Confusion Network Decoding. ,System weights may be used to assign a system specific confidence on each word in the network.
97,Confusion Network Decoding. ,The weights may be based on the systems’ relative performance on a separate development set or they may be automatically tuned to optimize some evaluation metric on the development set.
98,Confusion Network Decoding. ,"In (Rosti et al., 2007), the total confidence of the th best confusion network hypothesis , including NULL words, given the th source sentence was given by (5) word-level decoding."
99,Confusion Network Decoding. ,"For example, two synonymous words may be aligned to other words not already aligned, which may result in repetitive output."
100,Confusion Network Decoding. ,"Second, the additive confidence scores in Equation 5 have no probabilistic meaning and cannot therefore be combined with language model scores."
101,Confusion Network Decoding. ,Language model expansion and re-scoring may help by increasing the probability of more grammatical hypotheses in decoding.
102,Confusion Network Decoding. ,"Third, the system weights are independent of the skeleton selection."
103,Confusion Network Decoding. ,"Therefore, a hypothesis from a system with a low or zero weight may be chosen as the skeleton."
104,Log-Linear Combination with Arbitrary. ,"Features To address the issue with ungrammatical hypotheses and allow language model expansion and re-scoring, the hypothesis confidence computation is modified."
105,Log-Linear Combination with Arbitrary. ,"Instead of summing arbitrary confidence scores as in Equation 5, word posterior probabilities are used as follows (6) where is the number of nodes in the confusion network for the source sentence , is the number of translation systems, is the th system weight, is the accumulated confidence for word produced by system between nodes and , and is a weight for the number of NULL links along the hypothesis . The word confidences were increased by if the word aligns between nodes and in the network."
106,Log-Linear Combination with Arbitrary. ,"If no word aligns between nodes and , the NULL word confidence at that position was increased by . The last term controls the number of NULL words generated in the output and may be viewed as an insertion penalty."
107,Log-Linear Combination with Arbitrary. ,Each arc in the confusion network carries the word label and scores . The decoder outputs the hypothesis with the highest given the current set of weights.
108,Log-Linear Combination with Arbitrary. ,3.1 Discussion.
109,Log-Linear Combination with Arbitrary. ,There are several problems with the previous confusion network decoding approaches.
110,Log-Linear Combination with Arbitrary. ,"First, the decoding can generate ungrammatical hypotheses due to alignment errors and phrases broken by the where is the language model weight, is the LM log-probability and is the number of words in the hypothesis . The word posteriors are estimated by scaling the confidences to sum to one for each system over all words in between nodes and . The system weights are also constrained to sum to one."
111,Log-Linear Combination with Arbitrary. ,Equation 6 may be viewed as a log-linear sum of sentence- level features.
112,Log-Linear Combination with Arbitrary. ,"The first feature is the sum of word log-posteriors, the second is the LM log-probability, the third is the log-NULL score and the last is the log-length score."
113,Log-Linear Combination with Arbitrary. ,The last two terms are not completely independent but seem to help based on experimental results.
114,Log-Linear Combination with Arbitrary. ,The number of paths through a confusion network grows exponentially with the number of nodes.
115,Log-Linear Combination with Arbitrary. ,Therefore expanding a network with an -gram language model may result in huge lattices if is high.
116,Log-Linear Combination with Arbitrary. ,"Instead of high order -grams with heavy pruning, a bi-gram may first be used to expand the lattice."
117,Log-Linear Combination with Arbitrary. ,"After optimizing one set of weights for the expanded confusion network, a second set of weights for - best list re-scoring with a higher order -gram model may be optimized."
118,Log-Linear Combination with Arbitrary. ,"On a test set, the first set of weights is used to generate an -best list from the bi-gram expanded lattice."
119,Log-Linear Combination with Arbitrary. ,This -best list is then re-scored with the higher order -gram.
120,Log-Linear Combination with Arbitrary. ,The second set of weights is used to find the final -best from the re-scored -best list.
121,Multiple Confusion Network Decoding. ,"As discussed in Section 3, there is a disconnect between the skeleton selection and confidence estimation."
122,Multiple Confusion Network Decoding. ,"To prevent the -best from a system with a low or zero weight being selected as the skeleton, confusion networks are generated for each system and the average TER score in Equation 4 is used to estimate a prior probability for the corresponding network."
123,Multiple Confusion Network Decoding. ,All confusion networks are connected to a single start node with NULL arcs which contain the prior probability from the system used as the skeleton for that network.
124,Multiple Confusion Network Decoding. ,All confusion network are connected to a common end node with NULL arcs.
125,Multiple Confusion Network Decoding. ,The final arcs have a probability of one.
126,Multiple Confusion Network Decoding. ,The prior probabilities in the arcs leaving the first node will be multiplied by the corresponding system weights which guarantees that a path through a network generated around a -best from a system with a zero weight will not be chosen.
127,Multiple Confusion Network Decoding. ,The prior probabilities are estimated by viewing the negative average TER scores between the skeleton and other hypotheses as log-probabilities.
128,Multiple Confusion Network Decoding. ,These log-probabilities are scaled so that the priors sum to one.
129,Multiple Confusion Network Decoding. ,There is a concern that the prior probabilities estimated this way may be inaccurate.
130,Multiple Confusion Network Decoding. ,"Therefore, the priors may have to be smoothed by a tunable exponent."
131,Multiple Confusion Network Decoding. ,"However, the optimization experiments showed that the best performance was obtained by having a smoothing factor of 1 which is equivalent to the original priors."
132,Multiple Confusion Network Decoding. ,"Thus, no smoothing was used in the experiments presented later in this paper."
133,Multiple Confusion Network Decoding. ,An example joint network with the priors is shown in Figure 2.
134,Multiple Confusion Network Decoding. ,"This example has three confusion networks with priors , and . The total number of nodes in the network is represented by . Similar combination of multiple confusion networks was presented in (Matusov et al., 2006)."
135,Multiple Confusion Network Decoding. ,"However, this approach did not include sentence 1 Na."
136,Multiple Confusion Network Decoding. ,Figure 2: Three confusion networks with prior probabilities.
137,Multiple Confusion Network Decoding. ,"specific prior estimates, word posterior estimates, and did not allow joint optimization of the system and feature weights."
138,Weights Optimization. ,"The optimization of the system and feature weights may be carried out using -best lists as in (Ostendorf et al., 1991)."
139,Weights Optimization. ,"A confusion network may be represented by a word lattice and standard tools may be used to generate -best hypothesis lists including word confidence scores, language model scores and other features."
140,Weights Optimization. ,The -best list may be reordered using the sentence-level posteriors from Equation 6 for the th source sentence and the corresponding th hypothesis . The current -best hypothesis given a set of weights may be represented as follows (7) The objective is to optimize the -best score on a development set given a set of reference translations.
141,Weights Optimization. ,"For example, estimating weights which minimize TER between a set of -best hypothesis and reference translations can be written as (8) This objective function is very complicated, so gradient-based optimization methods may not be used."
142,Weights Optimization. ,"In this work, modified Powell’s method as proposed by (Brent, 1973) is used."
143,Weights Optimization. ,The algorithm explores better weights iteratively starting from a set of initial weights.
144,Weights Optimization. ,"First, each dimension is optimized using a grid-based line minimization algorithm."
145,Weights Optimization. ,"Then, a new direction based on the changes in the objective function is estimated to speed up the search."
146,Weights Optimization. ,"To improve the chances of finding a global optimum, 19 random perturbations of the initial weights are used in parallel optimization runs."
147,Weights Optimization. ,"Since the -best list represents only a small portion of all hypotheses in the confusion network, the optimized weights from one iteration may be used to generate a new -best list from the lattice for the next iteration."
148,Weights Optimization. ,"Similarly, weights which maximize BLEU or METEOR may be optimized."
149,Weights Optimization. ,"The same Powell’s method has been used to estimate feature weights of a standard feature-based phrasal MT decoder in (Och, 2003)."
150,Weights Optimization. ,A more efficient algorithm for log-linear models was also proposed.
151,Weights Optimization. ,"In this work, both the system and feature weights are jointly optimized, so the efficient algorithm for the log-linear models cannot be used."
152,Results. ,"The improved system combination method was compared to a simple confusion network decoding without system weights and the method proposed in (Rosti et al., 2007) on the Arabic to English and Chinese to English NIST MT05 tasks."
153,Results. ,"Six MT systems were combined: three (A,C,E) were phrase- based similar to (Koehn, 2004), two (B,D) were hierarchical similar to (Chiang, 2005) and one (F) was syntax-based similar to (Galley et al., 2006)."
154,Results. ,All systems were trained on the same data and the outputs used the same tokenization.
155,Results. ,"The decoder weights for systems A and B were tuned to optimize TER, and others were tuned to optimize BLEU."
156,Results. ,All decoder weight tuning was done on the NIST MT02 task.
157,Results. ,The joint confusion network was expanded with a bi-gram language model and a -best list was generated from the lattice for each tuning iteration.
158,Results. ,The system and feature weights were tuned on the union of NIST MT03 and MT04 tasks.
159,Results. ,All four reference translations available for the tuning and test sets were used.
160,Results. ,A first set of weights with the bi- gram LM was optimized with three iterations.
161,Results. ,A second set of weights was tuned for 5-gram -best list re-scoring.
162,Results. ,The bi-gram and 5-gram English language models were trained on about 7 billion words.
163,Results. ,The final combination outputs were detokenized and cased before scoring.
164,Results. ,The tuning set results on the Arabic to English NIST MT03+MT04 task are shown in Table 1.
165,Results. ,"The Ar ab ic tu ni ng T E R B L E U M T R s y s t e m A s y s t e m B s y s t e m C s y s t e m D s y s t e m E s y s t e m F 44 .9 3 46 .4 1 46 .1 0 44 .3 6 45 .3 5 47 .1 0 45 .7 1 43 .0 7 46 .4 1 46 .8 3 45 .4 4 44 .5 2 66 .0 9 64 .7 9 65 .3 3 66 .9 1 65 .6 9 65 .2 8 no we ig hts ba sel in e 42 .3 5 42 .1 9 48 .9 1 49 .8 6 67 .7 6 68 .3 4 T E R t u n e d B L E U t u n e d M T R t u n e d 41 .8 8 42 .1 2 54 .0 8 51 .4 5 51 .7 2 38 .9 3 68 .6 2 68 .5 9 71 .4 2 Table 1: Mixed-case TER and BLEU, and lowercase METEOR scores on Arabic NIST MT03+MT04."
166,Results. ,"Ar ab ic tes t T E R B L E U M T R s y s t e m A s y s t e m B s y s t e m C s y s t e m D s y s t e m E s y s t e m F 42 .9 8 43 .7 9 43 .9 2 40 .7 5 42 .1 9 44 .3 0 49 .5 8 47 .0 6 47 .8 7 52 .0 9 50 .8 6 50 .1 5 69 .8 6 68 .6 2 66 .9 7 71 .2 3 70 .0 2 69 .7 5 no we ig hts ba sel in e 39 .3 3 39 .2 9 53 .6 6 54 .5 1 71 .6 1 72 .2 0 T E R t u n e d B L E U t u n e d M T R t u n e d 39 .1 0 39 .1 3 51 .5 6 55 .3 0 55 .4 8 41 .7 3 72 .5 3 72 .8 1 74 .7 9 Table 2: Mixed-case TER and BLEU, and lowercase METEOR scores on Arabic NIST MT05."
167,Results. ,best score on each metric is shown in bold face fonts.
168,Results. ,The row labeled as no weights corresponds to Equation 5 with uniform system weights and zero NULL weight.
169,Results. ,The baseline corresponds to Equation 5 with TER tuned weights.
170,Results. ,The following three rows correspond to the improved confusion network decoding with different optimization metrics.
171,Results. ,"As expected, the scores on the metric used in tuning are the best on that metric."
172,Results. ,"Also, the combination results are better than any single system on all metrics in the case of TER and BLEU tuning."
173,Results. ,"However, the METEOR tuning yields extremely high TER and low BLEU scores."
174,Results. ,"This must be due to the higher weight on the recall compared to precision in the harmonic mean used to compute the METEOR Ch in es e tu ni ng T E R B L E U M T R s y s t e m A s y s t e m B s y s t e m C s y s t e m D s y s t e m E s y s t e m F 56 .5 6 55 .8 8 58 .3 5 57 .0 9 57 .6 9 56 .1 1 29 .3 9 30 .4 5 32 .8 8 36 .1 8 33 .8 5 36 .6 4 54 .5 4 54 .3 6 56 .7 2 57 .1 1 58 .2 8 58 .9 0 no we ig hts ba sel in e 53 .1 1 53 .4 0 37 .7 7 38 .5 2 59 .1 9 59 .5 6 T E R t u n e d B L E U t u n e d M T R t u n e d 52 .1 3 53 .0 3 70 .2 7 36 .8 7 39 .9 9 28 .6 0 57 .3 0 58 .9 7 63 .1 0 Table 3: Mixed-case TER and BLEU, and lowercase METEOR scores on Chinese NIST MT03+MT04."
175,Results. ,score.
176,Results. ,"Even though METEOR has been shown to be a good metric on a given MT output, tuning to optimize METEOR results in a high insertion rate and low precision."
177,Results. ,The Arabic test set results are shown in Table 2.
178,Results. ,The TER and BLEU optimized combination results beat all single system scores on all metrics.
179,Results. ,The best results on a given metric are again obtained by the combination optimized for the corresponding metric.
180,Results. ,It should be noted that the TER optimized combination has significantly higher BLEU score than the TER optimized baseline.
181,Results. ,"Compared to the baseline system which is also optimized for TER, the BLEU score is improved by 0.97 points."
182,Results. ,"Also, the METEOR score using the METEOR optimized weights is very high."
183,Results. ,"However, the other scores are worse in common with the tuning set results."
184,Results. ,The tuning set results on the Chinese to English NIST MT03+MT04 task are shown in Table 3.
185,Results. ,The baseline combination weights were tuned to optimize BLEU.
186,Results. ,"Again, the best scores on each metric are obtained by the combination tuned for that metric."
187,Results. ,Only the METEOR score of the TER tuned combination is worse than the METEOR scores of systems E and F - other combinations are better than any single system on all metrics apart from the METEOR tuned combinations.
188,Results. ,"The test set results follow clearly the tuning results again - the TER tuned combination is the best in terms of TER, the BLEU tuned in terms of BLEU, and the METEOR tuned in Table 4: Mixed-case TER and BLEU, and lowercase METEOR scores on Chinese NIST MT05."
189,Results. ,terms of METEOR.
190,Results. ,"Compared to the baseline, the BLEU score of the BLEU tuned combination is improved by 1.47 points."
191,Results. ,"Again, the METEOR tuned weights hurt the other metrics significantly."
192,Conclusions. ,An improved confusion network decoding method combining the word posteriors with arbitrary features was presented.
193,Conclusions. ,This allows the addition of language model scores by expanding the lattices or re-scoring -best lists.
194,Conclusions. ,The LM integration should result in more grammatical combination outputs.
195,Conclusions. ,"Also, confusion networks generated by using the -best hypothesis from all systems as the skeleton were used with prior probabilities derived from the average TER scores."
196,Conclusions. ,This guarantees that the best path will not be found from a network generated for a system with zero weight.
197,Conclusions. ,"Compared to the earlier system combination approaches, this method is fully automatic and requires very little additional information on top of the development set outputs from the individual systems to tune the weights."
198,Conclusions. ,The new method was evaluated on the Arabic to English and Chinese to English NIST MT05 tasks.
199,Conclusions. ,"Compared to the baseline from (Rosti et al., 2007), the new method improves the BLEU scores significantly."
200,Conclusions. ,"The combination weights were tuned to optimize three automatic evaluation metrics: TER, BLEU and METEOR."
201,Conclusions. ,The TER tuning seems to yield very good results on Arabic - the BLEU tuning seems to be better on Chinese.
202,Conclusions. ,It also seems like METEOR should not be used in tuning due to high insertion rate and low precision.
203,Conclusions. ,It would be interesting to know which tuning metric results in the best translations in terms of human judgment.
204,Conclusions. ,"However, this would require time consuming evaluations such as human mediated TER post-editing (Snover et al., 2006)."
205,Conclusions. ,The improved confusion network decoding approach allows arbitrary features to be used in the combination.
206,Conclusions. ,New features may be added in the future.
207,Conclusions. ,Hypothesis alignment is also very important in confusion network generation.
208,Conclusions. ,Better alignment methods which take synonymy into account should be investigated.
209,Conclusions. ,This method could also benefit from more sophisticated word posterior estimation.
210,Acknowledgments,This work was supported by DARPA/IPTO Contract No.
211,Acknowledgments,"HR001106-C-0022 under the GALE program (approved for public release, distribution unlimited)."
212,Acknowledgments,The authors would like to thank ISI and University of Edinburgh for sharing their MT system outputs.
