Index,Reference,Reference Text
0,D12-1016,['GigaPairs has been derived from Gigaword using the pairwise similarity method on headlines presented by Wubben et al. (2009) ']
1,D13-1155,"['Similarly to previous work (Dolan et al., 2004; Wubben et al., 2009; Bejan & Harabagiu, 2010, inter alia), the Google News service3 was used to identify news.']"
2,PS15684-W09,['Wubben et al. have compared Clustering against pairwise matching for extracting paraphrases from news corpora [9].']
3,PS15684-W09,['The obtained results have been compared with that of the Paraphrase Acquisition system developed by Wubben et al. [9].']
4,PS15684-W09,"['Besides Wubben et al.s systems, a Fuzzy C-Means (FCM) clustering approach has also been adopted.']"
5,PS15684-W09,"['Wubben et al. have attempted k-means clustering, while the proposed system uses fuzzy clustering.']"
6,PS15684-W09,"['However, the proposed system performs better than Wubben et al.s approaches as well as FCM Clustering for Paraphrase Extraction.']"
7,PS15684-W09,"['The proposed system, the existing systems (Wubben et al.) and FCM Clustering approach were tested on this dataset.']"
8,PS15684-W09,"['Approach Accuracy % Precision % Recall % F-Measure % Fernando et al. (2008) [40] 74.1 75.2 91.3 82.4 Mihalcea et al. (2006) [41] 70.3 69.6 97.7 81.3 Proposed system variant WSD, threshold = 0.2, top 50% 66.4 81.0 65.2 72.3 Cosine similarity, threshold = 0.7 (Wubben et al. [9]) 62.5 80.5 56.6 66.5 k-Means clustering (Wubben et al. [9]) 60.6 70.6 71.0 70.8 FCM clustering 36.2 68.1 9.5 16.7 Table 6 Performance of proposed system on MSRVDC Dataset 1.']"
9,W10-4223,"['This method, described in earlier work Wubben et al. (2009), was reported to yield a precision of 0.76 and a recall of 0.41 on clustering actual Dutch paraphrases in a headline corpus.']"
10,w11-1604,"['So-called comparable monolingual corpora, for instance independently written news reports describing the same event, in which some pairs of sentences exhibit partial semantic overlap have also been investigated (Shinyama et al., 2002; Barzilay and Lee, 2003; Shen et al., 2006; Wubben et al., 2009) The first manually collected paraphrase corpus is the Microsoft Research Paraphrase (MSRP) Corpus (Dolan et al., 2004), consisting of 5,801 sentence pairs, sampled from a larger corpus of news articles.']"
11,w11-1604,"['To investigate the effect of the amount of training data on results, we also train a phrase-based model on more data by adding more aligned headlines originating from data crawled in 2010 and aligned using (i i=LD(1..8)  Ni  N I STi)tf.idf scores over headline clusters and Cosine sim ilarity as described in (Wubben et al., 2009), resulting in an extra 612,158 aligned headlines.']"
