<PAPER>
	<ABSTRACT>
		<S sid ="1" ssid = "1">For developing a data-driven text rewriting algorithm for paraphrasing, it is essential to have a monolingual corpus of aligned paraphrased sentences.</S>
		<S sid ="2" ssid = "2">News article headlines are a rich source of paraphrases; they tend to describe the same event in various different ways, and can easily be obtained from the web.</S>
		<S sid ="3" ssid = "3">We compare two methods of aligning headlines to construct such an aligned corpus of paraphrases, one based on clustering, and the other on pairwise similarity-based matching.</S>
		<S sid ="4" ssid = "4">We show that the latter performs best on the task of aligning paraphrastic headlines.</S>
	</ABSTRACT>
	<SECTION title="Introduction" number = "1">
			<S sid ="5" ssid = "5">In recent years, text-to-text generation has received increasing attention in the field of Natural Language Generation (NLG).</S>
			<S sid ="6" ssid = "6">In contrast to traditional concept-to-text systems, text-to-text generation systems convert source text to target text, where typically the source and target text share the same meaning to some extent.</S>
			<S sid ="7" ssid = "7">Applications of text-to-text generation include sum- marization (Knight and Marcu, 2002), question- answering (Lin and Pantel, 2001), and machine translation.</S>
			<S sid ="8" ssid = "8">For text-to-text generation it is important to know which words and phrases are semantically close or exchangable in which contexts.</S>
			<S sid ="9" ssid = "9">While there are various resources available that capture such knowledge at the word level (e.g., synset knowledge in WordNet), this kind of information is much harder to get by at the phrase level.</S>
			<S sid ="10" ssid = "10">Therefore, paraphrase acquisition can be considered an important technology for producing resources for text-to-text generation.</S>
			<S sid ="11" ssid = "11">Paraphrase generation has already proven to be valuable for Question Answering (Lin and Pantel, 2001; Riezler et al., 2007), Machine Translation (CallisonBurch et al., 2006) and the evaluation thereof (RussoLassner et al., 2006; Kauchak and Barzilay, 2006; Zhou et al., 2006), but also for text simplification and explanation.</S>
			<S sid ="12" ssid = "12">In the study described in this paper, we make an effort to collect Dutch paraphrases from news article headlines in an unsupervised way to be used in future paraphrase generation.</S>
			<S sid ="13" ssid = "13">News article headlines are abundant on the web, and are already grouped by news aggregators such as Google News.</S>
			<S sid ="14" ssid = "14">These services collect multiple articles covering the same event.</S>
			<S sid ="15" ssid = "15">Crawling such news aggregators is an effective way of collecting related articles which can straightforwardly be used for the acquisition of paraphrases (Dolan et al., 2004; Nelken and Shieber, 2006).</S>
			<S sid ="16" ssid = "16">We use this method to collect a large amount of aligned paraphrases in an automatic fashion.</S>
	</SECTION>
	<SECTION title="Method. " number = "2">
			<S sid ="17" ssid = "1">We aim to build a high-quality paraphrase corpus.</S>
			<S sid ="18" ssid = "2">Considering the fact that this corpus will be the basic resource of a paraphrase generation system, we need it to be as free of errors as possible, because errors will propagate throughout the system.</S>
			<S sid ="19" ssid = "3">This implies that we focus on obtaining a high precision in the paraphrases collection process.</S>
			<S sid ="20" ssid = "4">Where previous work has focused on aligning news-items at the paragraph and sentence level (Barzilay and Elhadad, 2003), we choose to focus on aligning the headlines of news articles.</S>
			<S sid ="21" ssid = "5">We think this approach will enable us to harvest reliable training material for paraphrase generation quickly and efficiently, without having to worry too much about the problems that arise when trying to align complete news articles.</S>
			<S sid ="22" ssid = "6">For the development of our system we use data which was obtained in the DAESO-project.</S>
			<S sid ="23" ssid = "7">This project is an ongoing effort to build a Parallel Monolingual Treebank for Dutch (Marsi Proceedings of the 12th European Workshop on Natural Language Generation, pages 122–125, Athens, Greece, 30 – 31 March 2009.</S>
			<S sid ="24" ssid = "8">Qc 2009 Association for Computational Linguistics document, and each original cluster as a collection of documents.</S>
			<S sid ="25" ssid = "9">For each stemmed word i in sentence j, T Fi,j is a binary variable indicating if the word occurs in the sentence or not.</S>
			<S sid ="26" ssid = "10">The T F ∗I DF score is then: TF.IDFi = T Fi,j · log | Table 1: Part of a sample headline cluster, with sub-clusters and Krahmer, 2007) and will be made available through the Dutch HLT Agency.</S>
			<S sid ="27" ssid = "11">Part of the data in the DAESO-corpus consists of headline clusters crawled from Google News Netherlands in the period April–August 2006.</S>
			<S sid ="28" ssid = "12">For each news article, the headline and the first 150 characters of the article were stored.</S>
			<S sid ="29" ssid = "13">Roughly 13,000 clusters were retrieved.</S>
			<S sid ="30" ssid = "14">Table 1 shows part of a (translated) cluster.</S>
			<S sid ="31" ssid = "15">It is clear that although clusters deal roughly with one subject, the headlines can represent quite a different perspective on the content of the article.</S>
			<S sid ="32" ssid = "16">To obtain only paraphrase pairs, the clusters need to be more coherent.</S>
			<S sid ="33" ssid = "17">To that end 865 clusters were manually subdivided into sub-clusters of headlines that show clear semantic overlap.</S>
			<S sid ="34" ssid = "18">Sub- clustering is no trivial task, however.</S>
			<S sid ="35" ssid = "19">Some sentences are very clearly paraphrases, but consider for instance the last two sentences in the example.</S>
			<S sid ="36" ssid = "20">They do paraphrase each other to some extent, but their relation can only be understood properly with |{dj : ti ∈ dj }| |D| is the total number of sentences in the cluster and |{dj : ti ∈ dj }| is the number of sen tences that contain the term ti.</S>
			<S sid ="37" ssid = "21">These scores are used in a vector space representation.</S>
			<S sid ="38" ssid = "22">The similarity between headlines can be calculated by using a similarity function on the headline vectors, such as cosine similarity.</S>
			<S sid ="39" ssid = "23">2.1 Clustering.</S>
			<S sid ="40" ssid = "24">Our first approach is to use a clustering algorithm to cluster similar headlines.</S>
			<S sid ="41" ssid = "25">The original Google News headline clusters are reclustered into finer grained sub-clusters.</S>
			<S sid ="42" ssid = "26">We use the k-means implementation in the CLUTO1 software package.</S>
			<S sid ="43" ssid = "27">The k-means algorithm is an algorithm that assigns k centers to represent the clustering of n points (k &lt; n) in a vector space.</S>
			<S sid ="44" ssid = "28">The total intra-cluster variances is minimized by the function k V = (xj − µi)2 i=1 xj ∈Si where µi is the centroid of all the points xj ∈ Si.The PK1 cluster-stopping algorithm as pro posed by Pedersen and Kulkarni (2006) is used to find the optimal k for each sub-cluster: C r(k) − mean(C r[1...∆K ]) world knowledge.</S>
			<S sid ="45" ssid = "29">Also, there are numerous headlines that can not be sub-clustered, such as the first P K 1(k) = std(C r[1...∆K ]) three headlines shown in the example.</S>
			<S sid ="46" ssid = "30">We use these annotated clusters as development and test data in developing a method to automatically obtain paraphrase pairs from headline clusters.</S>
			<S sid ="47" ssid = "31">We divide the annotated headline clusters in a development set of 40 clusters, while the remainder is used as test data.</S>
			<S sid ="48" ssid = "32">The headlines are stemmed using the porter stemmer for Dutch (Kraaij and Pohlmann, 1994).</S>
			<S sid ="49" ssid = "33">Instead of a word overlap measure as used byHere, C r is a criterion function, which mea sures the ratio of withincluster similarity to betweencluster similarity.</S>
			<S sid ="50" ssid = "34">As soon as P K 1(k) ex ceeds a threshold, k − 1 is selected as the optimum number of clusters.</S>
			<S sid ="51" ssid = "35">To find the optimal threshold value for cluster- stopping, optimization is performed on the development data.</S>
			<S sid ="52" ssid = "36">Our optimization function is an F - score: (1 + β2) · (precision · recall) Barzilay and Elhadad (2003), we use a modified Fβ = (β2 precision + recall) T F ∗I DF word score as was suggested by Nelken · and Shieber (2006).</S>
			<S sid ="53" ssid = "37">Each sentence is viewed as a 1 http://glaros.dtc.umn.edu/gkhome/views/cluto/ We evaluate the number of aligments between possible paraphrases.</S>
			<S sid ="54" ssid = "38">For instance, in a cluster of four sentences, 4) = 6 alignments can be made.</S>
			<S sid ="55" ssid = "39">In our case, precision is the number of alignments retrieved from the clusters which are relevant, divided by the total number of retrieved alignments.</S>
			<S sid ="56" ssid = "40">Recall is the number of relevant retrieved aligments divided by the total number of relevant alignments.</S>
			<S sid ="57" ssid = "41">We use an Fβ -score with a β of 0.25 as we favour precision over recall.</S>
			<S sid ="58" ssid = "42">We do not want to optimize on precision alone, because we still want to retrieve a fair amount of paraphrases and not only the ones that are very similar.</S>
			<S sid ="59" ssid = "43">Through optimization on our development set, we find an optimal threshold for the PK1 algorithm thpk1 = 1.</S>
			<S sid ="60" ssid = "44">For each original cluster, k-means clustering is then performed using the k found by the cluster stopping function.</S>
			<S sid ="61" ssid = "45">In each newly obtained cluster all headlines can be aligned to each other.</S>
			<S sid ="62" ssid = "46">2.2 Pairwise similarity.</S>
			<S sid ="63" ssid = "47">Our second approach is to calculate the similarity between pairs of headlines directly.</S>
			<S sid ="64" ssid = "48">If the similarity exceeds a certain threshold, the pair is accepted as a paraphrase pair.</S>
			<S sid ="65" ssid = "49">If it is below the threshold, it is rejected.</S>
			<S sid ="66" ssid = "50">However, as Barzilay and Elhadad (2003) have pointed out, sentence mapping in this way is only effective to a certain extent.</S>
			<S sid ="67" ssid = "51">Beyond that point, context is needed.</S>
			<S sid ="68" ssid = "52">With this in mind, we adopt two thresholds and the Cosine similarity function to calculate the similarity between two sentences: cos(θ) = V 1 · V 2 V 1 V 2 where V 1 and V 2 are the vectors of the two sentences being compared.</S>
			<S sid ="69" ssid = "53">If the similarity is higher than the upper threshold, it is accepted.</S>
			<S sid ="70" ssid = "54">If it is lower than the lower theshold, it is rejected.</S>
			<S sid ="71" ssid = "55">In the remaining case of a similarity between the two thresholds, similarity is calculated over the contexts of the two headlines, namely the text snippet that was retrieved with the headline.</S>
			<S sid ="72" ssid = "56">If this similarity exceeds the upper threshold, it is accepted.</S>
			<S sid ="73" ssid = "57">Threshold values as found by optimizing on the development data using again an F0.25-score, are T hlower = 0.2 and T hupper = 0.5.</S>
			<S sid ="74" ssid = "58">An optional final step is to add alignments that are implied by previous alignments.</S>
			<S sid ="75" ssid = "59">For instance, if headline A is paired with headline B, and headline B is aligned to headline C , headline A can be aligned to C as Ty pe Precision Recallk m ea ns cl us ter in g 0.91 0.43 clu ste rs on lyk m ea ns cl us ter in g 0.66 0.44 all he ad lin es pa irw ise si mi lar ity 0.93 0.39 clu ste rs on ly pa irw ise si mi lar ity 0.76 0.41 all he ad lin es Table 2: Precision and Recall for both methods Pl ay st ati on 3 m or e ex pe nsi ve th an co m pe tit or P l a y s t a t i o n 3 w i l l b e c o m e m o r e e x p e n s i v e t h a n X b o x 3 6 0 So ny po stp on es Blu Ra y m ov ie s So ny po stp on es co mi ng of blu ra y dv ds Pri ce s Pl ay st ati on 3 kn ow n: fro m 49 9 eu ro s E3 20 06 : Pl ay st ati on 3 fro m 49 9 eu ro s So ny PS 3 wi th Blu R ay for sal e fro m No ve m be r 11 th PS 3 av ail abl e in Eu ro pe fro m No ve m be r 17 th Table 3: Examples of correct (above) and incorrect (below) alignments well.</S>
			<S sid ="76" ssid = "60">We do not add these alignments, because in particular in large clusters when one wrong alignment is made, this process chains together a large amount of incorrect alignments.</S>
	</SECTION>
	<SECTION title="Results. " number = "3">
			<S sid ="77" ssid = "1">The 825 clusters in the test set contain 1,751 sub- clusters in total.</S>
			<S sid ="78" ssid = "2">In these sub-clusters, there are 6,685 clustered headlines.</S>
			<S sid ="79" ssid = "3">Another 3,123 headlines remain unclustered.</S>
			<S sid ="80" ssid = "4">Table 2 displays the paraphrase detection precision and recall of our two approaches.</S>
			<S sid ="81" ssid = "5">It is clear that k-means clustering performs well when all unclustered headlines are artificially ignored.</S>
			<S sid ="82" ssid = "6">In the more realistic case when there are also items that cannot be clustered, the pairwise calculation of similarity with a back off strategy of using context performs better when we aim for higher precision.</S>
			<S sid ="83" ssid = "7">Some examples of correct and incorrect alignments are given in Table 3.</S>
	</SECTION>
	<SECTION title="Discussion. " number = "4">
			<S sid ="84" ssid = "1">Using headlines of news articles clustered by Google News, and finding good paraphrases within these clusters is an effective route for obtaining pairs of paraphrased sentences with reasonable precision.</S>
			<S sid ="85" ssid = "2">We have shown that a cosine similarity function comparing headlines and using a back off strategy to compare context can be used to extract paraphrase pairs at a precision of 0.76.</S>
			<S sid ="86" ssid = "3">Although we could aim for a higher precision by assigning higher values to the thresholds, we still want some recall and variation in our paraphrases.</S>
			<S sid ="87" ssid = "4">Of course the coverage of our method is still somewhat limited: only paraphrases that have some words in common will be extracted.</S>
			<S sid ="88" ssid = "5">This is not a bad thing: we are particularly interested in extracting paraphrase patterns at the constituent level.</S>
			<S sid ="89" ssid = "6">These alignments can be made with existing alignment tools such as the GIZA++ toolkit.</S>
			<S sid ="90" ssid = "7">We measure the performance of our approaches by comparing to human annotation of sub- clusterings.</S>
			<S sid ="91" ssid = "8">The human task in itself is hard.</S>
			<S sid ="92" ssid = "9">For instance, is we look at the incorrect examples in Table 3, the difficulty of distinguishing between paraphrases and non-paraphrases is apparent.</S>
			<S sid ="93" ssid = "10">In future research we would like to investigate the task of judging paraphrases.</S>
			<S sid ="94" ssid = "11">The next step we would like to take towards automatic paraphrase generation, is to identify the differences between paraphrases at the constituent level.</S>
			<S sid ="95" ssid = "12">This task has in fact been performed by human annotators in the DAESO-project.</S>
			<S sid ="96" ssid = "13">A logical next step would be to learn to align the different constituents on our extracted paraphrases in an unsupervised way.</S>
	</SECTION>
	<SECTION title="Acknowledgements">
			<S sid ="97" ssid = "14">Thanks are due to the Netherlands Organization for Scientific Research (NWO) and to the Dutch HLT Stevin programme.</S>
			<S sid ="98" ssid = "15">Thanks also to Wauter Bosma for originally mining the headlines from Google News.</S>
			<S sid ="99" ssid = "16">For more information on DAESO, please visit daeso.uvt.nl.</S>
	</SECTION>
</PAPER>
