ref,citation_12,reference_id
"Minimum Bayes risk (MBR) was used to choose the skeleton in (Sim et al., 2007).",0.4260064336151293,reference_30
"This work was extended in (Rosti et al., 2007) by introducing system weights for word confidences.",0.4124789556921528,reference_33
"Compared to the baseline from (Rosti et al., 2007), the new method improves the BLEU scores significantly.",0.4124789556921528,reference_199
"In (Rosti et al., 2007), simple score was assigned to the word coming from the th- best hypothesis.",0.4001633653325206,reference_93
"Qc 2007 Association for Computational Linguistics potheses in (Sim et al., 2007).",0.392232270276368,reference_24
