ref,citation_13,reference_id
"In (Rosti et al., 2007), the total confidence of the th best confusion network hypothesis , including NULL words, given the th source sentence was given by (5) word-level decoding.",0.27774602993176545,reference_98
"This example has three confusion networks with priors , and . The total number of nodes in the network is represented by . Similar combination of multiple confusion networks was presented in (Matusov et al., 2006).",0.2519763153394848,reference_134
"In (Bangalore et al., 2001), Levenshtein alignment was used to generate the network.",0.24743582965269675,reference_18
"For BLEU and METEOR, the loss function would be and . It has been found that multiple hypotheses from each system may be used to improve the quality of the combination output (Sim et al., 2007).",0.2468853599393471,reference_91
"Minimum Bayes risk (MBR) was used to choose the skeleton in (Sim et al., 2007).",0.23904572186687875,reference_30
