ref,citation_14,reference_id
"Recently, confusion network decoding for MT system combination has been proposed (Bangalore et al., 2001).",0.4041119295602436,reference_16
"This example has three confusion networks with priors , and . The total number of nodes in the network is represented by . Similar combination of multiple confusion networks was presented in (Matusov et al., 2006).",0.4032795663087216,reference_134
"In (Rosti et al., 2007), the total confidence of the th best confusion network hypothesis , including NULL words, given the th source sentence was given by (5) word-level decoding.",0.3951316644589048,reference_98
"The optimization of the system and feature weights may be carried out using -best lists as in (Ostendorf et al., 1991).",0.3810003810005715,reference_138
"In speech recognition, confusion network decoding (Mangu et al., 2000) has become widely used in system combination.",0.37083853954364815,reference_13
