ref,citation_3,reference_id
"In (Bangalore et al., 2001), Levenshtein alignment was used to generate the network.",0.4545686450484948,reference_18
"Minimum Bayes risk (MBR) was used to choose the skeleton in (Sim et al., 2007).",0.3903600291794133,reference_30
"Recently, confusion network decoding for MT system combination has been proposed (Bangalore et al., 2001).",0.3779644730092272,reference_16
"Qc 2007 Association for Computational Linguistics potheses in (Sim et al., 2007).",0.3668996928526714,reference_24
"This is equivalent to minimum Bayes risk decoding with uniform posterior probabilities (Sim et al., 2007).",0.3666793988112845,reference_89
