ref,citation_11,reference_id
"Compared to the baseline from (Rosti et al., 2007), the new method improves the BLEU scores significantly.",0.3649002245998809,reference_199
"This work was extended in (Rosti et al., 2007) by introducing system weights for word confidences.",0.3649002245998809,reference_33
"The improved system combination method was compared to a simple confusion network decoding without system weights and the method proposed in (Rosti et al., 2007) on the Arabic to English and Chinese to English NIST MT05 tasks.",0.3611575592573077,reference_152
"In (Rosti et al., 2007), simple score was assigned to the word coming from the th- best hypothesis.",0.3540052161969215,reference_93
"Qc 2007 Association for Computational Linguistics potheses in (Sim et al., 2007).",0.3469889591797441,reference_24
