ref,citation_4,reference_id
"Recently, confusion network decoding for MT system combination has been proposed (Bangalore et al., 2001).",0.4520972150897326,reference_16
"This work was extended in (Rosti et al., 2007) by introducing system weights for word confidences.",0.3698977214370539,reference_33
"This example has three confusion networks with priors , and . The total number of nodes in the network is represented by . Similar combination of multiple confusion networks was presented in (Matusov et al., 2006).",0.36913583036771336,reference_134
"Qc 2007 Association for Computational Linguistics potheses in (Sim et al., 2007).",0.3647686020700426,reference_24
"In (Bangalore et al., 2001), Levenshtein alignment was used to generate the network.",0.35149982013099745,reference_18
