ref,citation_20,reference_id
"For BLEU and METEOR, the loss function would be and . It has been found that multiple hypotheses from each system may be used to improve the quality of the combination output (Sim et al., 2007).",0.3951316644589048,reference_91
"Recently, confusion network decoding for MT system combination has been proposed (Bangalore et al., 2001).",0.3592106040535498,reference_16
"This work was extended in (Rosti et al., 2007) by introducing system weights for word confidences.",0.3592106040535498,reference_33
"In (Bangalore et al., 2001), Levenshtein alignment was used to generate the network.",0.3360107525161235,reference_18
"In speech recognition, confusion network decoding (Mangu et al., 2000) has become widely used in system combination.",0.3296342573721317,reference_13
