ref,citation_19,reference_id
"For BLEU and METEOR, the loss function would be and . It has been found that multiple hypotheses from each system may be used to improve the quality of the combination output (Sim et al., 2007).",0.3137858162210945,reference_91
"Minimum Bayes risk (MBR) was used to choose the skeleton in (Sim et al., 2007).",0.30382181012509996,reference_30
"Compared to the baseline from (Rosti et al., 2007), the new method improves the BLEU scores significantly.",0.2941742027072761,reference_199
"This work was extended in (Rosti et al., 2007) by introducing system weights for word confidences.",0.2941742027072761,reference_33
"In (Rosti et al., 2007), simple score was assigned to the word coming from the th- best hypothesis.",0.28539089649269644,reference_93
