ref,citation_10,reference_id
"This work was extended in (Rosti et al., 2007) by introducing system weights for word confidences.",0.22360679774997896,reference_33
"Compared to the baseline from (Rosti et al., 2007), the new method improves the BLEU scores significantly.",0.22360679774997896,reference_199
"In (Rosti et al., 2007), simple score was assigned to the word coming from the th- best hypothesis.",0.21693045781865616,reference_93
"Thus, system outputs from development sets may have to be added to improve the GIZA++ alignments.",0.19364916731037085,reference_22
"specific prior estimates, word posterior estimates, and did not allow joint optimization of the system and feature weights.",0.1860521018838127,reference_137
