ref,citation_9,reference_id
"This work was extended in (Rosti et al., 2007) by introducing system weights for word confidences.",0.3307189138830738,reference_33
"Compared to the baseline from (Rosti et al., 2007), the new method improves the BLEU scores significantly.",0.3307189138830738,reference_199
"Translation edit rate (TER) (Snover et al., 2006)has been proposed as more intuitive evaluation met 1.",0.320844473959874,reference_63
"In (Rosti et al., 2007), simple score was assigned to the word coming from the th- best hypothesis.",0.320844473959874,reference_93
"Qc 2007 Association for Computational Linguistics potheses in (Sim et al., 2007).",0.3144854510165755,reference_24
