ref,citation_7,reference_id
"Qc 2007 Association for Computational Linguistics potheses in (Sim et al., 2007).",0.2631174057921088,reference_24
"A modified Levenshtein alignment allowing shifts as in computation of the translation edit rate (TER) (Snover et al., 2006) was used to align hy Proceedings of the 45th Annual Meeting of the Association of Computational Linguistics, pages 312–319, Prague, Czech Republic, June 2007.",0.15811388300841894,reference_23
System combination has been shown to improve classification performance in various tasks.,0.10540925533894598,reference_7
System weights may be used to assign a system specific confidence on each word in the network.,0.09534625892455924,reference_96
"Combination of speech recognition outputs is an example of this approach (Fiscus, 1997).",0.09128709291752768,reference_12
