ref,citation_6,reference_id
"This work was extended in (Rosti et al., 2007) by introducing system weights for word confidences.",0.39167472590032015,reference_33
"In (Rosti et al., 2007), simple score was assigned to the word coming from the th- best hypothesis.",0.3377602647365993,reference_93
"In (Rosti et al., 2007), the total confidence of the th best confusion network hypothesis , including NULL words, given the th source sentence was given by (5) word-level decoding.",0.3133397807202561,reference_98
"Compared to the baseline from (Rosti et al., 2007), the new method improves the BLEU scores significantly.",0.3046358979224712,reference_199
"Recently, confusion network decoding for MT system combination has been proposed (Bangalore et al., 2001).",0.3046358979224712,reference_16
