ref,citation_22,reference_id
"Compared to the baseline from (Rosti et al., 2007), the new method improves the BLEU scores significantly.",0.4082482904638631,reference_199
"This work was extended in (Rosti et al., 2007) by introducing system weights for word confidences.",0.4082482904638631,reference_33
"Qc 2007 Association for Computational Linguistics potheses in (Sim et al., 2007).",0.3962969619506085,reference_24
"In (Rosti et al., 2007), simple score was assigned to the word coming from the th- best hypothesis.",0.39605901719066977,reference_93
"Minimum Bayes risk (MBR) was used to choose the skeleton in (Sim et al., 2007).",0.3689323936863109,reference_30
