ref,citation_1,reference_id
"Recently, confusion network decoding for MT system combination has been proposed (Bangalore et al., 2001).",0.5197011503876874,reference_16
"In (Bangalore et al., 2001), Levenshtein alignment was used to generate the network.",0.4545686450484948,reference_18
"Qc 2007 Association for Computational Linguistics potheses in (Sim et al., 2007).",0.4193139346887673,reference_24
"Minimum Bayes risk (MBR) was used to choose the skeleton in (Sim et al., 2007).",0.3903600291794133,reference_30
"This example has three confusion networks with priors , and . The total number of nodes in the network is represented by . Similar combination of multiple confusion networks was presented in (Matusov et al., 2006).",0.38575837490522974,reference_134
