ref,citation_8,reference_id
"Compared to the baseline from (Rosti et al., 2007), the new method improves the BLEU scores significantly.",0.3602883460614461,reference_199
"Translation edit rate (TER) (Snover et al., 2006)has been proposed as more intuitive evaluation met 1.",0.3495310368212778,reference_63
"This work was extended in (Rosti et al., 2007) by introducing system weights for word confidences.",0.32025630761017426,reference_33
"Qc 2007 Association for Computational Linguistics potheses in (Sim et al., 2007).",0.3108809141790293,reference_24
"In (Rosti et al., 2007), simple score was assigned to the word coming from the th- best hypothesis.",0.3106942549522469,reference_93
