ref,citation_24,reference_id
"The test set results follow clearly the tuning results again - the TER tuned combination is the best in terms of TER, the BLEU tuned in terms of BLEU, and the METEOR tuned in Table 4: Mixed-case TER and BLEU, and lowercase METEOR scores on Chinese NIST MT05.",0.16357216402190616,reference_188
"The BLEU scores are between and , higher being better.",0.15762208124782012,reference_53
"Similarly, weights which maximize BLEU or METEOR may be optimized.",0.13900960937138318,reference_148
"Again, the best scores on each metric are obtained by the combination tuned for that metric.",0.13900960937138318,reference_186
"As expected, the scores on the metric used in tuning are the best on that metric.",0.13900960937138318,reference_171
