ref,citation_16,reference_id
"This work was extended in (Rosti et al., 2007) by introducing system weights for word confidences.",0.3244428422615251,reference_33
"Minimum Bayes risk (MBR) was used to choose the skeleton in (Sim et al., 2007).",0.29319773580418684,reference_30
"Compared to the baseline from (Rosti et al., 2007), the new method improves the BLEU scores significantly.",0.2838874869788345,reference_199
"Recently, confusion network decoding for MT system combination has been proposed (Bangalore et al., 2001).",0.2838874869788345,reference_16
"The improved system combination method was compared to a simple confusion network decoding without system weights and the method proposed in (Rosti et al., 2007) on the Arabic to English and Chinese to English NIST MT05 tasks.",0.2809757434745082,reference_152
