ref,citation_5,reference_id
"In (Rosti et al., 2007), simple score was assigned to the word coming from the th- best hypothesis.",0.3106942549522469,reference_93
"A confusion network may be represented by a word lattice and standard tools may be used to generate -best hypothesis lists including word confidence scores, language model scores and other features.",0.3072549338995135,reference_139
"First, the decoding can generate ungrammatical hypotheses due to alignment errors and phrases broken by the where is the language model weight, is the LM log-probability and is the number of words in the hypothesis . The word posteriors are estimated by scaling the confidences to sum to one for each system over all words in between nodes and . The system weights are also constrained to sum to one.",0.30662207033593325,reference_110
"In (Rosti et al., 2007), the total confidence of the th best confusion network hypothesis , including NULL words, given the th source sentence was given by (5) word-level decoding.",0.2882306768491569,reference_98
"This work was extended in (Rosti et al., 2007) by introducing system weights for word confidences.",0.2802242691589025,reference_33
