ref,citation_18,reference_id
"In (Rosti et al., 2007), simple score was assigned to the word coming from the th- best hypothesis.",0.4880935300919764,reference_93
"This work was extended in (Rosti et al., 2007) by introducing system weights for word confidences.",0.4472135954999579,reference_33
"Compared to the baseline from (Rosti et al., 2007), the new method improves the BLEU scores significantly.",0.4472135954999579,reference_199
"Qc 2007 Association for Computational Linguistics potheses in (Sim et al., 2007).",0.4341215710622297,reference_24
"Minimum Bayes risk (MBR) was used to choose the skeleton in (Sim et al., 2007).",0.40414518843273795,reference_30
