ref,citation_0,reference_id
"Recently, confusion network decoding for MT system combination has been proposed (Bangalore et al., 2001).",0.40994579587496144,reference_16
"For BLEU and METEOR, the loss function would be and . It has been found that multiple hypotheses from each system may be used to improve the quality of the combination output (Sim et al., 2007).",0.35777087639996635,reference_91
"This work was extended in (Rosti et al., 2007) by introducing system weights for word confidences.",0.3354101966249685,reference_33
"Compared to the baseline from (Rosti et al., 2007), the new method improves the BLEU scores significantly.",0.3354101966249685,reference_199
"Qc 2007 Association for Computational Linguistics potheses in (Sim et al., 2007).",0.33075929223788925,reference_24
