ref,citation_25,reference_id
"Minimum Bayes risk (MBR) was used to choose the skeleton in (Sim et al., 2007).",0.3835706411883073,reference_30
"Compared to the baseline from (Rosti et al., 2007), the new method improves the BLEU scores significantly.",0.3713906763541037,reference_199
"For BLEU and METEOR, the loss function would be and . It has been found that multiple hypotheses from each system may be used to improve the quality of the combination output (Sim et al., 2007).",0.3713906763541037,reference_91
"This work was extended in (Rosti et al., 2007) by introducing system weights for word confidences.",0.3713906763541037,reference_33
"Qc 2007 Association for Computational Linguistics potheses in (Sim et al., 2007).",0.3605183418372233,reference_24
