ref,citation_17,reference_id
"Recently, confusion network decoding for MT system combination has been proposed (Bangalore et al., 2001).",0.4225771273642583,reference_16
"The improved system combination method was compared to a simple confusion network decoding without system weights and the method proposed in (Rosti et al., 2007) on the Arabic to English and Chinese to English NIST MT05 tasks.",0.3903600291794133,reference_152
"In speech recognition, confusion network decoding (Mangu et al., 2000) has become widely used in system combination.",0.3877833671647407,reference_13
"This work was extended in (Rosti et al., 2007) by introducing system weights for word confidences.",0.3803194146278325,reference_33
"Compared to the baseline from (Rosti et al., 2007), the new method improves the BLEU scores significantly.",0.3803194146278325,reference_199
