ref,citation_2,reference_id
"In (Rosti et al., 2007), simple score was assigned to the word coming from the th- best hypothesis.",0.4551495636817562,reference_93
"Minimum Bayes risk (MBR) was used to choose the skeleton in (Sim et al., 2007).",0.4307055216465324,reference_30
"Qc 2007 Association for Computational Linguistics potheses in (Sim et al., 2007).",0.40482045237636816,reference_24
"In (Rosti et al., 2007), the total confidence of the th best confusion network hypothesis , including NULL words, given the th source sentence was given by (5) word-level decoding.",0.37532594530273455,reference_98
"This work was extended in (Rosti et al., 2007) by introducing system weights for word confidences.",0.3649002245998809,reference_33
