ref,citation_21,reference_id
"A modified Levenshtein alignment allowing shifts as in computation of the translation edit rate (TER) (Snover et al., 2006) was used to align hy Proceedings of the 45th Annual Meeting of the Association of Computational Linguistics, pages 312–319, Prague, Czech Republic, June 2007.",0.4023398993836124,reference_23
"In (Bangalore et al., 2001), Levenshtein alignment was used to generate the network.",0.3970333335883721,reference_18
"Minimum Bayes risk (MBR) was used to choose the skeleton in (Sim et al., 2007).",0.3835706411883073,reference_30
"This work was extended in (Rosti et al., 2007) by introducing system weights for word confidences.",0.3713906763541037,reference_33
"Compared to the baseline from (Rosti et al., 2007), the new method improves the BLEU scores significantly.",0.3713906763541037,reference_199
