Reference text
"Recently, confusion network decoding for MT system combination has been proposed (Bangalore et al., 2001)."
"For BLEU and METEOR, the loss function would be and . It has been found that multiple hypotheses from each system may be used to improve the quality of the combination output (Sim et al., 2007)."
"This work was extended in (Rosti et al., 2007) by introducing system weights for word confidences."
"Compared to the baseline from (Rosti et al., 2007), the new method improves the BLEU scores significantly."
"Qc 2007 Association for Computational Linguistics potheses in (Sim et al., 2007)."
"In (Bangalore et al., 2001), Levenshtein alignment was used to generate the network."
"Minimum Bayes risk (MBR) was used to choose the skeleton in (Sim et al., 2007)."
"This example has three confusion networks with priors , and . The total number of nodes in the network is represented by . Similar combination of multiple confusion networks was presented in (Matusov et al., 2006)."
"In (Rosti et al., 2007), simple score was assigned to the word coming from the th- best hypothesis."
"In (Rosti et al., 2007), the total confidence of the th best confusion network hypothesis , including NULL words, given the th source sentence was given by (5) word-level decoding."
"This is equivalent to minimum Bayes risk decoding with uniform posterior probabilities (Sim et al., 2007)."
"A confusion network may be represented by a word lattice and standard tools may be used to generate -best hypothesis lists including word confidence scores, language model scores and other features."
"First, the decoding can generate ungrammatical hypotheses due to alignment errors and phrases broken by the where is the language model weight, is the LM log-probability and is the number of words in the hypothesis . The word posteriors are estimated by scaling the confidences to sum to one for each system over all words in between nodes and . The system weights are also constrained to sum to one."
"A modified Levenshtein alignment allowing shifts as in computation of the translation edit rate (TER) (Snover et al., 2006) was used to align hy Proceedings of the 45th Annual Meeting of the Association of Computational Linguistics, pages 312–319, Prague, Czech Republic, June 2007."
System combination has been shown to improve classification performance in various tasks.
System weights may be used to assign a system specific confidence on each word in the network.
"Combination of speech recognition outputs is an example of this approach (Fiscus, 1997)."
"Translation edit rate (TER) (Snover et al., 2006)has been proposed as more intuitive evaluation met 1."
"Thus, system outputs from development sets may have to be added to improve the GIZA++ alignments."
"specific prior estimates, word posterior estimates, and did not allow joint optimization of the system and feature weights."
"The improved system combination method was compared to a simple confusion network decoding without system weights and the method proposed in (Rosti et al., 2007) on the Arabic to English and Chinese to English NIST MT05 tasks."
"The optimization of the system and feature weights may be carried out using -best lists as in (Ostendorf et al., 1991)."
"In speech recognition, confusion network decoding (Mangu et al., 2000) has become widely used in system combination."
"The test set results follow clearly the tuning results again - the TER tuned combination is the best in terms of TER, the BLEU tuned in terms of BLEU, and the METEOR tuned in Table 4: Mixed-case TER and BLEU, and lowercase METEOR scores on Chinese NIST MT05."
"The BLEU scores are between and , higher being better."
"Similarly, weights which maximize BLEU or METEOR may be optimized."
"Again, the best scores on each metric are obtained by the combination tuned for that metric."
"As expected, the scores on the metric used in tuning are the best on that metric."
