ref,citation_12,reference_id
Esuli and Sebastiani (2006) determine the polarity (positive/negative/objective) of word senses in WordNet.,0.4271210980886246,reference_39
"Information on subjectivity of senses can also improve other tasks such as word sense disambiguation (Wiebe and Mihalcea, 2006).",0.4109974682633932,reference_15
"Both Wiebe and Mihalcea (2006) and our prior work (Su and Markert, 2008) present an annotation scheme for word sense subjectivity and algorithms for automatic classification.",0.3855498004780299,reference_43
"However, in Su and Markert (2008a) as well as Wiebe and Mi- halcea (2006) we find that human can assign the binary distinction to word senses with a high level of reliability.",0.3770751436050835,reference_32
This dataset was first used with a different annotation scheme in Esuli and Sebastiani (2007) and we also used it in Su and Markert (2008).,0.31898088913156,reference_157
