ref,citation_6,reference_id
We propose a semi-supervised minimum cut algorithm for subjectivity recognition on word senses.,0.4605661864718383,reference_219
We supplement WordNet entries with information on the subjectivity of its word senses.,0.4364357804719847,reference_0
We propose a semi-supervised minimum cut framework that makes use of both WordNet definitions and its relation structure.,0.42365927286816174,reference_3
Section 3 describes our proposed semi-supervised minimum cut framework in detail.,0.3450327796711771,reference_24
"Qc 2009 Association for Computational Linguistics We propose a semi-supervised approach based on minimum cut in a lexical relation graph to assign subjectivity (subjective/objective) labels to word senses.2 Our algorithm outperforms supervised minimum cuts and standard supervised, non-graph classification algorithms (like SVM), reducing the error rate by up to 40%.",0.3407990882954985,reference_19
