ref,citation_11,reference_id
We propose a semi-supervised minimum cut algorithm for subjectivity recognition on word senses.,0.3656362120635653,reference_219
(2005).,0.36380343755449945,reference_37
"Information on subjectivity of senses can also improve other tasks such as word sense disambiguation (Wiebe and Mihalcea, 2006).",0.36380343755449945,reference_15
Esuli and Sebastiani (2006) determine the polarity (positive/negative/objective) of word senses in WordNet.,0.3500700210070024,reference_39
"To do this, we adapt an unsupervised method of generating a large noisy set of subjective and objective senses from our previous work (Su and Markert, 2008).",0.32539568672798425,reference_93
