ref,citation_5,reference_id
"To do this, we adapt an unsupervised method of generating a large noisy set of subjective and objective senses from our previous work (Su and Markert, 2008).",0.293547632874049,reference_93
"Both Wiebe and Mihalcea (2006) and our prior work (Su and Markert, 2008) present an annotation scheme for word sense subjectivity and algorithms for automatic classification.",0.2798866861070053,reference_43
Esuli and Sebastiani (2006) determine the polarity (positive/negative/objective) of word senses in WordNet.,0.2526455763199557,reference_39
"However, in Su and Markert (2008a) as well as Wiebe and Mi- halcea (2006) we find that human can assign the binary distinction to word senses with a high level of reliability.",0.24331962586898945,reference_32
"Su and Markert (2008) present supervised classifiers, which rely mostly on WordNet glosses and do not effectively exploit WordNet’s relation structure.",0.2342460684935891,reference_46
