ref,citation_0,reference_id
"Both Wiebe and Mihalcea (2006) and our prior work (Su and Markert, 2008) present an annotation scheme for word sense subjectivity and algorithms for automatic classification.",0.3553345272593507,reference_43
"To do this, we adapt an unsupervised method of generating a large noisy set of subjective and objective senses from our previous work (Su and Markert, 2008).",0.3354101966249685,reference_93
"This is important as the problem of subjectivity-ambiguity is frequent: We (Su and Markert, 2008) find that over 30% of words in our dataset are subjectivity-ambiguous.",0.3354101966249685,reference_14
"Information on subjectivity of senses can also improve other tasks such as word sense disambiguation (Wiebe and Mihalcea, 2006).",0.3333333333333333,reference_15
"In addition, we deal with classification at the word sense level, treating also subjectivity-ambiguous words, which goes beyond the work in Takamura et al.",0.30588764516074896,reference_36
