ref,citation_10,reference_id
We supplement WordNet entries with information on the subjectivity of its word senses.,0.0,reference_0
"Using our formulation in Section 3.3, we import 3,220 senses linked by the ten WordNet relations to any senses in MicroWNOp as unlabeled data.",0.0,reference_169
summary of subjectivity-preserving links.,0.0,reference_143
"Second, we manually collected a small set (denoted by SubjSet) of seven subjective verb and noun senses which are close to the root in WordNet’s hypernym tree.",0.0,reference_144
"A typical example element of SubjSet is psychological feature —a feature of the mental life of a living organism, which indicates subjectivity for its hyponyms such as hope — the general feeling that some desire will be fulfilled.",0.0,reference_145
