ref,citation_8,reference_id
"Not all WordNet relations we use are subjectivity- preserving to the same degree: for example, hyponyms (such as simpleton) of objective senses (such as person) do not have to be objective.",0.35176323534072423,reference_104
"Overall, we achieve a 40% reduction in error rates (from an error rate of about 25% to an error rate of 15%).",0.3418817293789138,reference_221
"This is important as the problem of subjectivity-ambiguity is frequent: We (Su and Markert, 2008) find that over 30% of words in our dataset are subjectivity-ambiguous.",0.3337119062359573,reference_14
(2005).,0.3198010745334157,reference_37
"The accuracy achieved is 81.1% and the F-score 0.56 (vs. 0.52), suggesting that our algorithm performs better.",0.3102526139970115,reference_215
