ref,citation_9,reference_id
(2005).,0.4008918628686366,reference_37
Our F-score is 0.63 (vs. 0.52).,0.2834733547569204,reference_213
(2004) for an early indication of such properties for some WordNet relations.,0.2672612419124244,reference_85
This dataset was first used with a different annotation scheme in Esuli and Sebastiani (2007) and we also used it in Su and Markert (2008).,0.25928148942086576,reference_157
The weight is computed by #same/(#same+#different).,0.253546276418555,reference_108
