ref,citation_3,reference_id
"Section 4 presents the experimental results and evaluation, followed by conclusions and future work in Section 5.",0.2964997266644405,reference_25
4 Experiments and Evaluation.,0.2672612419124244,reference_123
5 Conclusion and Future Work.,0.2390457218668787,reference_218
classification vertices in the Mincut approach.,0.2390457218668787,reference_159
From the results in Tabel 5 one can also see that hyponymy is the relation accounting for the largest increase.,0.22237479499833035,reference_194
