ref,citation_4,reference_id
"In contrast, the use of unlabeled data adds more edges (4,586) to the graph, which strongly affects the graph cut partition (see also Figure 1).",0.31851102863530306,reference_202
(2005).,0.3127716210856122,reference_37
"We also cannot use prior graph construction methods for the document level (such as physical proximity of sentences, used in Pang and Lee (2004)) at the word sense level.",0.3111879571320709,reference_29
"Section 4 presents the experimental results and evaluation, followed by conclusions and future work in Section 5.",0.2891574659831201,reference_25
"An, and guarantee that A1 ⊂ A2... ⊂ An.Results for the best SVM (LRM) and the best min imum cut (LRMSL) are listed in Table 4, and the corresponding learning curve is shown in Figure 2.",0.2809003238667948,reference_187
