Reference text
"Both Wiebe and Mihalcea (2006) and our prior work (Su and Markert, 2008) present an annotation scheme for word sense subjectivity and algorithms for automatic classification."
"To do this, we adapt an unsupervised method of generating a large noisy set of subjective and objective senses from our previous work (Su and Markert, 2008)."
"This is important as the problem of subjectivity-ambiguity is frequent: We (Su and Markert, 2008) find that over 30% of words in our dataset are subjectivity-ambiguous."
"Information on subjectivity of senses can also improve other tasks such as word sense disambiguation (Wiebe and Mihalcea, 2006)."
"In addition, we deal with classification at the word sense level, treating also subjectivity-ambiguous words, which goes beyond the work in Takamura et al."
"There has been a large and diverse body of research in opinion mining, with most research at the text (Pang et al., 2002; Pang and Lee, 2004; Popescu and Etzioni, 2005; Ounis et al., 2006), sentence (Kim and Hovy, 2005; Kudo and Matsumoto, 2004; Riloff et al., 2003; Yu and Hatzivassiloglou, 2003) or word (Hatzivassiloglou and McKeown, 1997; Turney and Littman, 2003; Kim and Hovy, 2004; Takamura et al., 2005; Andreevskaia and Bergler, 2006; Kaji and Kitsuregawa, 2007) level."
"Graph-based algorithms for classification into subjective/objective or positive/negative language units have been mostly used at the sentence and document level (Pang and Lee, 2004; Agarwal and Bhattacharyya, 2005; Thomas et al., 2006), instead of aiming at dictionary annotation as we do."
"Automatic identification of subjective content often relies on word indicators, such as unigrams (Pang et al., 2002) or predetermined sentiment lexica (Wilson et al., 2005)."
(2005).
This dataset was first used with a different annotation scheme in Esuli and Sebastiani (2007) and we also used it in Su and Markert (2008).
"Section 4 presents the experimental results and evaluation, followed by conclusions and future work in Section 5."
4 Experiments and Evaluation.
5 Conclusion and Future Work.
classification vertices in the Mincut approach.
From the results in Tabel 5 one can also see that hyponymy is the relation accounting for the largest increase.
"In contrast, the use of unlabeled data adds more edges (4,586) to the graph, which strongly affects the graph cut partition (see also Figure 1)."
"We also cannot use prior graph construction methods for the document level (such as physical proximity of sentences, used in Pang and Lee (2004)) at the word sense level."
"An, and guarantee that A1 ⊂ A2... ⊂ An.Results for the best SVM (LRM) and the best min imum cut (LRMSL) are listed in Table 4, and the corresponding learning curve is shown in Figure 2."
Esuli and Sebastiani (2006) determine the polarity (positive/negative/objective) of word senses in WordNet.
"However, in Su and Markert (2008a) as well as Wiebe and Mi- halcea (2006) we find that human can assign the binary distinction to word senses with a high level of reliability."
"Su and Markert (2008) present supervised classifiers, which rely mostly on WordNet glosses and do not effectively exploit WordNet’s relation structure."
We propose a semi-supervised minimum cut algorithm for subjectivity recognition on word senses.
We supplement WordNet entries with information on the subjectivity of its word senses.
We propose a semi-supervised minimum cut framework that makes use of both WordNet definitions and its relation structure.
Section 3 describes our proposed semi-supervised minimum cut framework in detail.
"Qc 2009 Association for Computational Linguistics We propose a semi-supervised approach based on minimum cut in a lexical relation graph to assign subjectivity (subjective/objective) labels to word senses.2 Our algorithm outperforms supervised minimum cuts and standard supervised, non-graph classification algorithms (like SVM), reducing the error rate by up to 40%."
"First, contextual indicators such as irony and negation can reverse subjectivity or polarity indications (Polanyi and Zaenen, 2004)."
"Not all WordNet relations we use are subjectivity- preserving to the same degree: for example, hyponyms (such as simpleton) of objective senses (such as person) do not have to be objective."
"Overall, we achieve a 40% reduction in error rates (from an error rate of about 25% to an error rate of 15%)."
"The accuracy achieved is 81.1% and the F-score 0.56 (vs. 0.52), suggesting that our algorithm performs better."
Our F-score is 0.63 (vs. 0.52).
(2004) for an early indication of such properties for some WordNet relations.
The weight is computed by #same/(#same+#different).
"Using our formulation in Section 3.3, we import 3,220 senses linked by the ten WordNet relations to any senses in MicroWNOp as unlabeled data."
summary of subjectivity-preserving links.
"Second, we manually collected a small set (denoted by SubjSet) of seven subjective verb and noun senses which are close to the root in WordNet’s hypernym tree."
"A typical example element of SubjSet is psychological feature —a feature of the mental life of a living organism, which indicates subjectivity for its hyponyms such as hope — the general feeling that some desire will be fulfilled."
