Reference text,similarity
"Both Wiebe and Mihalcea (2006) and our prior work (Su and Markert, 2008) present an annotation scheme for word sense subjectivity and algorithms for automatic classification.",0.3553345272593507,reference_43
"To do this, we adapt an unsupervised method of generating a large noisy set of subjective and objective senses from our previous work (Su and Markert, 2008).",0.3354101966249685,reference_93
"This is important as the problem of subjectivity-ambiguity is frequent: We (Su and Markert, 2008) find that over 30% of words in our dataset are subjectivity-ambiguous.",0.3354101966249685,reference_14
"Information on subjectivity of senses can also improve other tasks such as word sense disambiguation (Wiebe and Mihalcea, 2006).",0.3333333333333333,reference_15
"In addition, we deal with classification at the word sense level, treating also subjectivity-ambiguous words, which goes beyond the work in Takamura et al.",0.30588764516074896,reference_36
"There has been a large and diverse body of research in opinion mining, with most research at the text (Pang et al., 2002; Pang and Lee, 2004; Popescu and Etzioni, 2005; Ounis et al., 2006), sentence (Kim and Hovy, 2005; Kudo and Matsumoto, 2004; Riloff et al., 2003; Yu and Hatzivassiloglou, 2003) or word (Hatzivassiloglou and McKeown, 1997; Turney and Littman, 2003; Kim and Hovy, 2004; Takamura et al., 2005; Andreevskaia and Bergler, 2006; Kaji and Kitsuregawa, 2007) level.",0.362030053499966,reference_26
"Graph-based algorithms for classification into subjective/objective or positive/negative language units have been mostly used at the sentence and document level (Pang and Lee, 2004; Agarwal and Bhattacharyya, 2005; Thomas et al., 2006), instead of aiming at dictionary annotation as we do.",0.30789480347447123,reference_28
"Automatic identification of subjective content often relies on word indicators, such as unigrams (Pang et al., 2002) or predetermined sentiment lexica (Wilson et al., 2005).",0.30457245193658633,reference_8
(2005).,0.2857142857142857,reference_37
This dataset was first used with a different annotation scheme in Esuli and Sebastiani (2007) and we also used it in Su and Markert (2008).,0.2771835714700948,reference_157
"Section 4 presents the experimental results and evaluation, followed by conclusions and future work in Section 5.",0.2964997266644405,reference_25
4 Experiments and Evaluation.,0.2672612419124244,reference_123
5 Conclusion and Future Work.,0.2390457218668787,reference_218
classification vertices in the Mincut approach.,0.2390457218668787,reference_159
From the results in Tabel 5 one can also see that hyponymy is the relation accounting for the largest increase.,0.22237479499833035,reference_194
"In contrast, the use of unlabeled data adds more edges (4,586) to the graph, which strongly affects the graph cut partition (see also Figure 1).",0.31851102863530306,reference_202
"We also cannot use prior graph construction methods for the document level (such as physical proximity of sentences, used in Pang and Lee (2004)) at the word sense level.",0.3111879571320709,reference_29
"An, and guarantee that A1 ⊂ A2... ⊂ An.Results for the best SVM (LRM) and the best min imum cut (LRMSL) are listed in Table 4, and the corresponding learning curve is shown in Figure 2.",0.2809003238667948,reference_187
Esuli and Sebastiani (2006) determine the polarity (positive/negative/objective) of word senses in WordNet.,0.2526455763199557,reference_39
"However, in Su and Markert (2008a) as well as Wiebe and Mi- halcea (2006) we find that human can assign the binary distinction to word senses with a high level of reliability.",0.24331962586898945,reference_32
"Su and Markert (2008) present supervised classifiers, which rely mostly on WordNet glosses and do not effectively exploit WordNet’s relation structure.",0.2342460684935891,reference_46
We propose a semi-supervised minimum cut algorithm for subjectivity recognition on word senses.,0.4605661864718383,reference_219
We supplement WordNet entries with information on the subjectivity of its word senses.,0.4364357804719847,reference_0
We propose a semi-supervised minimum cut framework that makes use of both WordNet definitions and its relation structure.,0.42365927286816174,reference_3
Section 3 describes our proposed semi-supervised minimum cut framework in detail.,0.3450327796711771,reference_24
"Qc 2009 Association for Computational Linguistics We propose a semi-supervised approach based on minimum cut in a lexical relation graph to assign subjectivity (subjective/objective) labels to word senses.2 Our algorithm outperforms supervised minimum cuts and standard supervised, non-graph classification algorithms (like SVM), reducing the error rate by up to 40%.",0.3407990882954985,reference_19
"First, contextual indicators such as irony and negation can reverse subjectivity or polarity indications (Polanyi and Zaenen, 2004).",0.2886751345948129,reference_11
"Not all WordNet relations we use are subjectivity- preserving to the same degree: for example, hyponyms (such as simpleton) of objective senses (such as person) do not have to be objective.",0.35176323534072423,reference_104
"Overall, we achieve a 40% reduction in error rates (from an error rate of about 25% to an error rate of 15%).",0.3418817293789138,reference_221
"The accuracy achieved is 81.1% and the F-score 0.56 (vs. 0.52), suggesting that our algorithm performs better.",0.3102526139970115,reference_215
Our F-score is 0.63 (vs. 0.52).,0.2834733547569204,reference_213
(2004) for an early indication of such properties for some WordNet relations.,0.2672612419124244,reference_85
The weight is computed by #same/(#same+#different).,0.253546276418555,reference_108
"Using our formulation in Section 3.3, we import 3,220 senses linked by the ten WordNet relations to any senses in MicroWNOp as unlabeled data.",0.0,reference_169
summary of subjectivity-preserving links.,0.0,reference_143
"Second, we manually collected a small set (denoted by SubjSet) of seven subjective verb and noun senses which are close to the root in WordNet’s hypernym tree.",0.0,reference_144
"A typical example element of SubjSet is psychological feature —a feature of the mental life of a living organism, which indicates subjectivity for its hyponyms such as hope — the general feeling that some desire will be fulfilled.",0.0,reference_145
