ref,citation_10,reference_id
"The training data is the same as the above word alignment evaluation bitexts, with alignments for each model symmetrized using the grow-diag-final heuristic.",0.4944170486384623,reference_191
"Our fertility IBM Model 1 and fertility HMM are both generative models and start by defining the probability of fertilities (for each nonempty target word and all empty words), alignments, and the source sentence given the target sentence: P (φI , φǫ, aJ , f J |e2I +1); 1 1 1 1 are further away from the mean have low probability.",0.5306546669945646,reference_85
Figure 3 show the training time for different models.,0.5341982375583402,reference_186
"This is our motivation for adding fertility to these two models, and we expect that the resulting models will perform better than the baseline models.",0.5354134495109973,reference_78
"−1, aj , e 2I +1 1 ) is a lexical For these two models, in theory, the fertility for a target word can be as large as the length of the IBM Model 1 assumes a uniform distortion probability, a length probability that depends only on the length of the target sentence, and a lexical probability that depends only on the aligned target word: J source sentence.",0.5420802960774165,reference_74
