ref,citation_1,reference_id
"Most other researchers take either the HMM alignments (Liang et al., 2006) or IBM Model 4 alignments (Cherry and Lin, 2003) as input and perform post-processing, whereas our model is a potential replacement for the HMM and IBM Model 4.",0.4578278349768179,reference_17
"IBM Model 1 uses only lexical information; IBM Model 2 and the hidden Markov model take advantage of both lexical and locality information; IBM Models 4 and 5 use all three kinds of information, and they remain the state of the art despite the fact that they were developed almost two decades ago.",0.4875058779961809,reference_8
"IBM Model 1 and the HMM are both generative models, and both start by defining the probability of alignments and source sentence given the In order to compute the “jump probability” in the target sentence: P (aJJ 1 ); the data likeli HMM model, we need to know the position of the 1 , f1 |e2I +1 hood can be computed by summing over alignments: aligned target word for the previous source word.",0.492461683249028,reference_61
"However, this sampling method needs a large amount of communication between machines in order to keep the parameters up to date if we compute the expected counts in parallel.",0.5176115866806863,reference_113
It is possible to use sampling instead of dynamic programming in the HMM to reduce the training time with no decrease in AER (often an increase).,0.5272046544417339,reference_188
