ref,citation_17,reference_id
"We use Gibbs sampling for parameter estimation, which is more principled than the neighborhood method used in IBM Model 4.",0.4334635251730704,reference_5
It is possible to use sampling instead of dynamic programming in the HMM to reduce the training time with no decrease in AER (often an increase).,0.4486516666268887,reference_188
"IBM Model 1 and the HMM are both generative models, and both start by defining the probability of alignments and source sentence given the In order to compute the “jump probability” in the target sentence: P (aJJ 1 ); the data likeli HMM model, we need to know the position of the 1 , f1 |e2I +1 hood can be computed by summing over alignments: aligned target word for the previous source word.",0.4880056109637871,reference_61
"Most other researchers take either the HMM alignments (Liang et al., 2006) or IBM Model 4 alignments (Cherry and Lin, 2003) as input and perform post-processing, whereas our model is a potential replacement for the HMM and IBM Model 4.",0.5177625604869308,reference_17
"Surprisingly, we can achieve better results than the HMM by computing as few as 1 sample for each alignment, so the fertility hidden Markov model is much faster than the HMM.",0.5544039875248898,reference_124
