ref,citation_13,reference_id
"Without loss of generality, P (aJ , f J |e2I +1) can bility of jumping to an empty word is either 0 or p0, and the third equation implies that the probability of jumping from a nonempty word is the same as the probability of jumping from the corespondent empty 1 1 1 be decomposed into length probabilities, distortion probabilities (also called alignment probabilities), and lexical probabilities (also called translation probabilities): P (aJ , f J |e2I +1) 1 1 1 J word.",0.4646630610220155,reference_69
"(1993) and Och and Ney (2003) first compute the Viterbi alignments for simpler models, then consider only some neighbors of the Viterbi alignments for modeling fertility.",0.4908786393093405,reference_36
"IBM Model 1 and the HMM are both generative models, and both start by defining the probability of alignments and source sentence given the In order to compute the “jump probability” in the target sentence: P (aJJ 1 ); the data likeli HMM model, we need to know the position of the 1 , f1 |e2I +1 hood can be computed by summing over alignments: aligned target word for the previous source word.",0.5326411138028897,reference_61
"We use Gibbs sampling for parameter estimation, which is more principled than the neighborhood method used in IBM Model 4.",0.5420302136992912,reference_5
"Fortunately, initializing using IBM Model 1 Viterbi does not decrease the accuracy in any noticeable way, and reduces the complexity of the Gibbs sampling algorithm.",0.5689274398265751,reference_117
