ref,citation_2,reference_id
"(1993) and Och and Ney (2003) first compute the Viterbi alignments for simpler models, then consider only some neighbors of the Viterbi alignments for modeling fertility.",0.4348023227954018,reference_36
"IBM Model 1 and the HMM are both generative models, and both start by defining the probability of alignments and source sentence given the In order to compute the “jump probability” in the target sentence: P (aJJ 1 ); the data likeli HMM model, we need to know the position of the 1 , f1 |e2I +1 hood can be computed by summing over alignments: aligned target word for the previous source word.",0.4652130749348078,reference_61
AER results are computed using traditional HMM Viterbi decoding for both models.,0.5109725862663843,reference_170
"AER results are computed using the IBM Model 1 Viterbi alignments, and the Viterbi alignments obtained from the Gibbs sampling algorithm.",0.5159496122405496,reference_166
"We use the Markov Chain Monte Carlo (MCMC) method for training and decoding, φi = j=1 δ(aj , i) which has nice probabilistic guarantees.",0.5271203325729683,reference_45
