ref,citation_16,reference_id
"Most other researchers take either the HMM alignments (Liang et al., 2006) or IBM Model 4 alignments (Cherry and Lin, 2003) as input and perform post-processing, whereas our model is a potential replacement for the HMM and IBM Model 4.",0.5123177347106763,reference_17
"IBM Model 5 removes deficiency (Brown et al., 1993; Och and Ney, 2003) from IBM Model 4, but it is computationally very expensive due to the larger number of parameters than IBM Model 4, and IBM Model 5 often provides no improvement on alignment accuracy.",0.5956776763074769,reference_84
Recent experiments on large datasets have shown that the performance of the hidden Markov model is very close to IBM Model 4.,0.6002161002340867,reference_9
"We smooth all parameters (λ(e) and P (f |e)) by adding a small value (10−8), so they never become too small.",0.6189139354234637,reference_164
"We also evaluate our model by computing the machine translation BLEU score (Papineni et al., 2002) using the Moses system (Koehn et al., 2007).",0.6245206655033606,reference_190
