ref,citation_6,reference_id
"We use Gibbs sampling for parameter estimation, which is more principled than the neighborhood method used in IBM Model 4.",0.4418626530260918,reference_5
"We devel Algorithm 1: One iteration of E-step: draw t samples for each aj for each sentence pairoped a Gibbs sampling algorithm (Geman and Ge (f J 1 ) in the corpus man, 1984) to compute the expected counts.",0.5085680941295503,reference_108
"Most other researchers take either the HMM alignments (Liang et al., 2006) or IBM Model 4 alignments (Cherry and Lin, 2003) as input and perform post-processing, whereas our model is a potential replacement for the HMM and IBM Model 4.",0.5315022616408334,reference_17
"IBM Model 1 and the HMM are both generative models, and both start by defining the probability of alignments and source sentence given the In order to compute the “jump probability” in the target sentence: P (aJJ 1 ); the data likeli HMM model, we need to know the position of the 1 , f1 |e2I +1 hood can be computed by summing over alignments: aligned target word for the previous source word.",0.5348277440413505,reference_61
"The the EM algorithm, in order to compute the expected counts, we have to sum over all possible alignments1 , which is, unfortunately, exponential.",0.5407449402946147,reference_107
