ref,citation_12,reference_id
"There have been works that try to simulate fertility using the hidden Markov model (Toutanova et al., 2002; Deng and Byrne, 2005), but we prefer to model fertility directly.",0.5834964470074694,reference_24
(2008) applied the Markov Chain Monte Carlo method to word alignment for machine translation; they do not model word fertility.,0.5944666115780698,reference_47
The fertility φi of a word ei at position i is defined as the number of aligned source words: J mal alignment.,0.6170809163692375,reference_44
"−1 does not align with an empty word and fj alignswe could use the position of the empty word to indi with an empty word, we want to record the position of the target word that fj−1 aligns with.",0.6450136457256115,reference_63
Using word fertility features has been shown to be useful in building word alignment models for statistical machine translation.,0.659802897396594,reference_1
