ref,citation_4,reference_id
There are I + 1 possibilities: fj is cate the nearest previous source word that does not align to an empty word.,0.4870935811533168,reference_64
"IBM Model 1 and the HMM are both generative models, and both start by defining the probability of alignments and source sentence given the In order to compute the “jump probability” in the target sentence: P (aJJ 1 ); the data likeli HMM model, we need to know the position of the 1 , f1 |e2I +1 hood can be computed by summing over alignments: aligned target word for the previous source word.",0.518222273162368,reference_61
We consider words that appear less than 10 times as infrequent words.,0.5280861168327985,reference_182
"However, fertility is an inherent cross language propertyThe hidden Markov model assumes a length prob ability that depends only on the length of the target sentence, a distortion probability that depends only on the previous alignment and the length of the target sentence, and a lexical probability that depends only on the aligned target word: P (aJ , f J |e2I +1) = 1 1 1 J P (J |I ) n P (aj |aj−1, I )P (fj |ea ) j=1 In order to make the HMM work correctly, we enforce the following constraints (Och and Ney, 2003): and these two models cannot assign consistent fertility to words.",0.5291690492810768,reference_77
"We use Gibbs sampling for parameter estimation, which is more principled than the neighborhood method used in IBM Model 4.",0.557990933913363,reference_5
