ref,citation_9,reference_id
"Most other researchers take either the HMM alignments (Liang et al., 2006) or IBM Model 4 alignments (Cherry and Lin, 2003) as input and perform post-processing, whereas our model is a potential replacement for the HMM and IBM Model 4.",0.4430427028459315,reference_17
"We devel Algorithm 1: One iteration of E-step: draw t samples for each aj for each sentence pairoped a Gibbs sampling algorithm (Geman and Ge (f J 1 ) in the corpus man, 1984) to compute the expected counts.",0.4871395736925342,reference_108
"The the EM algorithm, in order to compute the expected counts, we have to sum over all possible alignments1 , which is, unfortunately, exponential.",0.490411886205432,reference_107
"This is our motivation for adding fertility to these two models, and we expect that the resulting models will perform better than the baseline models.",0.4940721153037545,reference_78
"IBM Model 1 and the HMM are both generative models, and both start by defining the probability of alignments and source sentence given the In order to compute the “jump probability” in the target sentence: P (aJJ 1 ); the data likeli HMM model, we need to know the position of the 1 , f1 |e2I +1 hood can be computed by summing over alignments: aligned target word for the previous source word.",0.5062769831627364,reference_61
