ref,citation_15,reference_id
"However, fertility is an inherent cross language propertyThe hidden Markov model assumes a length prob ability that depends only on the length of the target sentence, a distortion probability that depends only on the previous alignment and the length of the target sentence, and a lexical probability that depends only on the aligned target word: P (aJ , f J |e2I +1) = 1 1 1 J P (J |I ) n P (aj |aj−1, I )P (fj |ea ) j=1 In order to make the HMM work correctly, we enforce the following constraints (Och and Ney, 2003): and these two models cannot assign consistent fertility to words.",0.4795844427428073,reference_77
"−1, aj , e 2I +1 1 ) is a lexical For these two models, in theory, the fertility for a target word can be as large as the length of the IBM Model 1 assumes a uniform distortion probability, a length probability that depends only on the length of the target sentence, and a lexical probability that depends only on the aligned target word: J source sentence.",0.534576401090324,reference_74
"IBM Model 1 and the HMM are both generative models, and both start by defining the probability of alignments and source sentence given the In order to compute the “jump probability” in the target sentence: P (aJJ 1 ); the data likeli HMM model, we need to know the position of the 1 , f1 |e2I +1 hood can be computed by summing over alignments: aligned target word for the previous source word.",0.5412666512133847,reference_61
(2008) applied the Markov Chain Monte Carlo method to word alignment for machine translation; they do not model word fertility.,0.5749868341190447,reference_47
"There have been works that try to simulate fertility using the hidden Markov model (Toutanova et al., 2002; Deng and Byrne, 2005), but we prefer to model fertility directly.",0.5824114804103859,reference_24
