ref,citation_8,reference_id
"IBM Model 1 and the HMM are both generative models, and both start by defining the probability of alignments and source sentence given the In order to compute the “jump probability” in the target sentence: P (aJJ 1 ); the data likeli HMM model, we need to know the position of the 1 , f1 |e2I +1 hood can be computed by summing over alignments: aligned target word for the previous source word.",0.37934523725712377,reference_61
"However, fertility is an inherent cross language propertyThe hidden Markov model assumes a length prob ability that depends only on the length of the target sentence, a distortion probability that depends only on the previous alignment and the length of the target sentence, and a lexical probability that depends only on the aligned target word: P (aJ , f J |e2I +1) = 1 1 1 J P (J |I ) n P (aj |aj−1, I )P (fj |ea ) j=1 In order to make the HMM work correctly, we enforce the following constraints (Och and Ney, 2003): and these two models cannot assign consistent fertility to words.",0.43656936655103945,reference_77
"(1993) and Och and Ney (2003) first compute the Viterbi alignments for simpler models, then consider only some neighbors of the Viterbi alignments for modeling fertility.",0.4423345992180887,reference_36
"We devel Algorithm 1: One iteration of E-step: draw t samples for each aj for each sentence pairoped a Gibbs sampling algorithm (Geman and Ge (f J 1 ) in the corpus man, 1984) to compute the expected counts.",0.4560297722443633,reference_108
"Without loss of generality, P (aJ , f J |e2I +1) can bility of jumping to an empty word is either 0 or p0, and the third equation implies that the probability of jumping from a nonempty word is the same as the probability of jumping from the corespondent empty 1 1 1 be decomposed into length probabilities, distortion probabilities (also called alignment probabilities), and lexical probabilities (also called translation probabilities): P (aJ , f J |e2I +1) 1 1 1 J word.",0.4812420332490381,reference_69
