ref,citation_7,reference_id
"−1, aj , e 2I +1 1 ) is a lexical For these two models, in theory, the fertility for a target word can be as large as the length of the IBM Model 1 assumes a uniform distortion probability, a length probability that depends only on the length of the target sentence, and a lexical probability that depends only on the aligned target word: J source sentence.",0.4550733681428157,reference_74
"This is our motivation for adding fertility to these two models, and we expect that the resulting models will perform better than the baseline models.",0.4733573245952162,reference_78
"IBM Model 5 removes deficiency (Brown et al., 1993; Och and Ney, 2003) from IBM Model 4, but it is computationally very expensive due to the larger number of parameters than IBM Model 4, and IBM Model 5 often provides no improvement on alignment accuracy.",0.4891376986431806,reference_84
"Due to space constraints, we are unable to provide details for IBM Models 3, 4 and 5; see Brown et al.",0.5334507508632125,reference_81
"We devel Algorithm 1: One iteration of E-step: draw t samples for each aj for each sentence pairoped a Gibbs sampling algorithm (Geman and Ge (f J 1 ) in the corpus man, 1984) to compute the expected counts.",0.5586692374216173,reference_108
