Reference text
"We use Gibbs sampling for parameter estimation, which is more principled than the neighborhood method used in IBM Model 4."
"IBM Model 1 and the HMM are both generative models, and both start by defining the probability of alignments and source sentence given the In order to compute the “jump probability” in the target sentence: P (aJJ 1 ); the data likeli HMM model, we need to know the position of the 1 , f1 |e2I +1 hood can be computed by summing over alignments: aligned target word for the previous source word."
"−1, aj , e 2I +1 1 ) is a lexical For these two models, in theory, the fertility for a target word can be as large as the length of the IBM Model 1 assumes a uniform distortion probability, a length probability that depends only on the length of the target sentence, and a lexical probability that depends only on the aligned target word: J source sentence."
"However, fertility is an inherent cross language propertyThe hidden Markov model assumes a length prob ability that depends only on the length of the target sentence, a distortion probability that depends only on the previous alignment and the length of the target sentence, and a lexical probability that depends only on the aligned target word: P (aJ , f J |e2I +1) = 1 1 1 J P (J |I ) n P (aj |aj−1, I )P (fj |ea ) j=1 In order to make the HMM work correctly, we enforce the following constraints (Och and Ney, 2003): and these two models cannot assign consistent fertility to words."
"IBM Model 1 uses only lexical information; IBM Model 2 and the hidden Markov model take advantage of both lexical and locality information; IBM Models 4 and 5 use all three kinds of information, and they remain the state of the art despite the fact that they were developed almost two decades ago."
"Most other researchers take either the HMM alignments (Liang et al., 2006) or IBM Model 4 alignments (Cherry and Lin, 2003) as input and perform post-processing, whereas our model is a potential replacement for the HMM and IBM Model 4."
"However, this sampling method needs a large amount of communication between machines in order to keep the parameters up to date if we compute the expected counts in parallel."
It is possible to use sampling instead of dynamic programming in the HMM to reduce the training time with no decrease in AER (often an increase).
"(1993) and Och and Ney (2003) first compute the Viterbi alignments for simpler models, then consider only some neighbors of the Viterbi alignments for modeling fertility."
AER results are computed using traditional HMM Viterbi decoding for both models.
"AER results are computed using the IBM Model 1 Viterbi alignments, and the Viterbi alignments obtained from the Gibbs sampling algorithm."
"We use the Markov Chain Monte Carlo (MCMC) method for training and decoding, φi = j=1 δ(aj , i) which has nice probabilistic guarantees."
"There have been works that try to simulate fertility using the hidden Markov model (Toutanova et al., 2002; Deng and Byrne, 2005), but we prefer to model fertility directly."
(2008) applied the Markov Chain Monte Carlo method to word alignment for machine translation; they do not model word fertility.
The fertility φi of a word ei at position i is defined as the number of aligned source words: J mal alignment.
"−1 does not align with an empty word and fj alignswe could use the position of the empty word to indi with an empty word, we want to record the position of the target word that fj−1 aligns with."
Using word fertility features has been shown to be useful in building word alignment models for statistical machine translation.
There are I + 1 possibilities: fj is cate the nearest previous source word that does not align to an empty word.
We consider words that appear less than 10 times as infrequent words.
"We devel Algorithm 1: One iteration of E-step: draw t samples for each aj for each sentence pairoped a Gibbs sampling algorithm (Geman and Ge (f J 1 ) in the corpus man, 1984) to compute the expected counts."
"The the EM algorithm, in order to compute the expected counts, we have to sum over all possible alignments1 , which is, unfortunately, exponential."
"This is our motivation for adding fertility to these two models, and we expect that the resulting models will perform better than the baseline models."
"IBM Model 5 removes deficiency (Brown et al., 1993; Och and Ney, 2003) from IBM Model 4, but it is computationally very expensive due to the larger number of parameters than IBM Model 4, and IBM Model 5 often provides no improvement on alignment accuracy."
"Due to space constraints, we are unable to provide details for IBM Models 3, 4 and 5; see Brown et al."
"Without loss of generality, P (aJ , f J |e2I +1) can bility of jumping to an empty word is either 0 or p0, and the third equation implies that the probability of jumping from a nonempty word is the same as the probability of jumping from the corespondent empty 1 1 1 be decomposed into length probabilities, distortion probabilities (also called alignment probabilities), and lexical probabilities (also called translation probabilities): P (aJ , f J |e2I +1) 1 1 1 J word."
"The training data is the same as the above word alignment evaluation bitexts, with alignments for each model symmetrized using the grow-diag-final heuristic."
"Our fertility IBM Model 1 and fertility HMM are both generative models and start by defining the probability of fertilities (for each nonempty target word and all empty words), alignments, and the source sentence given the target sentence: P (φI , φǫ, aJ , f J |e2I +1); 1 1 1 1 are further away from the mean have low probability."
Figure 3 show the training time for different models.
"Fortunately, initializing using IBM Model 1 Viterbi does not decrease the accuracy in any noticeable way, and reduces the complexity of the Gibbs sampling algorithm."
Recent experiments on large datasets have shown that the performance of the hidden Markov model is very close to IBM Model 4.
"We smooth all parameters (λ(e) and P (f |e)) by adding a small value (10−8), so they never become too small."
"We also evaluate our model by computing the machine translation BLEU score (Papineni et al., 2002) using the Moses system (Koehn et al., 2007)."
"Surprisingly, we can achieve better results than the HMM by computing as few as 1 sample for each alignment, so the fertility hidden Markov model is much faster than the HMM."
