ref,citation_9,reference_id
"Therefore, we use Gibbs sampling for learning and the HMM Viterbi decoder for testing.",0.3618136134933163,reference_131
It is possible to use sampling instead of dynamic programming in the HMM to reduce the training time with no decrease in AER (often an increase).,0.3299831645537222,reference_188
"Initially, the fertility IBM Model 1 and fertility HMM did not perform well.",0.31622776601683794,reference_176
"In this case, the fertility hidden Markov model is not faster than the HMM.",0.31622776601683794,reference_116
"Interestingly, we found that throwing away the fertility and using the HMM Viterbi decoding achieves same results as the sampling approach (we can ignore the difference because it is tiny), but is faster.",0.3055050463303893,reference_130
