ref,citation_15,reference_id
"Interestingly, we found that throwing away the fertility and using the HMM Viterbi decoding achieves same results as the sampling approach (we can ignore the difference because it is tiny), but is faster.",0.299572344757639,reference_130
", J ) is O(tI J ).",0.2964997266644405,reference_122
"Therefore, we use Gibbs sampling for learning and the HMM Viterbi decoder for testing.",0.23652495839563306,reference_131
"This is the same complexity as the HMM if t is O(I ), and it has lower complexity if t is a constant.",0.23652495839563306,reference_123
"(1993) and Och and Ney (2003) first compute the Viterbi alignments for simpler models, then consider only some neighbors of the Viterbi alignments for modeling fertility.",0.2311250817605121,reference_36
