ref,citation_17,reference_id
"(1993), we assume that each source word is aligned to exactly one target word.",0.31622776601683794,reference_53
"This Gibbs sampling method updates parameters constantly, so it is an “online learning” algorithm.",0.29277002188456,reference_112
"Although we can estimate the parameters by using 1 1 (EM) algorithm (Dempster et al., 1977).",0.28284271247461895,reference_106
", J ) is O(tI J ).",0.2760262237369417,reference_122
"ITG models (Wu, 1997) assume the fertility to be either zero or one.",0.25318484177091666,reference_22
