ref,citation_4,reference_id
One may try to solve it by forcing all these words to share a same parameter λ(einfrequent).,0.3807498052542949,reference_179
"Therefore, we assume that φǫ follows a Poisson distribution with parameter I λ(ǫ).",0.3668996928526714,reference_92
"We solve the problem in the following way: estimate the parameter λ(enon empty ) for all nonempty words, all infrequent words share this parameter.",0.359937016532678,reference_181
"Unfortunately, this does not solve the problem because all infrequent words tend to have larger fertility than they should.",0.31008683647302115,reference_180
", J ) is O(tI J ).",0.2964997266644405,reference_122
