ref,citation_13,reference_id
"Therefore, we assume that φǫ follows a Poisson distribution with parameter I λ(ǫ).",0.29277002188456,reference_92
"Although we can estimate the parameters by using 1 1 (EM) algorithm (Dempster et al., 1977).",0.28284271247461895,reference_106
We estimate the parameters by maximizing P (f J |e2I +1) using the expectation maximization These equations are for the fertility hidden Markov model.,0.2788866755113585,reference_104
", J ) is O(tI J ).",0.2760262237369417,reference_122
"This is the same complexity as the HMM if t is O(I ), and it has lower complexity if t is a constant.",0.27524094128159016,reference_123
