ref,citation_10,reference_id
"(2006) learn the alignment in both translation directions jointly, essentially pushing the fertility towards 1.",0.3042903097250923,reference_21
(2008) applied the Markov Chain Monte Carlo method to word alignment for machine translation; they do not model word fertility.,0.2858309752375147,reference_47
"This is the same complexity as the HMM if t is O(I ), and it has lower complexity if t is a constant.",0.2842676218074806,reference_123
We use the alignment error rate (AER) as the word alignment evaluation criterion.,0.2721655269759087,reference_155
(1993) and Och and Ney (2003).,0.2672612419124244,reference_82
