ref,citation_12,reference_id
", J ) is O(tI J ).",0.346843987809648,reference_122
"This is the same complexity as the HMM if t is O(I ), and it has lower complexity if t is a constant.",0.3458572319330373,reference_123
"ITG models (Wu, 1997) assume the fertility to be either zero or one.",0.3181423814878889,reference_22
"Interestingly, we found that throwing away the fertility and using the HMM Viterbi decoding achieves same results as the sampling approach (we can ignore the difference because it is tiny), but is faster.",0.3003757045930553,reference_130
"(2006) learn the alignment in both translation directions jointly, essentially pushing the fertility towards 1.",0.2961744388795461,reference_21
