ref,citation_11,reference_id
"In this case, the fertility hidden Markov model is not faster than the HMM.",0.3296902366978935,reference_116
"Interestingly, we found that throwing away the fertility and using the HMM Viterbi decoding achieves same results as the sampling approach (we can ignore the difference because it is tiny), but is faster.",0.31851102863530306,reference_130
", J ) is O(tI J ).",0.31524416249564025,reference_122
"This is the same complexity as the HMM if t is O(I ), and it has lower complexity if t is a constant.",0.3143473067309657,reference_123
"There have been works that try to simulate fertility using the hidden Markov model (Toutanova et al., 2002; Deng and Byrne, 2005), but we prefer to model fertility directly.",0.3043478260869565,reference_24
