ref,citation_7,reference_id
"Initially, the fertility IBM Model 1 and fertility HMM did not perform well.",0.2581988897471611,reference_176
"The fertility HMM not only has lower AER than the HMM, it also runs faster than the HMM.",0.2581988897471611,reference_185
2.2 IBM Model 1 and HMM.,0.25,reference_60
"We can see that the fertility IBM Model 1 consistently outperforms IBM Model 1, and the fertility HMM consistently outperforms the HMM.",0.24618298195866545,reference_184
"2 For fertility IBM Model 1, we only need to compute I + 1.",0.2357022603955159,reference_126
