ref,citation_2,reference_id
(2008) applied the Markov Chain Monte Carlo method to word alignment for machine translation; they do not model word fertility.,0.3805211953235952,reference_47
"We use the Markov Chain Monte Carlo (MCMC) method for training and decoding, φi = j=1 δ(aj , i) which has nice probabilistic guarantees.",0.3344968040028363,reference_45
"Although we can estimate the parameters by using 1 1 (EM) algorithm (Dempster et al., 1977).",0.30382181012509996,reference_106
", J ) is O(tI J ).",0.2964997266644405,reference_122
"If a target word e only appeared a few times in the training corpus, our model cannot reliably estimate the parameter λ(e).",0.28539089649269644,reference_177
