ref,citation_0,reference_id
"Although we can estimate the parameters by using 1 1 (EM) algorithm (Dempster et al., 1977).",0.3614784456460256,reference_106
"AER results are computed using the IBM Model 1 Viterbi alignments, and the Viterbi alignments obtained from the Gibbs sampling algorithm.",0.3098386676965933,reference_166
"Interestingly, we found that throwing away the fertility and using the HMM Viterbi decoding achieves same results as the sampling approach (we can ignore the difference because it is tiny), but is faster.",0.3055050463303893,reference_130
", J ) is O(tI J ).",0.30237157840738177,reference_122
"There have been works that try to simulate fertility using the hidden Markov model (Toutanova et al., 2002; Deng and Byrne, 2005), but we prefer to model fertility directly.",0.2919201796799047,reference_24
