ref,citation_6,reference_id
"Initially, the fertility IBM Model 1 and fertility HMM did not perform well.",0.4949747468305832,reference_176
"We can see that the fertility IBM Model 1 consistently outperforms IBM Model 1, and the fertility HMM consistently outperforms the HMM.",0.4719399037242695,reference_184
2.2 IBM Model 1 and HMM.,0.4564354645876385,reference_60
We initialize the HMM and the fertility HMM with the parameters learned in the 5th iteration of IBM Model 1.,0.451848057057532,reference_167
Gibbs sampling for the fertility IBM Model 1 is similar but simpler.,0.4472135954999579,reference_132
