ref,citation_14,reference_id
One may try to solve it by forcing all these words to share a same parameter λ(einfrequent).,0.3736323588785367,reference_179
"We solve the problem in the following way: estimate the parameter λ(enon empty ) for all nonempty words, all infrequent words share this parameter.",0.3532086285506784,reference_181
"Therefore, we assume that φǫ follows a Poisson distribution with parameter I λ(ǫ).",0.3086066999241838,reference_92
"Unfortunately, this does not solve the problem because all infrequent words tend to have larger fertility than they should.",0.3042903097250923,reference_180
", J ) is O(tI J ).",0.2909571869813232,reference_122
