ref,citation_3,reference_id
", J ) is O(tI J ).",0.3563483225498992,reference_122
"This is the same complexity as the HMM if t is O(I ), and it has lower complexity if t is a constant.",0.3553345272593507,reference_123
"ITG models (Wu, 1997) assume the fertility to be either zero or one.",0.3268602252303067,reference_22
"Therefore, we assume that φǫ follows a Poisson distribution with parameter I λ(ǫ).",0.314970394174356,reference_92
"Interestingly, we found that throwing away the fertility and using the HMM Viterbi decoding achieves same results as the sampling approach (we can ignore the difference because it is tiny), but is faster.",0.3086066999241838,reference_130
