ref,citation_16,reference_id
"There have been works that try to simulate fertility using the hidden Markov model (Toutanova et al., 2002; Deng and Byrne, 2005), but we prefer to model fertility directly.",0.3044295411712823,reference_24
"IBM models and the hidden Markov model (HMM) for word alignment are the most influential statistical word alignment models (Brown et al., 1993; Vogel et al., 1996; Och and Ney, 2003).",0.29801978033963483,reference_6
"Most other researchers take either the HMM alignments (Liang et al., 2006) or IBM Model 4 alignments (Cherry and Lin, 2003) as input and perform post-processing, whereas our model is a potential replacement for the HMM and IBM Model 4.",0.2809757434745082,reference_17
"We also evaluate our model by computing the machine translation BLEU score (Papineni et al., 2002) using the Moses system (Koehn et al., 2007).",0.27668578554642986,reference_190
"Although we can estimate the parameters by using 1 1 (EM) algorithm (Dempster et al., 1977).",0.2513123449750173,reference_106
