ref,citation_8,reference_id
"Our distortion parameters are similar to IBM Model 2 and the HMM, while IBM Model 4 uses inverse distortion (Brown et al., 1993).",0.2711138549079501,reference_30
"IBM models and the hidden Markov model (HMM) for word alignment are the most influential statistical word alignment models (Brown et al., 1993; Vogel et al., 1996; Och and Ney, 2003).",0.2680281337094487,reference_6
"Although we can estimate the parameters by using 1 1 (EM) algorithm (Dempster et al., 1977).",0.23732222626728364,reference_106
"In practice, the fertility for a target word in IBM Model 1 is not very big except for rare target words, which can become a garbage collector, and align to many source words (Brown et al., 1993; Och and Ney, 2003; Moore, 2004).",0.23211917272131485,reference_75
"(1993), we assume that each source word is aligned to exactly one target word.",0.227429413073671,reference_53
