Reference text
"Although we can estimate the parameters by using 1 1 (EM) algorithm (Dempster et al., 1977)."
"AER results are computed using the IBM Model 1 Viterbi alignments, and the Viterbi alignments obtained from the Gibbs sampling algorithm."
"Interestingly, we found that throwing away the fertility and using the HMM Viterbi decoding achieves same results as the sampling approach (we can ignore the difference because it is tiny), but is faster."
", J ) is O(tI J )."
"There have been works that try to simulate fertility using the hidden Markov model (Toutanova et al., 2002; Deng and Byrne, 2005), but we prefer to model fertility directly."
"In this case, the fertility hidden Markov model is not faster than the HMM."
"This is the same complexity as the HMM if t is O(I ), and it has lower complexity if t is a constant."
(2008) applied the Markov Chain Monte Carlo method to word alignment for machine translation; they do not model word fertility.
"We use the Markov Chain Monte Carlo (MCMC) method for training and decoding, φi = j=1 δ(aj , i) which has nice probabilistic guarantees."
"If a target word e only appeared a few times in the training corpus, our model cannot reliably estimate the parameter λ(e)."
"ITG models (Wu, 1997) assume the fertility to be either zero or one."
"Therefore, we assume that φǫ follows a Poisson distribution with parameter I λ(ǫ)."
One may try to solve it by forcing all these words to share a same parameter λ(einfrequent).
"We solve the problem in the following way: estimate the parameter λ(enon empty ) for all nonempty words, all infrequent words share this parameter."
"Unfortunately, this does not solve the problem because all infrequent words tend to have larger fertility than they should."
"Therefore, we use Gibbs sampling for learning and the HMM Viterbi decoder for testing."
"(1993) and Och and Ney (2003) first compute the Viterbi alignments for simpler models, then consider only some neighbors of the Viterbi alignments for modeling fertility."
"Initially, the fertility IBM Model 1 and fertility HMM did not perform well."
"We can see that the fertility IBM Model 1 consistently outperforms IBM Model 1, and the fertility HMM consistently outperforms the HMM."
2.2 IBM Model 1 and HMM.
We initialize the HMM and the fertility HMM with the parameters learned in the 5th iteration of IBM Model 1.
Gibbs sampling for the fertility IBM Model 1 is similar but simpler.
"The fertility HMM not only has lower AER than the HMM, it also runs faster than the HMM."
"2 For fertility IBM Model 1, we only need to compute I + 1."
"Our distortion parameters are similar to IBM Model 2 and the HMM, while IBM Model 4 uses inverse distortion (Brown et al., 1993)."
"IBM models and the hidden Markov model (HMM) for word alignment are the most influential statistical word alignment models (Brown et al., 1993; Vogel et al., 1996; Och and Ney, 2003)."
"In practice, the fertility for a target word in IBM Model 1 is not very big except for rare target words, which can become a garbage collector, and align to many source words (Brown et al., 1993; Och and Ney, 2003; Moore, 2004)."
"(1993), we assume that each source word is aligned to exactly one target word."
It is possible to use sampling instead of dynamic programming in the HMM to reduce the training time with no decrease in AER (often an increase).
"(2006) learn the alignment in both translation directions jointly, essentially pushing the fertility towards 1."
We use the alignment error rate (AER) as the word alignment evaluation criterion.
(1993) and Och and Ney (2003).
We estimate the parameters by maximizing P (f J |e2I +1) using the expectation maximization These equations are for the fertility hidden Markov model.
"Most other researchers take either the HMM alignments (Liang et al., 2006) or IBM Model 4 alignments (Cherry and Lin, 2003) as input and perform post-processing, whereas our model is a potential replacement for the HMM and IBM Model 4."
"We also evaluate our model by computing the machine translation BLEU score (Papineni et al., 2002) using the Moses system (Koehn et al., 2007)."
"This Gibbs sampling method updates parameters constantly, so it is an “online learning” algorithm."
