ref,citation_8,reference_id
"Su and Markert (2008) present supervised classifiers, which rely mostly on WordNet glosses and do not effectively exploit WordNet’s relation structure.",0.5121349542106871,reference_46
"We also cannot use prior graph construction methods for the document level (such as physical proximity of sentences, used in Pang and Lee (2004)) at the word sense level.",0.5141929498636179,reference_29
"Both Wiebe and Mihalcea (2006) and our prior work (Su and Markert, 2008) present an annotation scheme for word sense subjectivity and algorithms for automatic classification.",0.5304383679000926,reference_43
This provides a non graph 0.16 0.84 flicker Figure 1: Graph of Word Senses which is representative of the part-of-speech distribution in WordNet 6.,0.5320952544298948,reference_131
The experimental results show that our proposed approach is significantly better than a standard supervised classification framework as well as a supervised Mincut.,0.5674066815359514,reference_220
