ref,citation_2,reference_id
"The experimental results show that it outperforms supervised minimum cut as well as standard supervised, non-graph classification, reducing the error rate by 40%.",0.5378330265059564,reference_4
"There has been a large and diverse body of research in opinion mining, with most research at the text (Pang et al., 2002; Pang and Lee, 2004; Popescu and Etzioni, 2005; Ounis et al., 2006), sentence (Kim and Hovy, 2005; Kudo and Matsumoto, 2004; Riloff et al., 2003; Yu and Hatzivassiloglou, 2003) or word (Hatzivassiloglou and McKeown, 1997; Turney and Littman, 2003; Kim and Hovy, 2004; Takamura et al., 2005; Andreevskaia and Bergler, 2006; Kaji and Kitsuregawa, 2007) level.",0.5439869237443943,reference_26
"(2005) use a semi-supervised spin model for word polarity determination, where the graph 2 It can be argued that subjectivity labels are maybe rather more graded than the clear-cut binary distinction we assign.",0.5477827561959047,reference_31
"We also cannot use prior graph construction methods for the document level (such as physical proximity of sentences, used in Pang and Lee (2004)) at the word sense level.",0.5494073729001452,reference_29
"Second, Mincuts can be easily expanded into a semi-supervised framework (Blum and Chawla, 2001).",0.5563134359290368,reference_54
