ref,citation_12,reference_id
"However, in Su and Markert (2008a) as well as Wiebe and Mi- halcea (2006) we find that human can assign the binary distinction to word senses with a high level of reliability.",0.4327423126802365,reference_32
"(2005) use a semi-supervised spin model for word polarity determination, where the graph 2 It can be argued that subjectivity labels are maybe rather more graded than the clear-cut binary distinction we assign.",0.5083934432658229,reference_31
All combinations perform significantly better than the more frequent category baseline and similarly to the supervised Naive Bayes classifier (see S&M in Table 2) we used in Su and Mark- ert (2008).,0.5163051275930536,reference_152
"Graph-based algorithms for classification into subjective/objective or positive/negative language units have been mostly used at the sentence and document level (Pang and Lee, 2004; Agarwal and Bhattacharyya, 2005; Thomas et al., 2006), instead of aiming at dictionary annotation as we do.",0.5369834660862505,reference_28
"Both Wiebe and Mihalcea (2006) and our prior work (Su and Markert, 2008) present an annotation scheme for word sense subjectivity and algorithms for automatic classification.",0.5416392925226847,reference_43
