ref,citation_6,reference_id
We propose a semi-supervised minimum cut framework that makes use of both WordNet definitions and its relation structure.,0.30299015013047226,reference_3
"Moreover, Andreevskaia and Bergler (2006) show that the performance of automatic annotation of subjectivity at the word level can be hurt by the presence of subjectivity-ambiguous words in the training sets they use.",0.4082903978341348,reference_16
We supplement WordNet entries with information on the subjectivity of its word senses.,0.4432906786128052,reference_0
"Information on subjectivity of senses can also improve other tasks such as word sense disambiguation (Wiebe and Mihalcea, 2006).",0.4572654578148264,reference_15
"Moreover, the semi- supervised Mincut with only 200 labeled data items performs even better than SVM with 954 training items (78.9% vs 75.3%), showing that our semi- supervised framework allows for a training data reduction of more than 80%.",0.4671714827782303,reference_189
