ref,citation_10,reference_id
"Second, we manually collected a small set (denoted by SubjSet) of seven subjective verb and noun senses which are close to the root in WordNet’s hypernym tree.",0.6090101837051832,reference_144
"As can be seen, the semi-supervised Mincuts is consistently better than SVM.",0.6772115288737017,reference_188
"We therefore simply scan each sense in A, and collect all senses related to it via one of the WordNet relations in Table 1.",0.733880657491552,reference_97
"Relati on Feature s (R): First, we use two features for each of the ten WordNet relations in Table 1, describing how many relations of that type the sense has to senses in the subjectiv e or objective part of the training set, respectiv ely.",0.7607331865393611,reference_130
WordNet sense with at least two subjective words in its gloss as subjective and all other senses as objective.,0.7640775173722426,reference_106
