ref,citation_4,reference_id
We propose a semi-supervised minimum cut framework that makes use of both WordNet definitions and its relation structure.,0.4826472965077989,reference_3
3.3 Formulation of Semi-supervised Mincuts.,0.4917034260129189,reference_60
We propose a semi-supervised minimum cut algorithm for subjectivity recognition on word senses.,0.5348374647375622,reference_219
"In other words, a minimum cut problem is to find a partition of the graph which minimizes the following formula, where w(u, v) expresses the weight of an edge between two vertices.",0.5462729837980828,reference_52
"Qc 2009 Association for Computational Linguistics We propose a semi-supervised approach based on minimum cut in a lexical relation graph to assign subjectivity (subjective/objective) labels to word senses.2 Our algorithm outperforms supervised minimum cuts and standard supervised, non-graph classification algorithms (like SVM), reducing the error rate by up to 40%.",0.5562620031403483,reference_19
