ref,citation_5,reference_id
"Also, WordNet connections between different parts of the WordNet hierarchy can also be sparse, leading to relatively isolated senses in a graph in a supervised framework.",0.3963775019762824,reference_57
"In contrast, the edges between two senses can incorporate the WordNet relation hierarchy, which is a good source of similarity for our problem as many WordNet relations are subjectivity-preserving, i.e. if two senses are connected via such a relation they are likely to be both ing steps, which we later describe in more detail.",0.4193189186307378,reference_69
"For example, we first use {antonym, similar-to} only to obtain a unlabeled dataset U1, then use a larger subset of the relations like {antonym, similar-to, direct-hyponym, direct- hypernym} to generate another unlabeled dataset U2, and so forth.",0.4392475535004593,reference_197
"We also cannot use prior graph construction methods for the document level (such as physical proximity of sentences, used in Pang and Lee (2004)) at the word sense level.",0.4506977555656875,reference_29
We supplement WordNet entries with information on the subjectivity of its word senses.,0.4606419035530688,reference_0
