ref,citation_11,reference_id
"To do this, we adapt an unsupervised method of generating a large noisy set of subjective and objective senses from our previous work (Su and Markert, 2008).",0.4082835312648559,reference_93
"Moreover, Andreevskaia and Bergler (2006) show that the performance of automatic annotation of subjectivity at the word level can be hurt by the presence of subjectivity-ambiguous words in the training sets they use.",0.4506594470023557,reference_16
"All items in the training/test data are seen as vertices in a graph with undirected weighted edges between them specifying how strong the similarity/association between two vertices is. We use minimum s-t cuts: the graph contains two particular vertices s (source, corresponds to subjective) and t (sink, corresponds to objective) and each vertex u is connected to s and t via a weighted edge that can express how likely u is to be classified as s or t in isolation.",0.4574833309871559,reference_49
Semi-supervised Mincuts allow us to import unlabeled data that can serve as bridges to isolated components.,0.4591032253038623,reference_58
We propose a semi-supervised minimum cut algorithm for subjectivity recognition on word senses.,0.4690255794796164,reference_219
