ref,citation_9,reference_id
"Wiebe and Mi- halcea (2006) use an algorithm relying on distributional similarity and an independent, large manually annotated opinion corpus (MPQA) (Wiebe et al., 2005).",0.6363760598518505,reference_44
"Graph-based algorithms for classification into subjective/objective or positive/negative language units have been mostly used at the sentence and document level (Pang and Lee, 2004; Agarwal and Bhattacharyya, 2005; Thomas et al., 2006), instead of aiming at dictionary annotation as we do.",0.6502943292640697,reference_28
"Automatic identification of subjective content often relies on word indicators, such as unigrams (Pang et al., 2002) or predetermined sentiment lexica (Wilson et al., 2005).",0.6609452111586215,reference_8
This provides a non graph 0.16 0.84 flicker Figure 1: Graph of Word Senses which is representative of the part-of-speech distribution in WordNet 6.,0.6675437305974923,reference_131
"They then extend their work (Esuli and Sebastiani, 2007) by applying the Page Rank algorithm to rank the WordNet senses in terms of how strongly a sense possesses a given semantic property (e.g., positive or negative).",0.6702623633728915,reference_41
