ref,citation_7,reference_id
"Automatic identification of subjective content often relies on word indicators, such as unigrams (Pang et al., 2002) or predetermined sentiment lexica (Wilson et al., 2005).",0.3883439963284792,reference_8
"Graph-based algorithms for classification into subjective/objective or positive/negative language units have been mostly used at the sentence and document level (Pang and Lee, 2004; Agarwal and Bhattacharyya, 2005; Thomas et al., 2006), instead of aiming at dictionary annotation as we do.",0.4047884672487306,reference_28
"First, contextual indicators such as irony and negation can reverse subjectivity or polarity indications (Polanyi and Zaenen, 2004).",0.454534440294021,reference_11
"Apart from using a different graph-based model from ours, they assume that subjectivity recognition has already been achieved prior to polarity recognition and test against word lists containing subjective words only.",0.47593522612874395,reference_34
"Important strands of work include the identification of subjective content and the determination of its polarity, i.e. whether a favourable or unfavourable opinion is expressed.",0.4985207899753188,reference_7
