ref,citation_0,reference_id
"Both Wiebe and Mihalcea (2006) and our prior work (Su and Markert, 2008) present an annotation scheme for word sense subjectivity and algorithms for automatic classification.",0.5107614096077627,reference_43
"(2005) use a semi-supervised spin model for word polarity determination, where the graph 2 It can be argued that subjectivity labels are maybe rather more graded than the clear-cut binary distinction we assign.",0.6111491838544332,reference_31
"In addition, we deal with classification at the word sense level, treating also subjectivity-ambiguous words, which goes beyond the work in Takamura et al.",0.6134383502083587,reference_36
"In our previous work (Su and Markert, 2008), we report 76.9% as the best accuracy on the same Micro Table 5: Accuracy with different sizes of unlabeled data from WordNet relation Re lati on # unl ab ele d da ta Ac cu ra cy {∅ } 0 75 .3 % {si milar to } 41 8 79 .1 % {si milar to, ant on ym } 51 4 79 .5 % {si milarto, antonym, direct-hypernym, direct hy po ny m } 2, 72 1 84 .4 % {si milarto, antonym, direct-hypernym, direct hy po ny m, also se e, ext en ded ant on ym } 3, 00 4 84 .4 % {si milarto, antonym, direct-hypernym, direct hy po ny m, al so se e, ex te nd ed an to ny m, d eri ved fr o m , at tri bu te , d o m ai n, d o m ain m e m be r} 3, 22 0 84 .6 % 89 Option1 87 Option2.",0.6491836483445724,reference_204
"Apart from using a different graph-based model from ours, they assume that subjectivity recognition has already been achieved prior to polarity recognition and test against word lists containing subjective words only.",0.6514668005740321,reference_34
