ref,citation_3,reference_id
Binary classification with minimum cuts (Mincuts) in graphs is based on the idea that similar items should be grouped in the same cut.,0.4617120066343589,reference_48
3.3 Formulation of Semi-supervised Mincuts.,0.5964688265081574,reference_60
"First, our problem satisfies two major conditions necessary for using minimum cuts.",0.6065542957693933,reference_65
"One of the disadvantages of their algorithm is that it is restricted to senses that have distributionally similar words in the MPQA corpus, excluding 23% of their test data from automatic classification.",0.6107923690038632,reference_45
"W (S, T ) = ) u∈S,v∈T w(u, v)The formulation of our semi supervised Mincut for sense subjectivity classification involves the follow Globally optimal minimum cuts can be found in polynomial time and near-linear running time in practice, using the maximum flow algorithm (Pang and Lee, 2004; Cormen et al., 2002).",0.6516326151473739,reference_61
