Reference text,similarity
"Both Wiebe and Mihalcea (2006) and our prior work (Su and Markert, 2008) present an annotation scheme for word sense subjectivity and algorithms for automatic classification.",0.5107614096077627,reference_43
"(2005) use a semi-supervised spin model for word polarity determination, where the graph 2 It can be argued that subjectivity labels are maybe rather more graded than the clear-cut binary distinction we assign.",0.6111491838544332,reference_31
"In addition, we deal with classification at the word sense level, treating also subjectivity-ambiguous words, which goes beyond the work in Takamura et al.",0.6134383502083587,reference_36
"In our previous work (Su and Markert, 2008), we report 76.9% as the best accuracy on the same Micro Table 5: Accuracy with different sizes of unlabeled data from WordNet relation Re lati on # unl ab ele d da ta Ac cu ra cy {∅ } 0 75 .3 % {si milar to } 41 8 79 .1 % {si milar to, ant on ym } 51 4 79 .5 % {si milarto, antonym, direct-hypernym, direct hy po ny m } 2, 72 1 84 .4 % {si milarto, antonym, direct-hypernym, direct hy po ny m, also se e, ext en ded ant on ym } 3, 00 4 84 .4 % {si milarto, antonym, direct-hypernym, direct hy po ny m, al so se e, ex te nd ed an to ny m, d eri ved fr o m , at tri bu te , d o m ai n, d o m ain m e m be r} 3, 22 0 84 .6 % 89 Option1 87 Option2.",0.6491836483445724,reference_204
"Apart from using a different graph-based model from ours, they assume that subjectivity recognition has already been achieved prior to polarity recognition and test against word lists containing subjective words only.",0.6514668005740321,reference_34
"The experimental results show that it outperforms supervised minimum cut as well as standard supervised, non-graph classification, reducing the error rate by 40%.",0.5378330265059564,reference_4
"There has been a large and diverse body of research in opinion mining, with most research at the text (Pang et al., 2002; Pang and Lee, 2004; Popescu and Etzioni, 2005; Ounis et al., 2006), sentence (Kim and Hovy, 2005; Kudo and Matsumoto, 2004; Riloff et al., 2003; Yu and Hatzivassiloglou, 2003) or word (Hatzivassiloglou and McKeown, 1997; Turney and Littman, 2003; Kim and Hovy, 2004; Takamura et al., 2005; Andreevskaia and Bergler, 2006; Kaji and Kitsuregawa, 2007) level.",0.5439869237443943,reference_26
"We also cannot use prior graph construction methods for the document level (such as physical proximity of sentences, used in Pang and Lee (2004)) at the word sense level.",0.5494073729001452,reference_29
"Second, Mincuts can be easily expanded into a semi-supervised framework (Blum and Chawla, 2001).",0.5563134359290368,reference_54
Binary classification with minimum cuts (Mincuts) in graphs is based on the idea that similar items should be grouped in the same cut.,0.4617120066343589,reference_48
3.3 Formulation of Semi-supervised Mincuts.,0.5964688265081574,reference_60
"First, our problem satisfies two major conditions necessary for using minimum cuts.",0.6065542957693933,reference_65
"One of the disadvantages of their algorithm is that it is restricted to senses that have distributionally similar words in the MPQA corpus, excluding 23% of their test data from automatic classification.",0.6107923690038632,reference_45
"W (S, T ) = ) u∈S,v∈T w(u, v)The formulation of our semi supervised Mincut for sense subjectivity classification involves the follow Globally optimal minimum cuts can be found in polynomial time and near-linear running time in practice, using the maximum flow algorithm (Pang and Lee, 2004; Cormen et al., 2002).",0.6516326151473739,reference_61
We propose a semi-supervised minimum cut framework that makes use of both WordNet definitions and its relation structure.,0.4826472965077989,reference_3
We propose a semi-supervised minimum cut algorithm for subjectivity recognition on word senses.,0.5348374647375622,reference_219
"In other words, a minimum cut problem is to find a partition of the graph which minimizes the following formula, where w(u, v) expresses the weight of an edge between two vertices.",0.5462729837980828,reference_52
"Qc 2009 Association for Computational Linguistics We propose a semi-supervised approach based on minimum cut in a lexical relation graph to assign subjectivity (subjective/objective) labels to word senses.2 Our algorithm outperforms supervised minimum cuts and standard supervised, non-graph classification algorithms (like SVM), reducing the error rate by up to 40%.",0.5562620031403483,reference_19
"Also, WordNet connections between different parts of the WordNet hierarchy can also be sparse, leading to relatively isolated senses in a graph in a supervised framework.",0.3963775019762824,reference_57
"In contrast, the edges between two senses can incorporate the WordNet relation hierarchy, which is a good source of similarity for our problem as many WordNet relations are subjectivity-preserving, i.e. if two senses are connected via such a relation they are likely to be both ing steps, which we later describe in more detail.",0.4193189186307378,reference_69
"For example, we first use {antonym, similar-to} only to obtain a unlabeled dataset U1, then use a larger subset of the relations like {antonym, similar-to, direct-hyponym, direct- hypernym} to generate another unlabeled dataset U2, and so forth.",0.4392475535004593,reference_197
We supplement WordNet entries with information on the subjectivity of its word senses.,0.4606419035530688,reference_0
"Moreover, Andreevskaia and Bergler (2006) show that the performance of automatic annotation of subjectivity at the word level can be hurt by the presence of subjectivity-ambiguous words in the training sets they use.",0.4082903978341348,reference_16
"Information on subjectivity of senses can also improve other tasks such as word sense disambiguation (Wiebe and Mihalcea, 2006).",0.4572654578148264,reference_15
"Moreover, the semi- supervised Mincut with only 200 labeled data items performs even better than SVM with 954 training items (78.9% vs 75.3%), showing that our semi- supervised framework allows for a training data reduction of more than 80%.",0.4671714827782303,reference_189
"Automatic identification of subjective content often relies on word indicators, such as unigrams (Pang et al., 2002) or predetermined sentiment lexica (Wilson et al., 2005).",0.3883439963284792,reference_8
"Graph-based algorithms for classification into subjective/objective or positive/negative language units have been mostly used at the sentence and document level (Pang and Lee, 2004; Agarwal and Bhattacharyya, 2005; Thomas et al., 2006), instead of aiming at dictionary annotation as we do.",0.4047884672487306,reference_28
"First, contextual indicators such as irony and negation can reverse subjectivity or polarity indications (Polanyi and Zaenen, 2004).",0.454534440294021,reference_11
"Important strands of work include the identification of subjective content and the determination of its polarity, i.e. whether a favourable or unfavourable opinion is expressed.",0.4985207899753188,reference_7
"Su and Markert (2008) present supervised classifiers, which rely mostly on WordNet glosses and do not effectively exploit WordNet’s relation structure.",0.5121349542106871,reference_46
This provides a non graph 0.16 0.84 flicker Figure 1: Graph of Word Senses which is representative of the part-of-speech distribution in WordNet 6.,0.5320952544298948,reference_131
The experimental results show that our proposed approach is significantly better than a standard supervised classification framework as well as a supervised Mincut.,0.5674066815359514,reference_220
"Wiebe and Mi- halcea (2006) use an algorithm relying on distributional similarity and an independent, large manually annotated opinion corpus (MPQA) (Wiebe et al., 2005).",0.6363760598518505,reference_44
"They then extend their work (Esuli and Sebastiani, 2007) by applying the Page Rank algorithm to rank the WordNet senses in terms of how strongly a sense possesses a given semantic property (e.g., positive or negative).",0.6702623633728915,reference_41
"Second, we manually collected a small set (denoted by SubjSet) of seven subjective verb and noun senses which are close to the root in WordNet’s hypernym tree.",0.6090101837051832,reference_144
"As can be seen, the semi-supervised Mincuts is consistently better than SVM.",0.6772115288737017,reference_188
"We therefore simply scan each sense in A, and collect all senses related to it via one of the WordNet relations in Table 1.",0.733880657491552,reference_97
"Relati on Feature s (R): First, we use two features for each of the ten WordNet relations in Table 1, describing how many relations of that type the sense has to senses in the subjectiv e or objective part of the training set, respectiv ely.",0.7607331865393611,reference_130
WordNet sense with at least two subjective words in its gloss as subjective and all other senses as objective.,0.7640775173722426,reference_106
"To do this, we adapt an unsupervised method of generating a large noisy set of subjective and objective senses from our previous work (Su and Markert, 2008).",0.4082835312648559,reference_93
"All items in the training/test data are seen as vertices in a graph with undirected weighted edges between them specifying how strong the similarity/association between two vertices is. We use minimum s-t cuts: the graph contains two particular vertices s (source, corresponds to subjective) and t (sink, corresponds to objective) and each vertex u is connected to s and t via a weighted edge that can express how likely u is to be classified as s or t in isolation.",0.4574833309871559,reference_49
Semi-supervised Mincuts allow us to import unlabeled data that can serve as bridges to isolated components.,0.4591032253038623,reference_58
"However, in Su and Markert (2008a) as well as Wiebe and Mi- halcea (2006) we find that human can assign the binary distinction to word senses with a high level of reliability.",0.4327423126802365,reference_32
All combinations perform significantly better than the more frequent category baseline and similarly to the supervised Naive Bayes classifier (see S&M in Table 2) we used in Su and Mark- ert (2008).,0.5163051275930536,reference_152
