Index,Reference,Reference Text
0,J06-1004,"['Beesley and Karttunen (2000) describe a technique, called compile-replace, for constructing FSTs, which involves reapplying the regular-expression compiler to its own output.']"
1,P55-62_p00,"['Beesleyl7l presents a finite-state morphological analyzer for Arabic, which displays the root, pattern and prefixes/suffixes.']"
2,P9852_p00,"['Thus, we employ the com pile-replace feature in xfst (Beesley & Karttunen, 2000).', 'This feature allows the repetition of arbi trarily complex sublanguages by specifying the brackets \'""\'[ "" and ""A 1 "" to mark the domain of re duplication.']"
3,PE2006_p00,"['Beesley and Karttunen (2000) describe a technique, called compile-replace, for constructing FSTs, which involves reapplying the regular-expression compiler to its own output.']"
4,Plex_p00,"['Challenging non-concatenative morphological phenomena, such as circumfixion and root-and-pattern morphology, can be characterized by regular means (Beesley and Karttunen 2000, 2003).']"
5,Plex_p00,['Even total reduplication can be characterized without going outside the regular languages (Beesley and Karttunen 2000).']
6,Pmorph_p00,['In this section we will show in detail how Realizational Morphology can be expressed in terms of the parc/xrce regular expression calculus as dened in Beesley and Karttunen [4].']
7,Pstat_p00,"['The application of the merge algorithm to the lower-side of the relation is performed by the COMPILER EPL ACE algorithm (Beesley and Karttunen, 2000),11 and the result is shown in Figure 7.']"
8,W02-0503-parscit130908,['Beesley and Karttunen (2000) described a new technique for constructing finite-state transducers that involves reapplying a regular-expression compiler to its own output.']
9,W07-0802-parscit130908,"['A large-scale implementation of the Arabic morphological system is the Xerox Arabic Morphologi cal Analyzer and Generator (Beesley and Karttunen,2000; Beesley, 2001).']"
10,W08-0703,"['In the last decade, finite-state approaches to phonology (Gildea and Jurafsky, 1996; Beesley and Karttunen, 2000) have effectively brought theoretical linguistic work on rewrite rules into the computational realm.']"
11,W09-0802,"['The interdigitation is handled using a compile-replace process using the replace operator (Karttunen and Beesley, 2000) (Karttunen, 1995).']"
