Reference,Reference Text
ABSTRACT,"finite-state morphology in the general tradition of the two-level and xerox implementations has proved very successful in the production of robust morphological analyzer-generators, including many large-scale commercial systems."
ABSTRACT,"however, it has long been recognized that these implementations have serious limitations in handling non-concatenative phenomena."
ABSTRACT,we describe a new technique for constructing finite- state transducers that involves reapplying the regular-expression compiler to its own output.
ABSTRACT,"implemented in an algorithm called compile- replace, this technique has proved useful for handling non-concatenative phenomena; and we demonstrate it on malay full-stem reduplication and arabic stem interdigitation."
Introduction,most natural languages construct words by concatenating morphemes together in strict orders.
Introduction,"such “concatenative morphotactics” can be impressively productive, especially in agglutinative languages like aymara (figure 11) or turkish, and in agglutinative/polysynthetic languages like inuktitut (figure 2)(mallon, 1999, 2)."
Introduction,in such languages a single word may contain as many morphemes as an average-length english sentence.
Introduction,"finite-state morphology in the tradition of the two-level (koskenniemi, 1983) and xerox implementations (karttunen, 1991; karttunen, 1994; beesley and karttunen, 2000) has been very successful in implementing large-scale, robust and efficient morphological analyzergenerators for concatenative languages, includ ing the commercially important european languages and non-indo-european examples like 1 i wish to thank stuart newton for this example."
Introduction,"finnish, turkish and hungarian."
Introduction,"however, koskenniemi himself understood that his initial implementation had significant limitations in handling non-concatenative morphotactic processes: “only restricted infixation and reduplication can be handled adequately with the present system."
Introduction,"some extensions or revisions will be necessary for an adequate description of languages possessing extensive infixation or reduplication” (koskenniemi, 1983, 27)."
Introduction,"this limitation has of course not escaped the notice of various reviewers, e.g"
Introduction,sproat(1992).
Introduction,we shall argue that the morphotactic limitations of the traditional implementations are the direct result of relying solely on the concatenation operation in morphotactic description.
Introduction,"we describe a technique, within the xerox implementation of finite-state morphology, that corrects the limitations at the source, going beyond concatenation to allow the full range of finite-state operations to be used in morphotac- tic description."
Introduction,"regular-expression descriptions are compiled into finite-state automata or transducers (collectively called networks) as usual, and then the compiler is reapplied to its own output, producing a modified but still finite- state network."
Introduction,"this technique, implemented in an algorithm called compile-replace, has already proved useful for handling malay full- stem reduplication and arabic stem interdigitation, which will be described below."
Introduction,"before illustrating these applications, we will first outline our general approach to finite-state morphology."
Finite-State  Morphology. ,"lexical: uta+ma+naka+p+xa+samacha-i+wa surface: uta ma n ka p xa samach i wa uta = house (root) +ma = 2nd person possessive +na = in -ka = (locative, verbalizer) +p = plural +xa = perfect aspect +samacha = ""apparently"" -i = 3rd person +wa = topic marker figure 1: aymara: utamankapxasamachiwa = ”it appears that they are in your house” lexical: paris+mut+nngau+juma+niraq+lauq+sima+nngit+junga surface: pari mu nngau juma nira lauq sima nngit tunga paris = (root = paris) +mut = terminalis case ending +nngau = go (verbalizer) +juma = want +niraq = declare (that) +lauq = past +sima = (added to -lauq- indicates ""distant past"") +nngit = negative +junga = 1st person sing."
Finite-State  Morphology. ,present indic (nonspecific) figure 2: inuktitut: parimunngaujumaniralauqsimanngittunga = “i never said i wanted to go to paris” 2.1 analysis and generation.
Finite-State  Morphology. ,"in the most theory- and implementation-neutral form, morphological analysis and generation of written words can be modeled as a relation between the words themselves and analyses of those words."
Finite-State  Morphology. ,"computationally, as shown in figure 3, a black-box module maps from words to analyses to effect analysis, and from analyses to words to effect generation."
Finite-State  Morphology. ,"analyses analyzer/ generator words figure 3: morphological analysis/generation as a relation between analyses and words the basic claim or hope of the finite-state approach to natural-language morphology is that relations like that represented in figure 3 are in fact regular relations, i.e"
Finite-State  Morphology. ,relations between two regular languages.
Finite-State  Morphology. ,the surface language consists of strings (= words = sequences of symbols) written according to some defined orthography.
Finite-State  Morphology. ,"in a commercial application for a natural language, the surface language to be modeled is usually a given, e.g"
Finite-State  Morphology. ,the set of valid french words as written according to standard french orthography.
Finite-State  Morphology. ,"the lexical language again consists of strings, but strings designed according to the needs and taste of the linguist, representing analyses of the surface words."
Finite-State  Morphology. ,"it is sometimes convenient to design these lexical strings to show all the constituent morphemes in their morphophonemic form, separated and identified as in figures 1 and 2."
Finite-State  Morphology. ,"in other applications, it may be useful to design the lexical strings to contain the traditional dictionary citation form, together with linguist-selected “tag” sym analysis strings regular expression compiler f s t word strings figure 4: compilation of a regular expression into an fst that maps between two regular languages bols like +noun, +verb, +sg, +pl, that convey category, person, number, tense, mood, case, etc"
Finite-State  Morphology. ,"thus the lexical string representing paie, the first-person singular, present indicative form of the french verb payer (“to pay”), might be spelled payer+indp+sg+p1+verb."
Finite-State  Morphology. ,"the tag symbols are stored and manipulated just like alphabetic symbols, but they have multicharacter print names."
Finite-State  Morphology. ,"if the relation is finite-state, then it can be defined using the metalanguage of regular expressions; and, with a suitable compiler, the regular expression source code can be compiled into a finite-state transducer (fst), as shown in figure 4, that implements the relation computationally."
Finite-State  Morphology. ,"following convention, we will often refer to the upper projection of the fst, representing analyses, as the lexical language, a set of lexical strings; and we will refer to the lower projection as the surface language, consisting of surface strings."
Finite-State  Morphology. ,"there are compelling advantages to computing with such finite-state machines, including mathematical elegance, flexibility, and for most natural-language applications, high efficiency and data-compaction."
Finite-State  Morphology. ,"one computes with fsts by applying them, in either direction, to an input string."
Finite-State  Morphology. ,"when one such fst that was written for french is applied in an upward direction to the surface word maisons (“houses”), it returns the related string maison+fem+pl+noun, consisting of the citation form and tag symbols chosen by a linguist to convey that the surface form is a feminine noun in the plural form."
Finite-State  Morphology. ,"a single surface string can be related to multiple lexical strings, e.g"
Finite-State  Morphology. ,applying this fst in an upward direction to surface string suis produces the four related lexical strings shown in figure 5.
Finite-State  Morphology. ,such ambiguity of surface strings is very common.
Finite-State  Morphology. ,"^etre+indp+sg+p1+verb suivre+indp+sg+p2+verb suivre+indp+sg+p1+verb suivre+imp+sg+p2+verb figure 5: multiple analyses for suis conversely, the very same fst can be applied in a downward direction to a lexical string like ^etre+indp+sg+p1+verb to return the related surface string suis ; such transducers are inherently bidirectional."
Finite-State  Morphology. ,"ambiguity in the downward direction is also possible, as in the relation of the lexical string payer+indp+sg+p1+verb (“i pay”) to the surface strings paie and paye, which are in fact valid alternate spellings in standard french orthography."
Finite-State  Morphology. ,2.2 morphotactics and alternations.
Finite-State  Morphology. ,there are two challenges in modeling natural language morphology: • morphotactics • phonological/orthographical alternations finite-state morphology models both using regular expressions.
Finite-State  Morphology. ,the source descriptions may also be written in higher-level notations (e.g
Finite-State  Morphology. ,"lexc (karttunen, 1993), twolc (karttunen and beesley, 1992) and replace rules (karttunen, 1995; karttunen, 1996; kempe and karttunen, 1996)) that are simply helpful short- hands for regular expressions and that compile, using their dedicated compilers, into finite-state networks."
Finite-State  Morphology. ,"in practice, the most commonly separated modules are a lexicon fst, containing lexical strings, and a separately written set of lexicon regular expression rule regular expression compiler lexicon fst .o"
Finite-State  Morphology. ,rule fst lexical transducer (a single fst) figure 6: creation of a lexical transducer rule fsts that map from the strings in the lexicon to properly spelled surface strings.
Finite-State  Morphology. ,"the lexicon description defines the morphotactics of the language, and the rules define the alternations."
Finite-State  Morphology. ,"the separately compiled lexicon and rule fsts can subsequently be composed together as in figure 6 to form a single “lexical transducer” (karttunen et al., 1992) that could have been defined equivalently, but perhaps less perspicuously and less efficiently, with a single regular expression."
Finite-State  Morphology. ,"in the lexical transducers built at xerox, the strings on the lower side of the transducer are inflected surface forms of the language."
Finite-State  Morphology. ,the strings on upper side of the transducer contain the citation forms of each morpheme and any number of tag symbols that indicate the inflections and derivations of the corresponding surface form.
Finite-State  Morphology. ,"for example, the information that the comparative of the adjective big is bigger might be represented in the english lexical transducer by the path (= sequence of states and arcs) in figure 7 where the zeros represent epsilon symbols.2 the gemination of g and lexical side: for the sake of clarity, figure 7 represents the upper (= lexical) and the lower (= surface) side of the arc label separately on the opposite sides of the arc"
Finite-State  Morphology. ,"in the remaining diagrams, we use a more compact notation: the upper and the lower symbol are combined into a single label of the form upper:lower if the symbols are distinct."
Finite-State  Morphology. ,a single symbol is used for an identity pair.
Finite-State  Morphology. ,"in the standard notation, the path in figure 7 is labeled as b i g 0:g +adj:0 0:e +comp:r"
Finite-State  Morphology. ,"lexical transducers are more efficient for analysis and generation than the classical two- level systems (koskenniemi, 1983) because the morphotactics and the morphological alternations have been precompiled and need not be consulted at runtime."
Finite-State  Morphology. ,"but it would be possible in principle, and perhaps advantageous for some purposes, to view the regular expressions defining the morphology of a language as an un- compiled “virtual network”."
Finite-State  Morphology. ,"all the finite-state operations (concatenation, union, intersection, composition, etc.) can be simulated by an apply routine at runtime."
Finite-State  Morphology. ,"most languages build words by simply stringing morphemes (prefixes, roots and suffixes) b i g b i g 0 +adj g 0 0 +comp e r together in strict orders."
Finite-State  Morphology. ,the morphotactic (word building) processes of prefixation and suffixation can be straightforwardly surface side: figure 7: a path in a transducer for english the epenthetical e in the surface form bigger result from the composition of the original lexicon fst with the rule fst representing the regular morphological alternations in english.
Finite-State  Morphology. ,2 the epsilon symbols and their placement in the string are not significant.
Finite-State  Morphology. ,we will ignore them whenever it is convenient.
Finite-State  Morphology. ,modeled in finite state terms as concatenation.
Finite-State  Morphology. ,but some natural languages also exhibit non-concatenative morphotactics.
Finite-State  Morphology. ,"some times the languages themselves are called “non- concatenative languages”, but most employ significant concatenation as well, so the term “not completely concatenative” (lavie et al., 1988) is usually more appropriate."
Finite-State  Morphology. ,"in arabic, for example, prefixes and suffixes attach to stems in the usual concatenative way, but stems themselves are formed by a process known informally as interdigitation; while in malay, noun plurals are formed by a process known as full-stem reduplication."
Finite-State  Morphology. ,"although arabic and malay also include prefixation and suffixation that are modeled straightforwardly by concatenation, a complete lexicon cannot be a a:0 *:a *:0 *:0 0:a obtained without non-concatenative processes."
Finite-State  Morphology. ,we will proceed with descriptions of how malay reduplication and semitic stem interdigitation are handled in finite-state morphology using the new compile-replace algorithm.
Compile-Replace. ,"the central idea in our approach to the modeling of non-concatenative processes is to define networks using regular expressions, as before; but we now define the strings of an intermediate network so that they contain appropriate substrings that are themselves in the format of regular expressions."
Compile-Replace. ,"the compile- replace algorithm then reapplies the regular- expression compiler to its own output, compiling the regular-expression substrings in the intermediate network and replacing them with the result of the compilation."
Compile-Replace. ,"to take a simple non-linguistic example, figure 8 represents a network that maps the regular expression a* into ^[a*^]; that is, the same expression enclosed between two special delimiters, ^[ and ^], that mark it as a regular- expression substring.figure 9: after the application of compile replace lower) of the network."
Compile-Replace. ,"until an opening delimiter ^[ is encountered, the algorithm constructs a copy of the path it is following."
Compile-Replace. ,"if the network contains no regular-expression substrings, the result will be a copy of the original network."
Compile-Replace. ,"when a ^[ is encountered, the algorithm looks for a closing ^] and extracts the path between the delimiters to be handled in a special way: 1."
Compile-Replace. ,the symbols along the indicated side of the.
Compile-Replace. ,path are concatenated into a string and eliminated from the path leaving just the symbols on the opposite side.
Compile-Replace. ,a separate network is created that contains the modified path.
Compile-Replace. ,the extracted string is compiled into a
Compile-Replace. ,second network with the standard regular- expression compiler.
The two networks are combined into a sin-. ,gle one using the crossproduct operation.
The result is spliced between the states rep-. ,resenting the origin and the destination of 0:^[ a * 0:^] the regular-expression path.
The result is spliced between the states rep-. ,"figure 8: a network with a regular-expression substring on the lower side the application of the compile-replace algorithm to the lower side of the network eliminates the markers, compiles the regular expression a* and maps the upper side of the path to the language resulting from the compilation."
The result is spliced between the states rep-. ,the network created by the operation is shown in figure 9.
The result is spliced between the states rep-. ,"when applied in the “upward” direction, the transducer in figure 9 maps any string of the infinite a* language into the regular expression from which the language was compiled."
The result is spliced between the states rep-. ,the compile-replace algorithm is essentially a variant of a simple recursive-descent copyingroutine.
The result is spliced between the states rep-. ,"it expects to find delimited regular expression substrings on a given side (upper or after the special treatment of the regular- expression path is finished, normal processing is resumed in the destination state of the closing ^] arc"
The result is spliced between the states rep-. ,"for example, the result shown in figure 9 represents the crossproduct of the two networks shown in figure 10."
The result is spliced between the states rep-. ,"a * a figure 10: networks illustrating steps 2 and 3 of the compile-replace algorithm in this simple example, the upper language of the original network in figure 8 is identical to the regular expression that is compiled and replaced."
The result is spliced between the states rep-. ,"in the linguistic applications presented lexical: b a g i +noun +plural surface: ^[ { b a g i } ^ 2 ^] lexical: p e l a b u h a n +noun +plural surface: ^[ { p e l a b u h a n } ^ 2 ^] figure 11: two paths in the initial malay transducer defined via concatenation in the next sections, the two sides of a regular- expression path contain different strings."
The result is spliced between the states rep-. ,the upper side contains morphological information; the regular-expression operators appear only on the lower side and are not present in the final result.
The result is spliced between the states rep-. ,3.1 reduplication.
The result is spliced between the states rep-. ,"traditional two-level implementations are already capable of describing some limited reduplication and infixation as in tagalog (antworth, 1990, 156–162)."
The result is spliced between the states rep-. ,"the more challenging phenomenon is variable-length redupli- cation, as found in malay and the closely related indonesian language."
The result is spliced between the states rep-. ,"an example of variable-length full-stem reduplication occurs with the malay stem bagi, which means “bag” or “suitcase”; this form is in fact number-neutral and can translate as the plural."
The result is spliced between the states rep-. ,"its overt plural is phonologically bagibagi,3 formed by repeating the stem twice in a row."
The result is spliced between the states rep-. ,"although this pluralization process may appear concatenative, it does not involve concatenating a predictable pluralizing morpheme, but rather copying the preceding stem, whatever it may be and however long it may be."
The result is spliced between the states rep-. ,"thus the overt plural of pelabuhan (“port”), itself a derived form, is phonologically pelabuhanpelabuhan."
The result is spliced between the states rep-. ,productive reduplication cannot be described by finite-state or even context-free formalisms.
The result is spliced between the states rep-. ,"it is well known that the copy language, {ww | w ǫ l}, where each word contains two copies of the same string, is a context-sensitive language."
The result is spliced between the states rep-. ,"however, if the “base” language l is finite, we can construct a finite-state network that encodes l and the reduplications of all the strings in l"
The result is spliced between the states rep-. ,"on the assumption that there are only a finite number of words subject to reduplication (no free compounding), it is possible to construct a lexical transducer for languages 3 in the standard orthography, such reduplicated words are written with a hyphen, e.g"
The result is spliced between the states rep-. ,"bagibagi, that we will ignore for this example."
The result is spliced between the states rep-. ,such as malay.
The result is spliced between the states rep-. ,we will show a simple and elegant way to do this with strictly finite-state operations.
The result is spliced between the states rep-. ,to understand the general solution to full- stem reduplication using the compile-replace algorithm requires a bit of background.
The result is spliced between the states rep-. ,in the regular expression calculus there are several operators that involve concatenation.
The result is spliced between the states rep-. ,"for example, if a is a regular expression denoting a language or a relation, a* denotes zero or more and a+ denotes one or more concatenations of a with itself."
The result is spliced between the states rep-. ,there are also operators that express a fixed number of concatenations.
The result is spliced between the states rep-. ,"in the xerox calculus, expressions of the form a^n, where n is an integer, denote n concatenations of a"
The result is spliced between the states rep-. ,"{abc} denotes the concatenation of symbols a, b, and c"
The result is spliced between the states rep-. ,we also employ ^[ and ^] as delimiter symbols around regular-expression substrings.
The result is spliced between the states rep-. ,"the reduplication of any string w can then be notated as {w}^2, and we start by defining a network where the lower-side strings are built by simple concatenation of a prefix ^[, a root enclosed in braces, and an overt-plural suffix ^2 followed by the closing ^]."
The result is spliced between the states rep-. ,figure 11 shows the paths for two malay plurals in the initial network.
The result is spliced between the states rep-. ,"the compile-replace algorithm, applied to the lower-side of this network, recognizes each individual delimited regular-expression substring like ^[{bagi}^2^], compiles it, and replaces it with the result of the compilation, here bagibagi."
The result is spliced between the states rep-. ,"the same process applies to the entire lower-side language, resulting in a network that relates pairs of strings such as the ones in figure 12."
The result is spliced between the states rep-. ,"this provides the desired solution, still finite-state, for analyzing and generating full- stem reduplication in malay.4 4 it is well-known (mccarthy and prince, 1995) that reduplication can be a more complex phenomenon than it is in malay."
The result is spliced between the states rep-. ,in some languages only a part of the stem is reduplicated and there may be systematic differences between the reduplicate and the base form.
The result is spliced between the states rep-. ,"we believe that our approach to reduplication can account for these complex phenomena as well but we cannot discuss the lexical: b a g i +noun +plural surface: b a g i b a g i lexical: p e l a b u h a n +noun +plural surface: p e l a b u h a n p e l a b u h a n figure 12: the malay fst after the application of compile-replace to the lower-side language the special delimiters ^[ and ^] can be used to surround any appropriate regular- expression substring, using any necessary regular-expression operators, and compile- replace may be applied to the lower-side and/or upper-side of the network as desired."
The result is spliced between the states rep-. ,"there is nothing to stop the linguist from inserting delimiters multiple times, including via composition, and reapplying compile-replace multiple times (see the appendix)."
The result is spliced between the states rep-. ,the technique implemented in compile-replace is a general way of allowing the regular-expression compiler to reapply to and modify its own output.
The result is spliced between the states rep-. ,3.2 semitic stem interdigitation.
The result is spliced between the states rep-. ,3.2.1 review of earlier work much of the work in non-concatenative finite- state morphotactics has been dedicated to handling semitic stem interdigitation.
The result is spliced between the states rep-. ,"an example of interdigitation occurs with the arabic stem katab, which means “wrote”."
The result is spliced between the states rep-. ,"according to an influential autosegmental analysis (mccarthy, 1981), this stem consists of an all-consonant root ktb whose general meaning has to do with writing, an abstract consonant-vowel template cvcvc, and a voweling or vocalization that he symbolized simply as a, signifying perfect aspect and active voice."
The result is spliced between the states rep-. ,"the root consonants are associated with the c slots of the template and the vowel or vowels with the v slots, producing a complete stem katab."
The result is spliced between the states rep-. ,"if the root and the vocalization are thought of as morphemes, neither morpheme occurs continuously in the stem."
The result is spliced between the states rep-. ,"the same root ktb can combine with the template cvcvc and a different vocalization ui, signifying perfect aspect and passive voice, producing the stem kutib, which means “was written”."
The result is spliced between the states rep-. ,"similarly, the root ktb can combine with template cvvcvc and ui to produce kuutib, the root drs can combine with cvcvc and ui to form duris, and so forth."
The result is spliced between the states rep-. ,"tiers of mccarthy (1981) as projections of a multi-level transducer and wrote a small prolog- based prototype that handled the interdigitation of roots, cv-templates and vocalizations into abstract arabic stems; this general approach, with multi-tape transducers, has been explored and extended by kiraz in several papers (1994a; 1996; 1994b; 2000) with respect to syriac and arabic."
The result is spliced between the states rep-. ,the implementation is described in kiraz and grimleyevans (1999).
The result is spliced between the states rep-. ,"in work more directly related to the current solution, it was kataja and koskenniemi (1988) who first demonstrated that semitic (akkadian) roots and patterns5 could be formalized as regular languages, and that the non-concatenative interdigitation of stems could be elegantly formalized as the intersection of those regular languages."
The result is spliced between the states rep-. ,"thus akkadian words were formalized as consisting of morphemes, some of which were combined together by intersection and others of which were combined via concatenation."
The result is spliced between the states rep-. ,"this was the key insight: morphotactic description could employ various finite-state operations, not just concatenation; and languages that required only concatenation were just special cases."
The result is spliced between the states rep-. ,"by extension, the widely noticed limitations of early finite-state implementations in dealing with non-concatenative morphotactics could be traced to their dependence on the concatenation operation in morphotactic descriptions."
The result is spliced between the states rep-. ,"this insight of kataja and koskenniemi was applied by beesley in a large-scale morphological analyzer for arabic, first using an implementation that simulated the intersection of stems in code at runtime (beesley, 1989; beesley et al., 1989; beesley, 1990; beesley, 1991), and ran rather slowly; and later, using xerox finite-state technology (beesley, 1996; beesley, 1998a), a new implementation that intersected the stems at compile time and performed well at runtime."
The result is spliced between the states rep-. ,kay (1987) reformalized the autosegmental 5 these patterns combine what mccarthy (1981).
The result is spliced between the states rep-. ,issue here due to lack of space.
The result is spliced between the states rep-. ,would call templates and vocalizations.
The result is spliced between the states rep-. ,"the 1996 algorithm that intersected roots and patterns into stems, and substituted the original roots and patterns on just the lower side with the intersected stem, was admittedly rather ad hoc and computationally intensive, taking over two hours to handle about 90,000 stems on a sun ultra workstation."
The result is spliced between the states rep-. ,"the compile-replace algorithm is a vast improvement in both generality and efficiency, producing the same result in a few minutes."
The result is spliced between the states rep-. ,"following the lines of kataja and koskenniemi (1988), we could define intermediate networks with regular-expression substrings that indicate the intersection of suitably encoded roots, templates, and vocalizations (for a formal description of what such regular-expression substrings would look like, see beesley (1998c; 1998b))."
The result is spliced between the states rep-. ,"however, the general-purpose intersection algorithm would be expensive in any nontrivial application, and the interdigitation of stems represents a special case of intersection that we achieve in practice by a much more efficient finite-state algorithm called merge."
The result is spliced between the states rep-. ,"3.2.2 merge the merge algorithm is a pattern-filling operation that combines two regular languages, a template and a filler, into a single one."
The result is spliced between the states rep-. ,"the strings of the filler language consist of ordinary symbols such as d, r, s, u, i"
The result is spliced between the states rep-. ,the template expressions may contain special class symbols such as c (= consonant) or v (= vowel) that represent a predefined set of ordinary symbols.
The result is spliced between the states rep-. ,the objective of the merge operation is to align the template strings with the filler strings and to instantiate the class symbols of the template as the matching filler symbols.
The result is spliced between the states rep-. ,"like intersection, the merge algorithm operates by following two paths, one in the template network, the other in the filler network, and it constructs the corresponding single path in the result network."
The result is spliced between the states rep-. ,"every state in the result corresponds to two original states, one in template, the other in the filler."
The result is spliced between the states rep-. ,"if the original states are both final, the resulting state is also final; otherwise it is non-final."
The result is spliced between the states rep-. ,"in other words, in order to construct a successful path, the algorithm must reach a final state in both of the original networks."
The result is spliced between the states rep-. ,"if the new path terminates in a non-final state, it represents a failure and will eventually be pruned out."
The result is spliced between the states rep-. ,the operation starts in the initial state of the original networks.
The result is spliced between the states rep-. ,"at each point, the algorithm tries to find all the successful matches between the template arcs and filler arcs."
The result is spliced between the states rep-. ,a match is successful if the filler arc symbol is included in the class designated by the template arc symbol.
The result is spliced between the states rep-. ,the main difference between merge and classical intersection is in conditions 1 and 2 below: 1.
The result is spliced between the states rep-. ,"if a successful match is found, a new arc is"
The result is spliced between the states rep-. ,added to the current result state.
The result is spliced between the states rep-. ,the arc is labeled with the filler arc symbol; its destination is the result state that corresponds to the two original destinations.
The result is spliced between the states rep-. ,if no successful match is found for a given.
The result is spliced between the states rep-. ,"template arc, the arc is copied into the current result state."
The result is spliced between the states rep-. ,its destination is the result state that corresponds to the destination of the template arc and the current filler state.
The result is spliced between the states rep-. ,"in effect, condition 2 preserves any template arc that does not find a match."
The result is spliced between the states rep-. ,"in that case, the path in the template network advances to a new state while the path in the filler network stays at the current state."
The result is spliced between the states rep-. ,we use the networks in figure 13 to illustrate the effect of the merge algorithm.
The result is spliced between the states rep-. ,"figure 13 shows a linear template network and two filler networks, one of which is cyclic."
The result is spliced between the states rep-. ,c v v c v c d r s i u figure 13: a template network and two filler networks it is easy to see that the merge of the drs network with the template network yields the result shown in figure 14.
The result is spliced between the states rep-. ,the three symbols of the filler string are instantiated in the three consonant slots in the cvvcvc template.
The result is spliced between the states rep-. ,d v v r v s figure 14: intermediate result.
The result is spliced between the states rep-. ,figure 15 presents the final result in which the second filler network in figure 13 is merged with the intermediate result shown in figure 14.
The result is spliced between the states rep-. ,lexical: k t b =root c v c v c =template a + =voc surface: ^[ k t b .m>.
The result is spliced between the states rep-. ,c v c v c .<m
The result is spliced between the states rep-. ,a + ^] lexical: k t b =root c v c v c =template u * i =voc surface: ^[ k t b .m>.
The result is spliced between the states rep-. ,c v c v c .<m
The result is spliced between the states rep-. ,u * i ^] lexical: d r s =root c v v c v c =template u * i =voc surface: ^[ d r s .m>.
The result is spliced between the states rep-. ,c v v c v c .<m
The result is spliced between the states rep-. ,"u * i ^] figure 16: initial paths d u u r i s figure 15: final result in this case, the filler language contains an infinite set of strings, but only one successful path can be constructed."
The result is spliced between the states rep-. ,"because the filler string ends with a single i, the first two v symbols can be instantiated only as u"
The result is spliced between the states rep-. ,note that ordinary symbols in the partially filled template are treated like the class symbols that do not find a match.
The result is spliced between the states rep-. ,"that is, they are copied into the result in their current position without consuming a filler symbol."
The result is spliced between the states rep-. ,to introduce the merge operation into the xerox regular expression calculus we need to choose an operator symbol.
The result is spliced between the states rep-. ,"because merge, like subtraction, is a non-commutative operation, we also must distinguish between the template and the filler."
The result is spliced between the states rep-. ,"for example, we could choose .m"
The result is spliced between the states rep-. ,as the operator and decide by convention which of the two operands plays which role in expressions such as [a .m
The result is spliced between the states rep-. ,"what we actually have done, perhaps without a sufficiently good motivation, is to introduce two variants of the merge operator, .<m"
The result is spliced between the states rep-. ,"and .m>., that differ only with respect to whether the template is to the left (.<m.) or to the right (.m>.)"
The result is spliced between the states rep-. ,of the filler.
The result is spliced between the states rep-. ,the expression [a .<m
The result is spliced between the states rep-. ,b] represents the same merge operation as [b .m>.
The result is spliced between the states rep-. ,"in both cases, a denotes the template, b denotes the filler, and the result is the same."
The result is spliced between the states rep-. ,"with these new operators, the network in figure 15 can be compiled from an expression such as d r s .m>."
The result is spliced between the states rep-. ,c v v c v c .<m
The result is spliced between the states rep-. ,"u* i as we have defined them, .<m"
The result is spliced between the states rep-. ,are weakly binding left-associative operators.
The result is spliced between the states rep-. ,"in this example, the first merge instantiates the filler consonants, the second operation fills the vowel slots."
The result is spliced between the states rep-. ,"however, the order in which the merge operations are performed is irrelevant in this case because the two filler languages do not provide competing instantiations for the same class symbols."
The result is spliced between the states rep-. ,"3.2.3 merging roots and vocalizations with templates following the tradition, we can represent the lexical forms of arabic stems as consisting of three components, a consonantal root, a cv template and a vocalization, possibly preceded and followed by additional affixes."
The result is spliced between the states rep-. ,"in contrast to mccarthy, kay, and kiraz, we combine the three components into a single projection."
The result is spliced between the states rep-. ,"in a sense, mccarthy’s three tiers are conflated into a single one with three distinct parts."
The result is spliced between the states rep-. ,"in our opinion, there is no substantive difference from a computational point of view."
The result is spliced between the states rep-. ,"for example, the initial lexical representation of the surface forms katab, kutib, and duuris, may be represented as a concatenation of the three components shown in figure 16."
The result is spliced between the states rep-. ,"we use the symbols =root, =template, and =voc to designate the three components of the lexical form."
The result is spliced between the states rep-. ,"the corresponding initial surface form is a regular-expression substring, containing two merge operators, that will be compiled and replaced by the interdigitated surface form."
The result is spliced between the states rep-. ,"the application of the compile-replace operation to the lower side of the initial lexicon yields a transducer that maps the arabic interdigitated forms directly into their corresponding tripartite analyses and vice versa, as illustrated in figure 17."
The result is spliced between the states rep-. ,"alternation rules are subsequently composed on the lower side of the result to map the in- terdigitated, but still morphophonemic, strings into real surface strings."
The result is spliced between the states rep-. ,"although many arabic templates are widely considered to be pure cv-patterns, it has been argued that certain templates also contain lexical: k t b =root c v c v c =template a + =voc surface: k a t a b lexical: k t b =root c v c v c =template u * i =voc surface: k u t i b lexical: d r s =root c v v c v c =template u * i =voc surface: d u u r i s figure 17: after applying compile-replace to the lower side “hard-wired” specific vowels and consonants.6 for example, the so-called “formviii” template is considered, by some linguists, to contain an embedded t: ctvcvc."
The result is spliced between the states rep-. ,the presence of ordinary symbols in the template does not pose any problem for the analysis adopted here.
The result is spliced between the states rep-. ,"as we already mentioned in discussing the intermediate representation in figure 14, the merge operation treats ordinary symbols in a partially filled template in the same manner as it treats unmatched class symbols."
The result is spliced between the states rep-. ,"the merge of a root such as ktb with the presumed formviii template and the a+ vocal- ism, k t b .m>."
The result is spliced between the states rep-. ,c t v c v c .<m
The result is spliced between the states rep-. ,"a+ produces the desired result, ktatab, without any additional mechanism."
The result is spliced between the states rep-. ,4 status of the implementations.
The result is spliced between the states rep-. ,4.1 malay morphological.
The result is spliced between the states rep-. ,analyzer/generator malay and indonesian are closely-related languages characterized by rich derivation and little or nothing that could be called inflection.
The result is spliced between the states rep-. ,"the malay morphological analyzer prototype, written using lexc, replace rules, and compile-replace, implements approximately 50 different derivational processes, including pre- fixation, suffixation, prefix-suffix pairs (circum- fixation), reduplication, some infixation, and combinations of these processes."
The result is spliced between the states rep-. ,each root is marked manually in the source dictionary to indicate the idiosyncratic subset of derivational processes that it undergoes.
The result is spliced between the states rep-. ,"the small prototype dictionary, stored in an xml format, contains approximately 1000 roots, with about 1500 derivational subentries (i.e"
The result is spliced between the states rep-. ,an average of 1.5 derivational processes per root).
The result is spliced between the states rep-. ,"at compile time, the xml dictionary is parsed and “downtranslated” into the source format required for the lexc compiler."
The result is spliced between the states rep-. ,the xml dictionary could be expanded by any competent malay lexicographer.
The result is spliced between the states rep-. ,4.2 arabic morphological.
The result is spliced between the states rep-. ,"analyzer/generator the current arabic system has been described in some detail in previous publications (beesley, 1996; beesley, 1998a; beesley, 1998b) and is available for testing on the internet.7 the modification of the system to use the compile-replace algorithm has not changed the size or the behavior of the system in any way, but it has reduced the compilation time from hours to minutes."
The result is spliced between the states rep-. ,5 conclusion.
The result is spliced between the states rep-. ,"the well-founded criticism of traditional implementations of finite-state morphology, that they are limited to handling concatenative morpho- tactics, is a direct result of their dependence on the concatenation operation in morphotactic description."
The result is spliced between the states rep-. ,"the technique described here, implemented in the compile-replace algorithm, allows the regular-expression compiler to reapply to and modify its own output, effectively freeing morphotactic description to use any finite-state operation."
The result is spliced between the states rep-. ,significant experiments with malay and a much larger application in arabic have shown the value of this technique in handling two classic examples of non-concatenative morphotactics: full-stem reduplication and semitic stem interdigitation.
The result is spliced between the states rep-. ,work remains to be done in applying the technique to other known varieties of non-concatenative morphotactics.
The result is spliced between the states rep-. ,the compile-replace algorithm and the merge operator introduced in this paper are general techniques not limited to handling the specific
See Beesley (1998c) for a discussion of this contro-. ,versial issue.
See Beesley (1998c) for a discussion of this contro-. ,7 http://www.x rce.xerox.com /research/mlt t/arabic/ morphotactic problems we have discussed.
See Beesley (1998c) for a discussion of this contro-. ,we expect that they will have many other useful applications.
See Beesley (1998c) for a discussion of this contro-. ,one illustration is given in the appendix.
See Beesley (1998c) for a discussion of this contro-. ,6 appendix: palindrome extraction.
See Beesley (1998c) for a discussion of this contro-. ,"to demonstrate the power of the compile- replace method, let us show how it can be applied to solve another “hard” problem: identifying and extracting all the palindromes from a lexicon."
See Beesley (1998c) for a discussion of this contro-. ,"like reduplication, palindrome identification appears at first to require more powerful tools than a finite-state calculus."
See Beesley (1998c) for a discussion of this contro-. ,"but this task can be accomplished, in fact quite efficiently, by using the compile-replace technique."
See Beesley (1998c) for a discussion of this contro-. ,let us assume that l is a simple network constructed from an english wordlist.
See Beesley (1998c) for a discussion of this contro-. ,"we start by extracting from l all the words with a property that is necessary but not sufficient for being a palindrome, namely, the words whose inverse is also an english word."
See Beesley (1998c) for a discussion of this contro-. ,this step can be accomplished by redefining l as [l & l.r] where & represents intersection and .r is the reverse operator.
See Beesley (1998c) for a discussion of this contro-. ,the resulting network contains palindromes such as madam as well non-palindromes such as dog and god.
See Beesley (1998c) for a discussion of this contro-. ,the remaining task is to eliminate all the words like dog that are not identical to their own inverse.
See Beesley (1998c) for a discussion of this contro-. ,this can be done in three steps.
See Beesley (1998c) for a discussion of this contro-. ,we first apply the technique used for malay reduplication.
See Beesley (1998c) for a discussion of this contro-. ,"that is, we redefine l as ""^["" ""["" l xx ""]"" ""^"" 2 ""^]"", and apply the compile-replace operation."
See Beesley (1998c) for a discussion of this contro-. ,at this point the lower-side of l contains strings such as dogxxdogxx and madamxxmadamxx where xx is a specially introduced symbol to mark the middle (and the end) of each string.
See Beesley (1998c) for a discussion of this contro-. ,"the next, and somewhat delicate, step is to replace the xx markers by the desired operators, intersection and reverse, and to wrap the special regular expression delimiters ^[ and ^] around the whole lexicon."
See Beesley (1998c) for a discussion of this contro-. ,"this can be done by composing l with one or several replace transducers to yield a network consisting of expressions such as ^[ d o g & [d o g].r ^] and ^[ m a d a m & [m a d a m].r ^] in the third and final step, the application of compile-replace eliminates words like dog because the intersection of dog with the inverted form god is empty."
See Beesley (1998c) for a discussion of this contro-. ,only the palindromes survive the operation.
See Beesley (1998c) for a discussion of this contro-. ,the extrac tion of all the palindromes from the 25k unix /usr/dict/words file by this method takes a couple of seconds.
