[
    {
        "reference_article": "P00-1025",
        "citing_article": "J06-1004",
        "citing_text": [
            "Beesley and Karttunen (2000) describe a technique, called compile-replace, for constructing FSTs, which involves reapplying the regular-expression compiler to its own output."
        ]
    },
    {
        "reference_article": "P00-1025",
        "citing_article": "P55-62_p00",
        "citing_text": [
            "Beesleyl7l presents a finite-state morphological analyzer for Arabic, which displays the root, pattern and prefixes/suffixes."
        ]
    },
    {
        "reference_article": "P00-1025",
        "citing_article": "P9852_p00",
        "citing_text": [
            "Thus, we employ the com pile-replace feature in xfst (Beesley & Karttunen, 2000).",
            "This feature allows the repetition of arbi trarily complex sublanguages by specifying the brackets '\"'[ \" and \"A 1 \" to mark the domain of re duplication."
        ]
    },
    {
        "reference_article": "P00-1025",
        "citing_article": "PE2006_p00",
        "citing_text": [
            "Beesley and Karttunen (2000) describe a technique, called compile-replace, for constructing FSTs, which involves reapplying the regular-expression compiler to its own output."
        ]
    },
    {
        "reference_article": "P00-1025",
        "citing_article": "Plex_p00",
        "citing_text": [
            "Challenging non-concatenative morphological phenomena, such as circumfixion and root-and-pattern morphology, can be characterized by regular means (Beesley and Karttunen 2000, 2003)."
        ]
    },
    {
        "reference_article": "P00-1025",
        "citing_article": "Plex_p00",
        "citing_text": [
            "Even total reduplication can be characterized without going outside the regular languages (Beesley and Karttunen 2000)."
        ]
    },
    {
        "reference_article": "P00-1025",
        "citing_article": "Pmorph_p00",
        "citing_text": [
            "In this section we will show in detail how Realizational Morphology can be expressed in terms of the parc/xrce regular expression calculus as dened in Beesley and Karttunen [4]."
        ]
    },
    {
        "reference_article": "P00-1025",
        "citing_article": "Pstat_p00",
        "citing_text": [
            "The application of the merge algorithm to the lower-side of the relation is performed by the COMPILER EPL ACE algorithm (Beesley and Karttunen, 2000),11 and the result is shown in Figure 7."
        ]
    },
    {
        "reference_article": "P00-1025",
        "citing_article": "W02-0503-parscit130908",
        "citing_text": [
            "Beesley and Karttunen (2000) described a new technique for constructing finite-state transducers that involves reapplying a regular-expression compiler to its own output."
        ]
    },
    {
        "reference_article": "P00-1025",
        "citing_article": "W07-0802-parscit130908",
        "citing_text": [
            "A large-scale implementation of the Arabic morphological system is the Xerox Arabic Morphologi cal Analyzer and Generator (Beesley and Karttunen,2000; Beesley, 2001)."
        ]
    },
    {
        "reference_article": "P00-1025",
        "citing_article": "W08-0703",
        "citing_text": [
            "In the last decade, finite-state approaches to phonology (Gildea and Jurafsky, 1996; Beesley and Karttunen, 2000) have effectively brought theoretical linguistic work on rewrite rules into the computational realm."
        ]
    },
    {
        "reference_article": "P00-1025",
        "citing_article": "W09-0802",
        "citing_text": [
            "The interdigitation is handled using a compile-replace process using the replace operator (Karttunen and Beesley, 2000) (Karttunen, 1995)."
        ]
    }
]