ref,citation_9,reference_id
An interesting fact about this topic is that only the MWE letter bomb influences the result.,0.7167716067701153,reference_188
"The index that we consider as containing the lowest confident MWEs (WCN), obtained better results than Decision Trees, Nominal Compounds and Best Nominal Compounds, in this order.",0.7384065201614707,reference_175
"If indexing is performed only with the atomic terms, there may be a loss of semantic content of the documents.",0.7522616630198056,reference_19
We used the cosine metric to calculate the scores and rank the documents.,0.7764476610467567,reference_63
The test collection has a total of 310 query topics.,0.776797174907798,reference_59
