ref,citation_2,reference_id
"This work consists in investigating the impact of Multiword Expressions on applications, focusing on compound nouns in Information Retrieval systems, and whether a more adequate treatment for these expressions can bring possible improvements in the indexing these expressions.",0.3318146801017479,reference_216
"MWEs are found in all genres of texts and their appropriate use is being targeted for study, both in linguistics and computing, due to the different characteristic variations of this type of expression, which ends up causing problems for the success of computational methods that aim their processing.",0.4154472366488137,reference_217
"This document contained information on a “small bomb located outside the of the Russian embassy” and has is not relevant to topic 141, being properly relegated to a lower position.",0.4193043268451586,reference_187
In this work we aimed at achieving a better understanding of several important points associated with the use of Multiword Expressions in IR systems.,0.4313764507688561,reference_218
One of the motivations of this work is to investigate if the identification and appropriate treatment of Multiword Expressions (MWEs) in an application contributes to improve results and ultimately lead to more precise man-machine interaction.,0.443141528691038,reference_5
