ref,citation_0,reference_id
"• Decision Tree - created from the use of the J48 algorithm (Witten and Frank, 2000) from Weka (Hall et al., 2009), a data mining tool.",0.5350754440373082,reference_97
"C or pu s D oc u m en ts L A 9 4 1 1 0 . 2 4 5 G H 9 5 5 6 . 4 7 2 T o t a l 1 6 6 . 7 1 7 Table 1: Total documents The collection of documents, as well as the query topics and the list of relevance judgments (which will be discussed afterwards), were prepared in the context of the CLEF 2008 (Cross Language Evaluation Forum), for the task entitled Robust-WSD (Acosta et al., 2008).",0.610228005627875,reference_45
"Together, they contain over 160,000 news articles (Table 1) and each news article is considered as a document.",0.65725400582519,reference_44
"The indices CN and BCN had a similar result, and knowing that a dictionary used to create BCN is a subset of the dictionary CN, we can conclude that the gain values, choosing the best MWE candidates, <TERM ID=""GH950102000000-126"" LEMA=""underworld"" POS=""NN""> <WF>underworld</WF> <SYNSET SCORE=""0.5"" CODE=""06120171-n""/> <SYNSET SCORE=""0.5"" CODE=""06327598-n""/> </TERM> Original Topic: - What was the role of the Hubble telescope in proving the existence of black holes?",0.6587331632781189,reference_182
"More recently there has been the release of the mwetoolkit (Ramisch et al., 2010) for the automatic extraction of MWEs from monolingual corpora, that both generates and validates MWE candidates.",0.6598272165407887,reference_33
