ref,citation_4,reference_id
One of the motivations of this work is to investigate if the identification and appropriate treatment of Multiword Expressions (MWEs) in an application contributes to improve results and ultimately lead to more precise man-machine interaction.,0.5395915385196112,reference_5
"A variation of corpora, different from newspaper articles, because each domain has a specific terminology, can also be an interesting subject for further evaluation.",0.5527812344367741,reference_225
"This work consists in investigating the impact of Multiword Expressions on applications, focusing on compound nouns in Information Retrieval systems, and whether a more adequate treatment for these expressions can bring possible improvements in the indexing these expressions.",0.6057481133106477,reference_216
"Since this list contains all types of MWEs, it was necessary to further filter these to obtain compound nouns only, using morphosyn- tactic information obtained by the TreeTagger (Schmid, 1994), which for English is reported to have an accuracy of 96.36%” (Schmid, 1994).",0.6167050392624218,reference_95
"Although language processing is not vital to modern IR systems, it may be convenient (Sparck Jones, 1997) and in this scenario, NLP techniques may contribute in the selection of MWEs for indexing as single units in the IR system.",0.6311872987473538,reference_16
