ref,citation_3,reference_id
"MWEs are found in all genres of texts and their appropriate use is being targeted for study, both in linguistics and computing, due to the different characteristic variations of this type of expression, which ends up causing problems for the success of computational methods that aim their processing.",0.4801364366713717,reference_217
"This work consists in investigating the impact of Multiword Expressions on applications, focusing on compound nouns in Information Retrieval systems, and whether a more adequate treatment for these expressions can bring possible improvements in the indexing these expressions.",0.5020058009855062,reference_216
One of the motivations of this work is to investigate if the identification and appropriate treatment of Multiword Expressions (MWEs) in an application contributes to improve results and ultimately lead to more precise man-machine interaction.,0.5226394777621399,reference_5
"The use of lemmas and not the words (e.g. write for wrote, written, etc.) to the formation of the corpus, avoids linguistic variations that can affect the results of the experiments.",0.5351916221812274,reference_51
"The concept of Multiword Expression has been widely viewed as a sequence of words that acts as a single unit at some level of linguistic analysis (Calzolari et al., 2002), or as Idiosyncratic interpretations that cross word boundaries (or spaces) (Sag et al., 2002).",0.5452204337082922,reference_26
