ref,citation_5,reference_id
"In this paper, we perform an application-oriented evaluation of the inclusion of MWE treatment into an Information Retrieval (IR) system.",0.6188849752920085,reference_14
"Intuitively, with the appropriate treatment of MWEs, the results of an Information Retrieval (IR) system could be improved.",0.7434671893888413,reference_2
Stemming can provide further conflation of related terms.,0.7757774536221138,reference_55
One of the motivations of this work is to investigate if the identification and appropriate treatment of Multiword Expressions (MWEs) in an application contributes to improve results and ultimately lead to more precise man-machine interaction.,0.8178335124766004,reference_5
"A variation of corpora, different from newspaper articles, because each domain has a specific terminology, can also be an interesting subject for further evaluation.",0.818006356322055,reference_225
