ref,citation_1,reference_id
The rationale was that documents containing specific MWEs can be indexed more adequately than those containing the words of the expression separately.,0.4007723502620688,reference_71
The aim of this paper is to apply techniques for the automatic extraction of MWEs from corpora to index them as a single unit.,0.4295076810128237,reference_3
One of the motivations of this work is to investigate if the identification and appropriate treatment of Multiword Expressions (MWEs) in an application contributes to improve results and ultimately lead to more precise man-machine interaction.,0.43351746128346996,reference_5
"The index that we consider as containing the lowest confident MWEs (WCN), obtained better results than Decision Trees, Nominal Compounds and Best Nominal Compounds, in this order.",0.4618354757940326,reference_175
"A variation of corpora, different from newspaper articles, because each domain has a specific terminology, can also be an interesting subject for further evaluation.",0.4621382346478006,reference_225
