ref,citation_8,reference_id
"The concept of Multiword Expression has been widely viewed as a sequence of words that acts as a single unit at some level of linguistic analysis (Calzolari et al., 2002), or as Idiosyncratic interpretations that cross word boundaries (or spaces) (Sag et al., 2002).",0.5393390795193278,reference_26
"Several other researchers have proposed a number of computational techniques that deal with the discovery of MWEs: Baldwin and Villavicencio (2002) for verb-particle constructions, Pearce (2002) and Evert and Krenn (2005) for collocations, Nicholson and Baldwin (2006) for compound nouns and many others.",0.5609472186896821,reference_35
One of the motivations of this work is to investigate if the identification and appropriate treatment of Multiword Expressions (MWEs) in an application contributes to improve results and ultimately lead to more precise man-machine interaction.,0.5755081924828689,reference_5
"This document contained information on a “small bomb located outside the of the Russian embassy” and has is not relevant to topic 141, being properly relegated to a lower position.",0.5788686203355881,reference_187
"A variation of corpora, different from newspaper articles, because each domain has a specific terminology, can also be an interesting subject for further evaluation.",0.5821710328446454,reference_225
