ref,citation_7,reference_id
"This document contained information on a “small bomb located outside the of the Russian embassy” and has is not relevant to topic 141, being properly relegated to a lower position.",0.4602821388864883,reference_187
Qc 2011 Association for Computational Linguistics return instead irrelevant documents about celestial bodies or carbonated drinks.,0.4708773027946331,reference_21
One of the motivations of this work is to investigate if the identification and appropriate treatment of Multiword Expressions (MWEs) in an application contributes to improve results and ultimately lead to more precise man-machine interaction.,0.4816983654155199,reference_5
"A variation of corpora, different from newspaper articles, because each domain has a specific terminology, can also be an interesting subject for further evaluation.",0.5057352066361124,reference_225
"This work consists in investigating the impact of Multiword Expressions on applications, focusing on compound nouns in Information Retrieval systems, and whether a more adequate treatment for these expressions can bring possible improvements in the indexing these expressions.",0.5284222381772625,reference_216
