Reference text,similarity
"• Decision Tree - created from the use of the J48 algorithm (Witten and Frank, 2000) from Weka (Hall et al., 2009), a data mining tool.",0.5350754440373082,reference_97
"C or pu s D oc u m en ts L A 9 4 1 1 0 . 2 4 5 G H 9 5 5 6 . 4 7 2 T o t a l 1 6 6 . 7 1 7 Table 1: Total documents The collection of documents, as well as the query topics and the list of relevance judgments (which will be discussed afterwards), were prepared in the context of the CLEF 2008 (Cross Language Evaluation Forum), for the task entitled Robust-WSD (Acosta et al., 2008).",0.610228005627875,reference_45
"Together, they contain over 160,000 news articles (Table 1) and each news article is considered as a document.",0.65725400582519,reference_44
"The indices CN and BCN had a similar result, and knowing that a dictionary used to create BCN is a subset of the dictionary CN, we can conclude that the gain values, choosing the best MWE candidates, <TERM ID=""GH950102000000-126"" LEMA=""underworld"" POS=""NN""> <WF>underworld</WF> <SYNSET SCORE=""0.5"" CODE=""06120171-n""/> <SYNSET SCORE=""0.5"" CODE=""06327598-n""/> </TERM> Original Topic: - What was the role of the Hubble telescope in proving the existence of black holes?",0.6587331632781189,reference_182
"More recently there has been the release of the mwetoolkit (Ramisch et al., 2010) for the automatic extraction of MWEs from monolingual corpora, that both generates and validates MWE candidates.",0.6598272165407887,reference_33
The rationale was that documents containing specific MWEs can be indexed more adequately than those containing the words of the expression separately.,0.4007723502620688,reference_71
The aim of this paper is to apply techniques for the automatic extraction of MWEs from corpora to index them as a single unit.,0.4295076810128237,reference_3
One of the motivations of this work is to investigate if the identification and appropriate treatment of Multiword Expressions (MWEs) in an application contributes to improve results and ultimately lead to more precise man-machine interaction.,0.43351746128347,reference_5
"The index that we consider as containing the lowest confident MWEs (WCN), obtained better results than Decision Trees, Nominal Compounds and Best Nominal Compounds, in this order.",0.4618354757940326,reference_175
"A variation of corpora, different from newspaper articles, because each domain has a specific terminology, can also be an interesting subject for further evaluation.",0.4621382346478006,reference_225
"This work consists in investigating the impact of Multiword Expressions on applications, focusing on compound nouns in Information Retrieval systems, and whether a more adequate treatment for these expressions can bring possible improvements in the indexing these expressions.",0.3318146801017479,reference_216
"MWEs are found in all genres of texts and their appropriate use is being targeted for study, both in linguistics and computing, due to the different characteristic variations of this type of expression, which ends up causing problems for the success of computational methods that aim their processing.",0.4154472366488137,reference_217
"This document contained information on a “small bomb located outside the of the Russian embassy” and has is not relevant to topic 141, being properly relegated to a lower position.",0.4193043268451586,reference_187
In this work we aimed at achieving a better understanding of several important points associated with the use of Multiword Expressions in IR systems.,0.4313764507688561,reference_218
"The use of lemmas and not the words (e.g. write for wrote, written, etc.) to the formation of the corpus, avoids linguistic variations that can affect the results of the experiments.",0.5351916221812274,reference_51
"The concept of Multiword Expression has been widely viewed as a sequence of words that acts as a single unit at some level of linguistic analysis (Calzolari et al., 2002), or as Idiosyncratic interpretations that cross word boundaries (or spaces) (Sag et al., 2002).",0.5452204337082922,reference_26
"Since this list contains all types of MWEs, it was necessary to further filter these to obtain compound nouns only, using morphosyn- tactic information obtained by the TreeTagger (Schmid, 1994), which for English is reported to have an accuracy of 96.36%” (Schmid, 1994).",0.6167050392624218,reference_95
"Although language processing is not vital to modern IR systems, it may be convenient (Sparck Jones, 1997) and in this scenario, NLP techniques may contribute in the selection of MWEs for indexing as single units in the IR system.",0.6311872987473538,reference_16
"In this paper, we perform an application-oriented evaluation of the inclusion of MWE treatment into an Information Retrieval (IR) system.",0.6188849752920085,reference_14
"Intuitively, with the appropriate treatment of MWEs, the results of an Information Retrieval (IR) system could be improved.",0.7434671893888413,reference_2
Stemming can provide further conflation of related terms.,0.7757774536221138,reference_55
Qc 2011 Association for Computational Linguistics return instead irrelevant documents about celestial bodies or carbonated drinks.,0.4708773027946331,reference_21
"Several other researchers have proposed a number of computational techniques that deal with the discovery of MWEs: Baldwin and Villavicencio (2002) for verb-particle constructions, Pearce (2002) and Evert and Krenn (2005) for collocations, Nicholson and Baldwin (2006) for compound nouns and many others.",0.5609472186896821,reference_35
An interesting fact about this topic is that only the MWE letter bomb influences the result.,0.7167716067701153,reference_188
"If indexing is performed only with the atomic terms, there may be a loss of semantic content of the documents.",0.7522616630198056,reference_19
We used the cosine metric to calculate the scores and rank the documents.,0.7764476610467567,reference_63
The test collection has a total of 310 query topics.,0.776797174907798,reference_59
