Index,Reference,Reference Text
0,ABSTRACT,We supplement WordNet entries with information on the subjectivity of its word senses.
1,ABSTRACT,Supervised classifiers that operate on word sense definitions in the same way that text classifiers operate on web or newspaper texts need large amounts of training data.
2,ABSTRACT,The resulting data sparseness problem is aggravated by the fact that dictionary definitions are very short.
3,ABSTRACT,We propose a semi-supervised minimum cut framework that makes use of both WordNet definitions and its relation structure.
4,ABSTRACT,"The experimental results show that it outperforms supervised minimum cut as well as standard supervised, non-graph classification, reducing the error rate by 40%."
5,ABSTRACT,"In addition, the semi-supervised approach achieves the same results as the supervised framework with less than 20% of the training data."
6,Introduction,"There is considerable academic and commercial interest in processing subjective content in text, where subjective content refers to any expression of a private state such as an opinion or belief (Wiebe et al., 2005)."
7,Introduction,"Important strands of work include the identification of subjective content and the determination of its polarity, i.e. whether a favourable or unfavourable opinion is expressed."
8,Introduction,"Automatic identification of subjective content often relies on word indicators, such as unigrams (Pang et al., 2002) or predetermined sentiment lexica (Wilson et al., 2005)."
9,Introduction,"Thus, the word positive the sentence contains a favourable opinion."
10,Introduction,"However, such word-based indicators can be misleading for two reasons."
11,Introduction,"First, contextual indicators such as irony and negation can reverse subjectivity or polarity indications (Polanyi and Zaenen, 2004)."
12,Introduction,"Second, different word senses of a single word can actually be of different subjectivity or polarity."
13,Introduction,"A typical subjectivity-ambiguous word, i.e. a word that has at least one subjective and at least one objective sense, is positive, as shown by the two example senses given below.1 (1) positive, electropositive—having a positive electric charge;“protons are positive” (objective) (2) plus, positive—involving advantage or good; “a plus (or positive) factor” (subjective) We concentrate on this latter problem by automatically creating lists of subjective senses, instead of subjective words, via adding subjectivity labels for senses to electronic lexica, using the example of WordNet."
14,Introduction,"This is important as the problem of subjectivity-ambiguity is frequent: We (Su and Markert, 2008) find that over 30% of words in our dataset are subjectivity-ambiguous."
15,Introduction,"Information on subjectivity of senses can also improve other tasks such as word sense disambiguation (Wiebe and Mihalcea, 2006)."
16,Introduction,"Moreover, Andreevskaia and Bergler (2006) show that the performance of automatic annotation of subjectivity at the word level can be hurt by the presence of subjectivity-ambiguous words in the training sets they use."
17,Introduction,in the sentence “This deal is a positive development for our company.” gives a strong indication that 1 All examples in this paper are from WordNet 2.0..
18,Introduction,"1 Human Language Technologies: The 2009 Annual Conference of the North American Chapter of the ACL, pages 1–9, Boulder, Colorado, June 2009."
19,Introduction,"Qc 2009 Association for Computational Linguistics We propose a semi-supervised approach based on minimum cut in a lexical relation graph to assign subjectivity (subjective/objective) labels to word senses.2 Our algorithm outperforms supervised minimum cuts and standard supervised, non-graph classification algorithms (like SVM), reducing the error rate by up to 40%."
20,Introduction,"In addition, the semi-supervised approach achieves the same results as the supervised framework with less than 20% of the training data."
21,Introduction,Our approach also outperforms prior approaches to the subjectivity recognition of word senses and performs well across two different data sets.
22,Introduction,The remainder of this paper is organized as follows.
23,Introduction,Section 2 discusses previous work.
24,Introduction,Section 3 describes our proposed semi-supervised minimum cut framework in detail.
25,Introduction,"Section 4 presents the experimental results and evaluation, followed by conclusions and future work in Section 5."
26,Related Work. ,"There has been a large and diverse body of research in opinion mining, with most research at the text (Pang et al., 2002; Pang and Lee, 2004; Popescu and Etzioni, 2005; Ounis et al., 2006), sentence (Kim and Hovy, 2005; Kudo and Matsumoto, 2004; Riloff et al., 2003; Yu and Hatzivassiloglou, 2003) or word (Hatzivassiloglou and McKeown, 1997; Turney and Littman, 2003; Kim and Hovy, 2004; Takamura et al., 2005; Andreevskaia and Bergler, 2006; Kaji and Kitsuregawa, 2007) level."
27,Related Work. ,An up-to-date overview is given in Pang and Lee (2008).
28,Related Work. ,"Graph-based algorithms for classification into subjective/objective or positive/negative language units have been mostly used at the sentence and document level (Pang and Lee, 2004; Agarwal and Bhattacharyya, 2005; Thomas et al., 2006), instead of aiming at dictionary annotation as we do."
29,Related Work. ,"We also cannot use prior graph construction methods for the document level (such as physical proximity of sentences, used in Pang and Lee (2004)) at the word sense level."
30,Related Work. ,At the word level Takamura et al.
31,Related Work. ,"(2005) use a semi-supervised spin model for word polarity determination, where the graph 2 It can be argued that subjectivity labels are maybe rather more graded than the clear-cut binary distinction we assign."
32,Related Work. ,"However, in Su and Markert (2008a) as well as Wiebe and Mi- halcea (2006) we find that human can assign the binary distinction to word senses with a high level of reliability."
33,Related Work. ,is constructed using a variety of information such as gloss co-occurrences and WordNet links.
34,Related Work. ,"Apart from using a different graph-based model from ours, they assume that subjectivity recognition has already been achieved prior to polarity recognition and test against word lists containing subjective words only."
35,Related Work. ,"However, Kim and Hovy (2004) and Andreevskaia and Bergler (2006) show that subjectivity recognition might be the harder problem with lower human agreement and automatic performance."
36,Related Work. ,"In addition, we deal with classification at the word sense level, treating also subjectivity-ambiguous words, which goes beyond the work in Takamura et al."
37,Related Work. ,(2005).
38,Related Work. ,Word Sense Level: There are three prior approaches addressing word sense subjectivity or polarity classification.
39,Related Work. ,Esuli and Sebastiani (2006) determine the polarity (positive/negative/objective) of word senses in WordNet.
40,Related Work. ,"However, there is no evaluation as to the accuracy of their approach."
41,Related Work. ,"They then extend their work (Esuli and Sebastiani, 2007) by applying the Page Rank algorithm to rank the WordNet senses in terms of how strongly a sense possesses a given semantic property (e.g., positive or negative)."
42,Related Work. ,"Apart from us tackling subjectivity instead of polarity, their Page Rank graph is also constructed focusing on WordNet glosses (linking glosses containing the same words), whereas we concentrate on the use of WordNet relations."
43,Related Work. ,"Both Wiebe and Mihalcea (2006) and our prior work (Su and Markert, 2008) present an annotation scheme for word sense subjectivity and algorithms for automatic classification."
44,Related Work. ,"Wiebe and Mi- halcea (2006) use an algorithm relying on distributional similarity and an independent, large manually annotated opinion corpus (MPQA) (Wiebe et al., 2005)."
45,Related Work. ,"One of the disadvantages of their algorithm is that it is restricted to senses that have distributionally similar words in the MPQA corpus, excluding 23% of their test data from automatic classification."
46,Related Work. ,"Su and Markert (2008) present supervised classifiers, which rely mostly on WordNet glosses and do not effectively exploit WordNet’s relation structure."
47,Semi-Supervised Mincuts. ,3.1 Minimum Cuts: The Main Idea.
48,Semi-Supervised Mincuts. ,Binary classification with minimum cuts (Mincuts) in graphs is based on the idea that similar items should be grouped in the same cut.
49,Semi-Supervised Mincuts. ,"All items in the training/test data are seen as vertices in a graph with undirected weighted edges between them specifying how strong the similarity/association between two vertices is. We use minimum s-t cuts: the graph contains two particular vertices s (source, corresponds to subjective) and t (sink, corresponds to objective) and each vertex u is connected to s and t via a weighted edge that can express how likely u is to be classified as s or t in isolation."
50,Semi-Supervised Mincuts. ,"Binary classification of the vertices is equivalent to splitting the graph into two disconnected subsets of all vertices, S and T with s ∈ S and t ∈ T . This corresponds to removing a set of edges from the graph."
51,Semi-Supervised Mincuts. ,"As similar items should be in the same part of the split, the best split is one which removes edges with low weights."
52,Semi-Supervised Mincuts. ,"In other words, a minimum cut problem is to find a partition of the graph which minimizes the following formula, where w(u, v) expresses the weight of an edge between two vertices."
53,Semi-Supervised Mincuts. ,"subjective or both objective.3 An example here is the antonym relation, where two antonyms such as good—morally admirable and evil, wicked—morally bad or wrong are both subjective."
54,Semi-Supervised Mincuts. ,"Second, Mincuts can be easily expanded into a semi-supervised framework (Blum and Chawla, 2001)."
55,Semi-Supervised Mincuts. ,This is essential as the existing labeled datasets for our problem are small.
56,Semi-Supervised Mincuts. ,"In addition, glosses are short, leading to sparse high dimensional vectors in standard feature representations."
57,Semi-Supervised Mincuts. ,"Also, WordNet connections between different parts of the WordNet hierarchy can also be sparse, leading to relatively isolated senses in a graph in a supervised framework."
58,Semi-Supervised Mincuts. ,Semi-supervised Mincuts allow us to import unlabeled data that can serve as bridges to isolated components.
59,Semi-Supervised Mincuts. ,"More importantly, as the unlabeled data can be chosen to be related to the labeled and test data, they might help pull test data to the right cuts (categories)."
60,Semi-Supervised Mincuts. ,3.3 Formulation of Semi-supervised Mincuts.
61,Semi-Supervised Mincuts. ,"W (S, T ) = ) u∈S,v∈T w(u, v)The formulation of our semi supervised Mincut for sense subjectivity classification involves the follow Globally optimal minimum cuts can be found in polynomial time and near-linear running time in practice, using the maximum flow algorithm (Pang and Lee, 2004; Cormen et al., 2002)."
62,Semi-Supervised Mincuts. ,3.2 Why might Semi-supervised Minimum.
63,Semi-Supervised Mincuts. ,Cuts Work?
64,Semi-Supervised Mincuts. ,We propose semi-supervised mincuts for subjectivity recognition on senses for several reasons.
65,Semi-Supervised Mincuts. ,"First, our problem satisfies two major conditions necessary for using minimum cuts."
66,Semi-Supervised Mincuts. ,It is a binary classification problem (subjective vs. objective senses) as is needed to divide the graph into two components.
67,Semi-Supervised Mincuts. ,Our dataset also lends itself naturally to s-t Mincuts as we have two different views on the data.
68,Semi-Supervised Mincuts. ,"Thus, the edges of a vertex (=sense) to the source/sink can be seen as the probability of a sense being subjective or objective without taking similarity to other senses into account, for example via considering only the sense gloss."
69,Semi-Supervised Mincuts. ,"In contrast, the edges between two senses can incorporate the WordNet relation hierarchy, which is a good source of similarity for our problem as many WordNet relations are subjectivity-preserving, i.e. if two senses are connected via such a relation they are likely to be both ing steps, which we later describe in more detail."
70,Semi-Supervised Mincuts. ,1.
71,Semi-Supervised Mincuts. ,"We define two vertices s (source) and t (sink),."
72,Semi-Supervised Mincuts. ,"which correspond to the “subjective” and “objective” category, respectively."
73,Semi-Supervised Mincuts. ,"Following the definition in Blum and Chawla (2001), we call the vertices s and t classification vertices, and all other vertices (labeled, test, and unlabeled data) example vertices."
74,Semi-Supervised Mincuts. ,Each example vertex corresponds to one WordNet sense and is connected to both s and t via a weighted edge.
75,Semi-Supervised Mincuts. ,The latter guarantees that the graph is connected.
76,Semi-Supervised Mincuts. ,2.
77,Semi-Supervised Mincuts. ,"For the test and unlabeled examples, we see."
78,Semi-Supervised Mincuts. ,the edges to the classification vertices as the probability of them being subjective/objective disregarding other example vertices.
79,Semi-Supervised Mincuts. ,We use a supervised classifier to set these edge weights.
80,Semi-Supervised Mincuts. ,"For the labeled training examples, they are connected by edges with a high constant weight to the classification vertices that they belong to."
81,Semi-Supervised Mincuts. ,3.
82,Semi-Supervised Mincuts. ,WordNet relations are used to construct the.
83,Semi-Supervised Mincuts. ,edges between two example vertices.
84,Semi-Supervised Mincuts. ,Such 3 See Kamps et al.
85,Semi-Supervised Mincuts. ,(2004) for an early indication of such properties for some WordNet relations.
86,Semi-Supervised Mincuts. ,"edges can exist between any pair of example vertices, for example between two unlabeled examples."
87,After graph construction  we then employ a. ,maximum-flow algorithm to find the minimum s-t cuts of the graph.
88,After graph construction  we then employ a. ,"The cut in which the source vertex s lies is classified as “subjective”, and the cut in which the sink vertex t lies is “objective”."
89,After graph construction  we then employ a. ,to reflect the degree to which they are subjectivity- preserving.
90,After graph construction  we then employ a. ,"Therefore, we experiment with two methods of weight assignment."
91,After graph construction  we then employ a. ,Method 1 (NoSL) assigns the same constant weight of 1.0 to all Word- Net relations.
92,After graph construction  we then employ a. ,Method 2 (SL) reflects different degrees of preserving subjectivity.
93,After graph construction  we then employ a. ,"To do this, we adapt an unsupervised method of generating a large noisy set of subjective and objective senses from our previous work (Su and Markert, 2008)."
94,After graph construction  we then employ a. ,This method 5 We now describe the above steps in more detail.
95,After graph construction  we then employ a. ,"uses a list of subjective words (SL) to classify each Selection of unlabeled data: Random selection of unlabeled data might hurt the performance of Mincuts, as they might not be related to any sense in our training/test data (denoted by A)."
96,After graph construction  we then employ a. ,Thus a basic principle is that the selected unlabeled senses should be related to the training/test data by WordNet relations.
97,After graph construction  we then employ a. ,"We therefore simply scan each sense in A, and collect all senses related to it via one of the WordNet relations in Table 1."
98,After graph construction  we then employ a. ,All such senses that are not in A are collected in the unlabeled data set.
99,After graph construction  we then employ a. ,Weighting of edges to the classification vertices: The edge weight to s and t represents how likely it is that an example vertex is initially put in the cut in which s (subjective) or t (objective) lies.
100,After graph construction  we then employ a. ,"For unlabeled and test vertices, we use a supervised classifier (SVM4) with the labeled data as training data to assign the edge weights."
101,After graph construction  we then employ a. ,The SVM is also used as a baseline and its features are described in Section 4.3.
102,After graph construction  we then employ a. ,"As we do not wish the Mincut to reverse labels of the labeled training data, we assign a high constant weight of 5 to the edge between a labeled vertex and its corresponding classification vertex, and a low weight of 0.01 to the edge to the other classification vertex."
103,After graph construction  we then employ a. ,Assigning weights to WordNet relations: We connect two vertices that are linked by one of the ten WordNet relations in Table 1 via an edge.
104,After graph construction  we then employ a. ,"Not all WordNet relations we use are subjectivity- preserving to the same degree: for example, hyponyms (such as simpleton) of objective senses (such as person) do not have to be objective."
105,After graph construction  we then employ a. ,"However, we aim for high graph connectivity and we can assign different weights to different relations 4 We employ LIBSVM, available at http://www.csie.."
106,After graph construction  we then employ a. ,WordNet sense with at least two subjective words in its gloss as subjective and all other senses as objective.
107,After graph construction  we then employ a. ,We then count how often two senses related via a given relation have the same or a different subjectivity label.
108,After graph construction  we then employ a. ,The weight is computed by #same/(#same+#different).
109,After graph construction  we then employ a. ,Results are listed in Table 1.
110,After graph construction  we then employ a. ,"Table 1: Relation weights (Method 2) M et ho d #S a m e #D iff er en t W ei gh t An to ny m 2, 80 8 30 9 0."
111,After graph construction  we then employ a. ,"90 Si milar to 6, 88 7 1, 61 4 0."
112,After graph construction  we then employ a. ,"81 De riv ed fro m 4, 63 0 94 7 0."
113,After graph construction  we then employ a. ,"83 Dir ect Hy pe rn y m 71 ,9 15 8, 60 0 0."
114,After graph construction  we then employ a. ,"89 Dir ect Hy po ny m 71 ,9 15 8, 60 0 0."
115,After graph construction  we then employ a. ,89 Att rib ut e 35 0 10 9 0.
116,After graph construction  we then employ a. ,"76 Al so se e 1, 03 7 33 7 0."
117,After graph construction  we then employ a. ,"75 Ex ten ded An ton ym 6, 91 7 1, 65 1 0."
118,After graph construction  we then employ a. ,"81 Do m ai n 4, 38 7 89 2 0."
119,After graph construction  we then employ a. ,"83 Do m ain m e m be r 4, 38 7 89 2 0."
120,After graph construction  we then employ a. ,83 Example graph: An example graph is shown in Figure 1.
121,After graph construction  we then employ a. ,"The three example vertices correspond to the senses religious—extremely scrupulous and conscientious, scrupulous—having scruples; arising from a sense of right and wrong; principled; and flicker, spark, glint—a momentary flash of light respectively."
122,After graph construction  we then employ a. ,The vertex “scrupulous” is unlabeled data derived from the vertex “religious”(a test item) by the relation “similar-to”.
123,After graph construction  we then employ a. ,4 Experiments and Evaluation.
124,After graph construction  we then employ a. ,4.1 Datasets.
125,After graph construction  we then employ a. ,We conduct the experiments on two different gold standard datasets.
126,After graph construction  we then employ a. ,"One is the MicroWNOp corpus, ntu.edu.tw/˜cjlin/libsvm/."
127,After graph construction  we then employ a. ,Linear kernel and probability estimates are used in this work.
128,Available at. ,http://www.cs.pitt.edu/mpq a subjective 0.24 0.83 religio us similar-to 0.81 scrupulo us 0.76 0.17 objective baseline.8 Three different feature types are used.
129,Available at. ,Lexic al Feature s (L): a bag-of words represen tation of the sense glosses with stop word filtering.
130,Available at. ,"Relati on Feature s (R): First, we use two features for each of the ten WordNet relations in Table 1, describing how many relations of that type the sense has to senses in the subjectiv e or objective part of the training set, respectiv ely."
131,Available at. ,This provides a non graph 0.16 0.84 flicker Figure 1: Graph of Word Senses which is representative of the part-of-speech distribution in WordNet 6.
132,Available at. ,It includes 298 words with 703 objective and 358 subjective WordNet senses.
133,Available at. ,"The second one is the dataset created by Wiebe and Mihalcea (2006).7 It only contains noun and verb senses, and includes 60 words with 236 objective and 92 subjective WordNet senses."
134,Available at. ,"As the MicroWNOp set is larger and also contains adjective and adverb senses, we describe our results in more detail on that corpus in the Section 4.3 and 4.4."
135,Available at. ,"In Section 4.5, we shortly discuss results on."
136,Available at. ,Wiebe&Mihalcea’s dataset.
137,Available at. ,4.2 Baseline and Evaluation.
138,Available at. ,"We compare to a baseline that assigns the most frequent category objective to all senses, which achieves an accuracy of 66.3% and 72.0% on MicroWNOp and Wiebe&Mihalcea’s dataset respectively."
139,Available at. ,We use the McNemar test at the significance level of 5% for significance statements.
140,Available at. ,All evaluations are carried out by 10-fold cross-validation.
141,Available at. ,4.3 Standard Supervised Learning.
142,Available at. ,We use an SVM classifier to compare our proposed semi-supervised Mincut approach to a reasonable
143,Available   at   http://www.comp.leeds.ac.uk/. ,summary of subjectivity-preserving links.
144,Available   at   http://www.comp.leeds.ac.uk/. ,"Second, we manually collected a small set (denoted by SubjSet) of seven subjective verb and noun senses which are close to the root in WordNet’s hypernym tree."
145,Available   at   http://www.comp.leeds.ac.uk/. ,"A typical example element of SubjSet is psychological feature —a feature of the mental life of a living organism, which indicates subjectivity for its hyponyms such as hope — the general feeling that some desire will be fulfilled."
146,Available   at   http://www.comp.leeds.ac.uk/. ,A binary feature describes whether a noun/verb sense is a hyponym of an element of SubjSet.
147,Available   at   http://www.comp.leeds.ac.uk/. ,"Monosemous Feature (M): for each sense, we scan if a monosemous word is part of its synset."
148,Available   at   http://www.comp.leeds.ac.uk/. ,"If so, we further check if the monosemous word is collected in the subjective word list (SL)."
149,Available   at   http://www.comp.leeds.ac.uk/. ,"The intuition is that if a monosemous word is subjective, obviously its (single) sense is subjective."
150,Available   at   http://www.comp.leeds.ac.uk/. ,"For example, the sense uncompromising, inflexible—not making concessions is subjective, as “uncompromising” is a monosemous word and also in SL."
151,Available   at   http://www.comp.leeds.ac.uk/. ,"We experiment with different combinations of features and the results are listed in Table 2, prefixed by “SVM”."
152,Available   at   http://www.comp.leeds.ac.uk/. ,All combinations perform significantly better than the more frequent category baseline and similarly to the supervised Naive Bayes classifier (see S&M in Table 2) we used in Su and Mark- ert (2008).
153,Available   at   http://www.comp.leeds.ac.uk/. ,"However, improvements by adding more features remain small."
154,Available   at   http://www.comp.leeds.ac.uk/. ,"In addition, we compare to a supervised classifier (see Lesk in Table 2) that just assigns each sense the subjectivity label of its most similar sense in the training data, using Lesk’s similarity measure from Pedersen’s WordNet similarity package9."
155,Available   at   http://www.comp.leeds.ac.uk/. ,We use Lesk as it is one of the few measures applicable across all parts-of-speech.
156,Available   at   http://www.comp.leeds.ac.uk/. ,markert/data.
157,Available   at   http://www.comp.leeds.ac.uk/. ,This dataset was first used with a different annotation scheme in Esuli and Sebastiani (2007) and we also used it in Su and Markert (2008).
158,Available at http://www.cs.pitt.edu/˜wiebe/. ,pubs/papers/goldstandard.total.acl06.
159,Available at http://www.cs.pitt.edu/˜wiebe/. ,classification vertices in the Mincut approach.
160,Available at http://www.cs.pitt.edu/˜wiebe/. ,9 Available at http://www.d.umn.edu/˜tpederse/.
161,Available at http://www.cs.pitt.edu/˜wiebe/. ,similarity.html.
162,Available at http://www.cs.pitt.edu/˜wiebe/. ,"Table 2: Results of SVM and Mincuts with different settings of feature M et ho d S u b j e c t i v e O b j e c t i v e Ac cu ra cy Pr eci sio n Re cal lF sc or e Pr eci sio n Re cal lF sc or e Ba sel in e N/ A 0 N/ A 66 .3 % 10 0 % 79 .7 % 66 .3 % S & M 66 .2 % 64 .5 % 65 .3 % 82 .2 % 83 .2 % 82 .7 % 76 .9 % Le sk 65 .6 % 50 .3 % 56 .9 % 77 .5 % 86 .6 % 81 .8 % 74 .4 % S VM L 69 .6 % 37 .7 % 48 .9 % 74 .3 % 91 .6 % 82 .0 % 73 .4 %L SL 82 .0 % 43 .3 % 56 .7 % 76 .7 % 95 .2 % 85 .0 % 77 .7 %L No SL 80 .8 % 43 .6 % 56 .6 % 76 .7 % 94 .7 % 84 .8 % 77 .5 % S VM L M 68 .9 % 42 .2 % 52 .3 % 75 .4 % 90 .3 % 82 .2 % 74 .1 % LM SL 83 .2 % 44 .4 % 57 .9 % 77 .1 % 95 .4 % 85 .3 % 78 .2 % LM No SL 83 .6 % 44 .1 % 57 .8 % 77 .1 % 95 .6 % 85 .3 % 78 .2 % S VM LR 68 .4 % 45 .3 % 54 .5 % 76 .2 % 89 .3 % 82 .3 % 74 .5 % LR SL 82 .7 % 65 .4 % 73 .0 % 84 .1 % 93 .0 % 88 .3 % 83 .7 % LR No SL 82 .4 % 65 .4 % 72 .9 % 84 .0 % 92 .9 % 88 .2 % 83 .6 % S VM LR M 69 .8 % 47 .2 % 56 .3 % 76 .9 % 89 .6 % 82 .8 % 75 .3 % LRM SL 85 .5 % 65 .6 % 74 .2 % 84 .4 % 94 .3 % 89 .1 % 84 .6 % LRM No SL 84 .6 % 65 .9 % 74 .1 % 84 .4 % 93 .9 % 88 .9 % 84 .4 % 1 L, R and M correspond to the lexical, relation and monosemous features respectively."
163,Available at http://www.cs.pitt.edu/˜wiebe/. ,2 SVM-L corresponds to using lexical features only for the SVM classifier.
164,Available at http://www.cs.pitt.edu/˜wiebe/. ,"Likewise, SVM-."
165,Available at http://www.cs.pitt.edu/˜wiebe/. ,"LRM corresponds to using a combination for lexical, relation, and monosemous features for the SVM classifier."
166,Available at http://www.cs.pitt.edu/˜wiebe/. ,"3 L-SL corresponds to the Mincut that uses only lexical features for the SVM classifier, and subjective list (SL) to infer the weight of WordNet relations."
167,Available at http://www.cs.pitt.edu/˜wiebe/. ,"Likewise, LMNoSL corresponds to the Mincut algorithm that uses lexical and monosemous features for the SVM, and predefined constants for WordNet relations (without subjective list)."
168,Available at http://www.cs.pitt.edu/˜wiebe/. ,4.4 Semi-supervised Graph Mincuts.
169,Available at http://www.cs.pitt.edu/˜wiebe/. ,"Using our formulation in Section 3.3, we import 3,220 senses linked by the ten WordNet relations to any senses in MicroWNOp as unlabeled data."
170,Available at http://www.cs.pitt.edu/˜wiebe/. ,"We construct edge weights to classification vertices using the SVM discussed above and use WordNet relations for links between example vertices, weighted by either constants (NoSL) or via the method illustrated in Table 1 (SL)."
171,Available at http://www.cs.pitt.edu/˜wiebe/. ,The results are also summarized in Table 2.
172,Available at http://www.cs.pitt.edu/˜wiebe/. ,"Semi-supervised Mincuts always significantly outperform the corresponding SVM classifiers, regardless of whether the subjectivity list is used for setting edge weights."
173,Available at http://www.cs.pitt.edu/˜wiebe/. ,We can also see that we achieve good results without using any other knowledge sources (setting LRNoSL).
174,Available at http://www.cs.pitt.edu/˜wiebe/. ,The example in Figure 1 explains why semi- supervised Mincuts outperforms the supervised approach.
175,Available at http://www.cs.pitt.edu/˜wiebe/. ,"The vertex “religious” is initially assigned the subjective/objective probabilities 0.24/0.76 by the SVM classifier, leading to a wrong classification."
176,Available at http://www.cs.pitt.edu/˜wiebe/. ,"However, in our graph-based Mincut framework, the vertex “religious” might link to other vertices (for example, it links to the vertex “scrupulous” in the unlabeled data by the relation “similar-to”)."
177,Available at http://www.cs.pitt.edu/˜wiebe/. ,The mincut algorithm will put vertices “religious” and “scrupulous” in the same cut (subjective category) as this results in the least cost 0.93 (ignoring the cost of assigning the unrelated sense of “flicker”).
178,Available at http://www.cs.pitt.edu/˜wiebe/. ,"In other words, the edges between the vertices are likely to correct some initially wrong classification and pull the vertices into the right cuts."
179,Available at http://www.cs.pitt.edu/˜wiebe/. ,In the following we will analyze the best minimum cut algorithm LRMSL in more detail.
180,Available at http://www.cs.pitt.edu/˜wiebe/. ,We measure its accuracy for each part-of-speech in the MicroWNOp dataset.
181,Available at http://www.cs.pitt.edu/˜wiebe/. ,"The number of noun, adjective, adverb and verb senses in MicroWNOp is 484, 265, 31 and 281, respectively."
182,Available at http://www.cs.pitt.edu/˜wiebe/. ,The result is listed in Table 3.
183,Available at http://www.cs.pitt.edu/˜wiebe/. ,"The significantly better performance of semi-supervised mincuts holds across all parts-of- speech but the small set of adverbs, where there is no significant difference between the baseline, SVM and the Mincut algorithm."
184,Available at http://www.cs.pitt.edu/˜wiebe/. ,Mincuts SVM with different sizes of labeled and unlabeled data.
185,Available at http://www.cs.pitt.edu/˜wiebe/. ,All learning curves are generated via averaging 10 learning curves from 10-fold cross-validation.
186,Available at http://www.cs.pitt.edu/˜wiebe/. ,"Performance with different sizes of labeled data: we randomly generate subsets of labeled data A1, A2..."
187,Available at http://www.cs.pitt.edu/˜wiebe/. ,"An, and guarantee that A1 ⊂ A2... ⊂ An.Results for the best SVM (LRM) and the best min imum cut (LRMSL) are listed in Table 4, and the corresponding learning curve is shown in Figure 2."
188,Available at http://www.cs.pitt.edu/˜wiebe/. ,"As can be seen, the semi-supervised Mincuts is consistently better than SVM."
189,Available at http://www.cs.pitt.edu/˜wiebe/. ,"Moreover, the semi- supervised Mincut with only 200 labeled data items performs even better than SVM with 954 training items (78.9% vs 75.3%), showing that our semi- supervised framework allows for a training data reduction of more than 80%."
190,Available at http://www.cs.pitt.edu/˜wiebe/. ,Table 4: Accuracy with different sizes of labeled data 71 68 100 200 300 400 500 600 700 800 900 1000 Size of Labeled Data Figure 2: Learning curve with different sizes of labeled data The results are listed in Table 5 and Table 6 respectively.
191,Available at http://www.cs.pitt.edu/˜wiebe/. ,The corresponding learning curves are shown in Figure 3.
192,Available at http://www.cs.pitt.edu/˜wiebe/. ,We see that performance improves with the increase of unlabeled data.
193,Available at http://www.cs.pitt.edu/˜wiebe/. ,"In addition, the curves seem to converge when the size of unlabeled data is larger than 3,000."
194,Available at http://www.cs.pitt.edu/˜wiebe/. ,From the results in Tabel 5 one can also see that hyponymy is the relation accounting for the largest increase.
195,Available at http://www.cs.pitt.edu/˜wiebe/. ,Table 6: Accuracy with different sizes of unlabeled data (random selection) # unl ab ele d da ta Ac cu ra cy 0 75 .9 % 20 0 76 .5 % 50 0 78 .6 % 10 00 80 .2 % 20 00 82 .8 % 30 00 84 .0 % 32 20 84 .6 % Performance with different sizes of unlabeled data: We propose two different settings.
196,Available at http://www.cs.pitt.edu/˜wiebe/. ,Option1: Use a subset of the ten relations to generate the unlabeled data (and edges between example vertices).
197,Available at http://www.cs.pitt.edu/˜wiebe/. ,"For example, we first use {antonym, similar-to} only to obtain a unlabeled dataset U1, then use a larger subset of the relations like {antonym, similar-to, direct-hyponym, direct- hypernym} to generate another unlabeled dataset U2, and so forth."
198,Available at http://www.cs.pitt.edu/˜wiebe/. ,"Obviously, Ui is a subset of Ui+1."
199,Available at http://www.cs.pitt.edu/˜wiebe/. ,"Option2: Use all the ten relations to generate the unlabeled data U . We then randomly select subsets of U , such as subset U1, U2 and U3, and guarantee that U1 ⊂ U2 ⊂ U3 ⊂ . . ."
200,Available at http://www.cs.pitt.edu/˜wiebe/. ,"U . Furthermore, these results also show that a supervised mincut without unlabeled data performs only on a par with other supervised classifiers (75.9%)."
201,Available at http://www.cs.pitt.edu/˜wiebe/. ,"The reason is that if we exclude the unlabeled data, there are only 67 WordNet relations/edges between senses in the small MicroWNOp dataset."
202,Available at http://www.cs.pitt.edu/˜wiebe/. ,"In contrast, the use of unlabeled data adds more edges (4,586) to the graph, which strongly affects the graph cut partition (see also Figure 1)."
203,Available at http://www.cs.pitt.edu/˜wiebe/. ,4.5 Comparison to Prior Approaches.
204,Available at http://www.cs.pitt.edu/˜wiebe/. ,"In our previous work (Su and Markert, 2008), we report 76.9% as the best accuracy on the same Micro Table 5: Accuracy with different sizes of unlabeled data from WordNet relation Re lati on # unl ab ele d da ta Ac cu ra cy {∅ } 0 75 .3 % {si milar to } 41 8 79 .1 % {si milar to, ant on ym } 51 4 79 .5 % {si milarto, antonym, direct-hypernym, direct hy po ny m } 2, 72 1 84 .4 % {si milarto, antonym, direct-hypernym, direct hy po ny m, also se e, ext en ded ant on ym } 3, 00 4 84 .4 % {si milarto, antonym, direct-hypernym, direct hy po ny m, al so se e, ex te nd ed an to ny m, d eri ved fr o m , at tri bu te , d o m ai n, d o m ain m e m be r} 3, 22 0 84 .6 % 89 Option1 87 Option2."
205,Available at http://www.cs.pitt.edu/˜wiebe/. ,"85 83 81 79 77 75 0 500 1000 1500 2000 2500 3000 3500 Size of Unlabeled Data Figure 3: Learning curve with different sizes of unlabeled data WNOp dataset used in the previous sections, using a supervised Naive Bayes (S&M in Tabel 2)."
206,Available at http://www.cs.pitt.edu/˜wiebe/. ,Our best result from Mincuts is significantly better at 84.6% (see LRMSL in Table 2).
207,Available at http://www.cs.pitt.edu/˜wiebe/. ,"For comparison to Wiebe and Mihalcea (2006), we use their dataset for testing, henceforth called Wiebe (see Section 4.1 for a description)."
208,Available at http://www.cs.pitt.edu/˜wiebe/. ,"Wiebe and Mihalcea (2006) report their results in precision and recall curves for subjective senses, such as a precision of about 55% at a recall of 50% for subjective senses."
209,Available at http://www.cs.pitt.edu/˜wiebe/. ,Their F-score for subjective senses seems to remain relatively static at 0.52 throughout their precision/recall curve.
210,Available at http://www.cs.pitt.edu/˜wiebe/. ,We run our best Mincut LRMSL algorithm with two different settings on Wiebe.
211,Available at http://www.cs.pitt.edu/˜wiebe/. ,"Using MicroWNOp as training set and Wiebe as test set, we achieve an accuracy of 83.2%, which is similar to the results on the MicroWNOp dataset."
212,Available at http://www.cs.pitt.edu/˜wiebe/. ,At the recall of50% we achieve a precision of 83.6% (in compari son to their precision of 55% at the same recall).
213,Available at http://www.cs.pitt.edu/˜wiebe/. ,Our F-score is 0.63 (vs. 0.52).
214,Available at http://www.cs.pitt.edu/˜wiebe/. ,"To check whether the high performance is just due to our larger training set, we also conduct 10-fold cross-validation on Wiebe."
215,Available at http://www.cs.pitt.edu/˜wiebe/. ,"The accuracy achieved is 81.1% and the F-score 0.56 (vs. 0.52), suggesting that our algorithm performs better."
216,Available at http://www.cs.pitt.edu/˜wiebe/. ,Our algorithm can be used on all WordNet senses whereas theirs is restricted to senses that have distributionally similar words in the MPQA corpus (see Section 2).
217,Available at http://www.cs.pitt.edu/˜wiebe/. ,"However, they use an unsupervised algorithm i.e. they do not need labeled word senses, although they do need a large, manually annotated opinion corpus."
218,Available at http://www.cs.pitt.edu/˜wiebe/. ,5 Conclusion and Future Work.
219,Available at http://www.cs.pitt.edu/˜wiebe/. ,We propose a semi-supervised minimum cut algorithm for subjectivity recognition on word senses.
220,Available at http://www.cs.pitt.edu/˜wiebe/. ,The experimental results show that our proposed approach is significantly better than a standard supervised classification framework as well as a supervised Mincut.
221,Available at http://www.cs.pitt.edu/˜wiebe/. ,"Overall, we achieve a 40% reduction in error rates (from an error rate of about 25% to an error rate of 15%)."
222,Available at http://www.cs.pitt.edu/˜wiebe/. ,"To achieve the results of standard supervised approaches with our model, we need less than 20% of their training data."
223,Available at http://www.cs.pitt.edu/˜wiebe/. ,"In addition, we compare our algorithm to previous state-of-the-art approaches, showing that our model performs better on the same datasets."
224,Available at http://www.cs.pitt.edu/˜wiebe/. ,"Future work will explore other graph construction methods, such as the use of morphological relations as well as thesaurus and distributional similarity measures."
225,Available at http://www.cs.pitt.edu/˜wiebe/. ,We will also explore other semi- supervised algorithms.
