Index,Reference,Reference Text
0,N09_csl2013,"['The work closest to ours is the subjectivity word sense disambiguation method proposed in Akkaya et al.', '(2009), where on a set of 83 English words, an accuracy of 88% was observed; and the method proposed in Su and Markert (2009), where an accuracy of 84% was obtained on another dataset of 298 words.']"
1,N09_qwn,"['Although it can be used in its current form for data-driven Sentiment Analysis (Pang et al., 2002; Pang and Lee, 2004; Kim and Hovy, 2004; Popescu and Etzioni, 2005; Su and Markert, 2009; DanescuNiculescu- Mizil et al., 2009), or for lexical sentiment analysis tasks (Strapparava and Mihalcea, 2007; Su and Markert, 2009), it could also be used as a training set for supervised classifiers that would subsequently be applied for the improvement of Q-WordNet.']"
2,N09_qwn,"['Although it can be used in its current form for data-driven Sentiment Analysis (Pang et al., 2002; Pang and Lee, 2004; Kim and Hovy, 2004; Popescu and Etzioni, 2005; Su and Markert, 2009; DanescuNiculescu- Mizil et al., 2009), or for lexical sentiment analysis tasks (Strapparava and Mihalcea, 2007; Su and Markert, 2009), it could also be used as a training set for supervised classifiers that would subsequently be applied for the improvement of Q-WordNet.']"
3,N09prod,['Pang[4] and Su[5] both optimized their multi-classification results using the Mincut model.']
4,N09prod,"['Inspired by work of Pang[4] and Su[5], we also use Minimum cut (Mincut) model to optimize the Two-stage SVM result.']"
5,N15-1071,"['The MWE productions seem to overlap with well- known linguistic phenomena  consider Fahrni and Klenner (2008) and their claim that most adjectives have a polarity that is dependent on the target they modify instead of having a prior polarity that holds independently of the target, or the observation of Su and Markert (2009) that sentiment should be dependent on word senses instead of word forms (which would capture a large number of examples within the expression strengthening category).']"
6,P101167,['Su and Markert (2009) propose a semi-supervised minimum cut framework to label word sense entries in WordNet with subjectivity information.']
7,P1018,"['In more recent work it has been argued that the classification of subjectivity vs. objectivity needs to be done independently from the polarity identification (Gyamfi et al., 2009; Su and Markert, 2009).']"
8,P1018,"['For example, Su and Markert (2009) make use of both Wordnet definitions and Wordnet relations and achieve an accuracy of 84.6% on all parts-of-speech.']"
9,PEAAI_n09,['Semi-supervised techniques on text mining were applied by Fangzhong and Markert (2009).']
10,Pproc2014_n09,['The antonymous classes of each are -effect events']
11,Pproc2014_n09,['Su and Markert (2009) adopt a semi-supervised mincut method to recognize the subjectivity of word senses.']
12,W11-0311,"['One related line of research is to automatically assign subjectivity and/or polarity labels to word senses in a dictionary (Valitutti et al., 2004; An- dreevskaia and Bergler, 2006; Wiebe and Mihalcea, 2006; Esuli and Sebastiani, 2007; Su and Markert, 2009).']"
