<PAPER>
	<ABSTRACT>
		<S sid ="1" ssid = "1">We supplement WordNet entries with information on the subjectivity of its word senses.</S>
		<S sid ="2" ssid = "2">Supervised classifiers that operate on word sense definitions in the same way that text classifiers operate on web or newspaper texts need large amounts of training data.</S>
		<S sid ="3" ssid = "3">The resulting data sparseness problem is aggravated by the fact that dictionary definitions are very short.</S>
		<S sid ="4" ssid = "4">We propose a semi-supervised minimum cut framework that makes use of both WordNet definitions and its relation structure.</S>
		<S sid ="5" ssid = "5">The experimental results show that it outperforms supervised minimum cut as well as standard supervised, non-graph classification, reducing the error rate by 40%.</S>
		<S sid ="6" ssid = "6">In addition, the semi-supervised approach achieves the same results as the supervised framework with less than 20% of the training data.</S>
	</ABSTRACT>
	<SECTION title="Introduction" number = "1">
			<S sid ="7" ssid = "7">There is considerable academic and commercial interest in processing subjective content in text, where subjective content refers to any expression of a private state such as an opinion or belief (Wiebe et al., 2005).</S>
			<S sid ="8" ssid = "8">Important strands of work include the identification of subjective content and the determination of its polarity, i.e. whether a favourable or unfavourable opinion is expressed.</S>
			<S sid ="9" ssid = "9">Automatic identification of subjective content often relies on word indicators, such as unigrams (Pang et al., 2002) or predetermined sentiment lexica (Wilson et al., 2005).</S>
			<S sid ="10" ssid = "10">Thus, the word positive the sentence contains a favourable opinion.</S>
			<S sid ="11" ssid = "11">However, such word-based indicators can be misleading for two reasons.</S>
			<S sid ="12" ssid = "12">First, contextual indicators such as irony and negation can reverse subjectivity or polarity indications (Polanyi and Zaenen, 2004).</S>
			<S sid ="13" ssid = "13">Second, different word senses of a single word can actually be of different subjectivity or polarity.</S>
			<S sid ="14" ssid = "14">A typical subjectivity-ambiguous word, i.e. a word that has at least one subjective and at least one objective sense, is positive, as shown by the two example senses given below.1 (1) positive, electropositive—having a positive electric charge;“protons are positive” (objective) (2) plus, positive—involving advantage or good; “a plus (or positive) factor” (subjective) We concentrate on this latter problem by automatically creating lists of subjective senses, instead of subjective words, via adding subjectivity labels for senses to electronic lexica, using the example of WordNet.</S>
			<S sid ="15" ssid = "15">This is important as the problem of subjectivity-ambiguity is frequent: We (Su and Markert, 2008) find that over 30% of words in our dataset are subjectivity-ambiguous.</S>
			<S sid ="16" ssid = "16">Information on subjectivity of senses can also improve other tasks such as word sense disambiguation (Wiebe and Mihalcea, 2006).</S>
			<S sid ="17" ssid = "17">Moreover, Andreevskaia and Bergler (2006) show that the performance of automatic annotation of subjectivity at the word level can be hurt by the presence of subjectivity-ambiguous words in the training sets they use.</S>
			<S sid ="18" ssid = "18">in the sentence “This deal is a positive development for our company.” gives a strong indication that 1 All examples in this paper are from WordNet 2.0..</S>
			<S sid ="19" ssid = "19">1 Human Language Technologies: The 2009 Annual Conference of the North American Chapter of the ACL, pages 1–9, Boulder, Colorado, June 2009.</S>
			<S sid ="20" ssid = "20">Qc 2009 Association for Computational Linguistics We propose a semi-supervised approach based on minimum cut in a lexical relation graph to assign subjectivity (subjective/objective) labels to word senses.2 Our algorithm outperforms supervised minimum cuts and standard supervised, non-graph classification algorithms (like SVM), reducing the error rate by up to 40%.</S>
			<S sid ="21" ssid = "21">In addition, the semi-supervised approach achieves the same results as the supervised framework with less than 20% of the training data.</S>
			<S sid ="22" ssid = "22">Our approach also outperforms prior approaches to the subjectivity recognition of word senses and performs well across two different data sets.</S>
			<S sid ="23" ssid = "23">The remainder of this paper is organized as follows.</S>
			<S sid ="24" ssid = "24">Section 2 discusses previous work.</S>
			<S sid ="25" ssid = "25">Section 3 describes our proposed semi-supervised minimum cut framework in detail.</S>
			<S sid ="26" ssid = "26">Section 4 presents the experimental results and evaluation, followed by conclusions and future work in Section 5.</S>
	</SECTION>
	<SECTION title="Related Work. " number = "2">
			<S sid ="27" ssid = "1">There has been a large and diverse body of research in opinion mining, with most research at the text (Pang et al., 2002; Pang and Lee, 2004; Popescu and Etzioni, 2005; Ounis et al., 2006), sentence (Kim and Hovy, 2005; Kudo and Matsumoto, 2004; Riloff et al., 2003; Yu and Hatzivassiloglou, 2003) or word (Hatzivassiloglou and McKeown, 1997; Turney and Littman, 2003; Kim and Hovy, 2004; Takamura et al., 2005; Andreevskaia and Bergler, 2006; Kaji and Kitsuregawa, 2007) level.</S>
			<S sid ="28" ssid = "2">An up-to-date overview is given in Pang and Lee (2008).</S>
			<S sid ="29" ssid = "3">Graph-based algorithms for classification into subjective/objective or positive/negative language units have been mostly used at the sentence and document level (Pang and Lee, 2004; Agarwal and Bhattacharyya, 2005; Thomas et al., 2006), instead of aiming at dictionary annotation as we do.</S>
			<S sid ="30" ssid = "4">We also cannot use prior graph construction methods for the document level (such as physical proximity of sentences, used in Pang and Lee (2004)) at the word sense level.</S>
			<S sid ="31" ssid = "5">At the word level Takamura et al.</S>
			<S sid ="32" ssid = "6">(2005) use a semi-supervised spin model for word polarity determination, where the graph 2 It can be argued that subjectivity labels are maybe rather more graded than the clear-cut binary distinction we assign.</S>
			<S sid ="33" ssid = "7">However, in Su and Markert (2008a) as well as Wiebe and Mi- halcea (2006) we find that human can assign the binary distinction to word senses with a high level of reliability.</S>
			<S sid ="34" ssid = "8">is constructed using a variety of information such as gloss co-occurrences and WordNet links.</S>
			<S sid ="35" ssid = "9">Apart from using a different graph-based model from ours, they assume that subjectivity recognition has already been achieved prior to polarity recognition and test against word lists containing subjective words only.</S>
			<S sid ="36" ssid = "10">However, Kim and Hovy (2004) and Andreevskaia and Bergler (2006) show that subjectivity recognition might be the harder problem with lower human agreement and automatic performance.</S>
			<S sid ="37" ssid = "11">In addition, we deal with classification at the word sense level, treating also subjectivity-ambiguous words, which goes beyond the work in Takamura et al.</S>
			<S sid ="38" ssid = "12">(2005).</S>
			<S sid ="39" ssid = "13">Word Sense Level: There are three prior approaches addressing word sense subjectivity or polarity classification.</S>
			<S sid ="40" ssid = "14">Esuli and Sebastiani (2006) determine the polarity (positive/negative/objective) of word senses in WordNet.</S>
			<S sid ="41" ssid = "15">However, there is no evaluation as to the accuracy of their approach.</S>
			<S sid ="42" ssid = "16">They then extend their work (Esuli and Sebastiani, 2007) by applying the Page Rank algorithm to rank the WordNet senses in terms of how strongly a sense possesses a given semantic property (e.g., positive or negative).</S>
			<S sid ="43" ssid = "17">Apart from us tackling subjectivity instead of polarity, their Page Rank graph is also constructed focusing on WordNet glosses (linking glosses containing the same words), whereas we concentrate on the use of WordNet relations.</S>
			<S sid ="44" ssid = "18">Both Wiebe and Mihalcea (2006) and our prior work (Su and Markert, 2008) present an annotation scheme for word sense subjectivity and algorithms for automatic classification.</S>
			<S sid ="45" ssid = "19">Wiebe and Mi- halcea (2006) use an algorithm relying on distributional similarity and an independent, large manually annotated opinion corpus (MPQA) (Wiebe et al., 2005).</S>
			<S sid ="46" ssid = "20">One of the disadvantages of their algorithm is that it is restricted to senses that have distributionally similar words in the MPQA corpus, excluding 23% of their test data from automatic classification.</S>
			<S sid ="47" ssid = "21">Su and Markert (2008) present supervised classifiers, which rely mostly on WordNet glosses and do not effectively exploit WordNet’s relation structure.</S>
	</SECTION>
	<SECTION title="Semi-Supervised Mincuts. " number = "3">
			<S sid ="48" ssid = "1">3.1 Minimum Cuts: The Main Idea.</S>
			<S sid ="49" ssid = "2">Binary classification with minimum cuts (Mincuts) in graphs is based on the idea that similar items should be grouped in the same cut.</S>
			<S sid ="50" ssid = "3">All items in the training/test data are seen as vertices in a graph with undirected weighted edges between them specifying how strong the similarity/association between two vertices is. We use minimum s-t cuts: the graph contains two particular vertices s (source, corresponds to subjective) and t (sink, corresponds to objective) and each vertex u is connected to s and t via a weighted edge that can express how likely u is to be classified as s or t in isolation.</S>
			<S sid ="51" ssid = "4">Binary classification of the vertices is equivalent to splitting the graph into two disconnected subsets of all vertices, S and T with s ∈ S and t ∈ T . This corresponds to removing a set of edges from the graph.</S>
			<S sid ="52" ssid = "5">As similar items should be in the same part of the split, the best split is one which removes edges with low weights.</S>
			<S sid ="53" ssid = "6">In other words, a minimum cut problem is to find a partition of the graph which minimizes the following formula, where w(u, v) expresses the weight of an edge between two vertices.</S>
			<S sid ="54" ssid = "7">subjective or both objective.3 An example here is the antonym relation, where two antonyms such as good—morally admirable and evil, wicked—morally bad or wrong are both subjective.</S>
			<S sid ="55" ssid = "8">Second, Mincuts can be easily expanded into a semi-supervised framework (Blum and Chawla, 2001).</S>
			<S sid ="56" ssid = "9">This is essential as the existing labeled datasets for our problem are small.</S>
			<S sid ="57" ssid = "10">In addition, glosses are short, leading to sparse high dimensional vectors in standard feature representations.</S>
			<S sid ="58" ssid = "11">Also, WordNet connections between different parts of the WordNet hierarchy can also be sparse, leading to relatively isolated senses in a graph in a supervised framework.</S>
			<S sid ="59" ssid = "12">Semi-supervised Mincuts allow us to import unlabeled data that can serve as bridges to isolated components.</S>
			<S sid ="60" ssid = "13">More importantly, as the unlabeled data can be chosen to be related to the labeled and test data, they might help pull test data to the right cuts (categories).</S>
			<S sid ="61" ssid = "14">3.3 Formulation of Semi-supervised Mincuts.</S>
			<S sid ="62" ssid = "15">W (S, T ) = ) u∈S,v∈T w(u, v)The formulation of our semi supervised Mincut for sense subjectivity classification involves the follow Globally optimal minimum cuts can be found in polynomial time and near-linear running time in practice, using the maximum flow algorithm (Pang and Lee, 2004; Cormen et al., 2002).</S>
			<S sid ="63" ssid = "16">3.2 Why might Semi-supervised Minimum.</S>
			<S sid ="64" ssid = "17">Cuts Work?</S>
			<S sid ="65" ssid = "18">We propose semi-supervised mincuts for subjectivity recognition on senses for several reasons.</S>
			<S sid ="66" ssid = "19">First, our problem satisfies two major conditions necessary for using minimum cuts.</S>
			<S sid ="67" ssid = "20">It is a binary classification problem (subjective vs. objective senses) as is needed to divide the graph into two components.</S>
			<S sid ="68" ssid = "21">Our dataset also lends itself naturally to s-t Mincuts as we have two different views on the data.</S>
			<S sid ="69" ssid = "22">Thus, the edges of a vertex (=sense) to the source/sink can be seen as the probability of a sense being subjective or objective without taking similarity to other senses into account, for example via considering only the sense gloss.</S>
			<S sid ="70" ssid = "23">In contrast, the edges between two senses can incorporate the WordNet relation hierarchy, which is a good source of similarity for our problem as many WordNet relations are subjectivity-preserving, i.e. if two senses are connected via such a relation they are likely to be both ing steps, which we later describe in more detail.</S>
			<S sid ="71" ssid = "24">1.</S>
			<S sid ="72" ssid = "25">We define two vertices s (source) and t (sink),.</S>
			<S sid ="73" ssid = "26">which correspond to the “subjective” and “objective” category, respectively.</S>
			<S sid ="74" ssid = "27">Following the definition in Blum and Chawla (2001), we call the vertices s and t classification vertices, and all other vertices (labeled, test, and unlabeled data) example vertices.</S>
			<S sid ="75" ssid = "28">Each example vertex corresponds to one WordNet sense and is connected to both s and t via a weighted edge.</S>
			<S sid ="76" ssid = "29">The latter guarantees that the graph is connected.</S>
			<S sid ="77" ssid = "30">2.</S>
			<S sid ="78" ssid = "31">For the test and unlabeled examples, we see.</S>
			<S sid ="79" ssid = "32">the edges to the classification vertices as the probability of them being subjective/objective disregarding other example vertices.</S>
			<S sid ="80" ssid = "33">We use a supervised classifier to set these edge weights.</S>
			<S sid ="81" ssid = "34">For the labeled training examples, they are connected by edges with a high constant weight to the classification vertices that they belong to.</S>
			<S sid ="82" ssid = "35">3.</S>
			<S sid ="83" ssid = "36">WordNet relations are used to construct the.</S>
			<S sid ="84" ssid = "37">edges between two example vertices.</S>
			<S sid ="85" ssid = "38">Such 3 See Kamps et al.</S>
			<S sid ="86" ssid = "39">(2004) for an early indication of such properties for some WordNet relations.</S>
			<S sid ="87" ssid = "40">edges can exist between any pair of example vertices, for example between two unlabeled examples.</S>
	</SECTION>
	<SECTION title="After graph construction  we then employ a. " number = "4">
			<S sid ="88" ssid = "1">maximum-flow algorithm to find the minimum s-t cuts of the graph.</S>
			<S sid ="89" ssid = "2">The cut in which the source vertex s lies is classified as “subjective”, and the cut in which the sink vertex t lies is “objective”.</S>
			<S sid ="90" ssid = "3">to reflect the degree to which they are subjectivity- preserving.</S>
			<S sid ="91" ssid = "4">Therefore, we experiment with two methods of weight assignment.</S>
			<S sid ="92" ssid = "5">Method 1 (NoSL) assigns the same constant weight of 1.0 to all Word- Net relations.</S>
			<S sid ="93" ssid = "6">Method 2 (SL) reflects different degrees of preserving subjectivity.</S>
			<S sid ="94" ssid = "7">To do this, we adapt an unsupervised method of generating a large noisy set of subjective and objective senses from our previous work (Su and Markert, 2008).</S>
			<S sid ="95" ssid = "8">This method 5 We now describe the above steps in more detail.</S>
			<S sid ="96" ssid = "9">uses a list of subjective words (SL) to classify each Selection of unlabeled data: Random selection of unlabeled data might hurt the performance of Mincuts, as they might not be related to any sense in our training/test data (denoted by A).</S>
			<S sid ="97" ssid = "10">Thus a basic principle is that the selected unlabeled senses should be related to the training/test data by WordNet relations.</S>
			<S sid ="98" ssid = "11">We therefore simply scan each sense in A, and collect all senses related to it via one of the WordNet relations in Table 1.</S>
			<S sid ="99" ssid = "12">All such senses that are not in A are collected in the unlabeled data set.</S>
			<S sid ="100" ssid = "13">Weighting of edges to the classification vertices: The edge weight to s and t represents how likely it is that an example vertex is initially put in the cut in which s (subjective) or t (objective) lies.</S>
			<S sid ="101" ssid = "14">For unlabeled and test vertices, we use a supervised classifier (SVM4) with the labeled data as training data to assign the edge weights.</S>
			<S sid ="102" ssid = "15">The SVM is also used as a baseline and its features are described in Section 4.3.</S>
			<S sid ="103" ssid = "16">As we do not wish the Mincut to reverse labels of the labeled training data, we assign a high constant weight of 5 to the edge between a labeled vertex and its corresponding classification vertex, and a low weight of 0.01 to the edge to the other classification vertex.</S>
			<S sid ="104" ssid = "17">Assigning weights to WordNet relations: We connect two vertices that are linked by one of the ten WordNet relations in Table 1 via an edge.</S>
			<S sid ="105" ssid = "18">Not all WordNet relations we use are subjectivity- preserving to the same degree: for example, hyponyms (such as simpleton) of objective senses (such as person) do not have to be objective.</S>
			<S sid ="106" ssid = "19">However, we aim for high graph connectivity and we can assign different weights to different relations 4 We employ LIBSVM, available at http://www.csie..</S>
			<S sid ="107" ssid = "20">WordNet sense with at least two subjective words in its gloss as subjective and all other senses as objective.</S>
			<S sid ="108" ssid = "21">We then count how often two senses related via a given relation have the same or a different subjectivity label.</S>
			<S sid ="109" ssid = "22">The weight is computed by #same/(#same+#different).</S>
			<S sid ="110" ssid = "23">Results are listed in Table 1.</S>
			<S sid ="111" ssid = "24">Table 1: Relation weights (Method 2) M et ho d #S a m e #D iff er en t W ei gh t An to ny m 2, 80 8 30 9 0.</S>
			<S sid ="112" ssid = "25">90 Si milar to 6, 88 7 1, 61 4 0.</S>
			<S sid ="113" ssid = "26">81 De riv ed fro m 4, 63 0 94 7 0.</S>
			<S sid ="114" ssid = "27">83 Dir ect Hy pe rn y m 71 ,9 15 8, 60 0 0.</S>
			<S sid ="115" ssid = "28">89 Dir ect Hy po ny m 71 ,9 15 8, 60 0 0.</S>
			<S sid ="116" ssid = "29">89 Att rib ut e 35 0 10 9 0.</S>
			<S sid ="117" ssid = "30">76 Al so se e 1, 03 7 33 7 0.</S>
			<S sid ="118" ssid = "31">75 Ex ten ded An ton ym 6, 91 7 1, 65 1 0.</S>
			<S sid ="119" ssid = "32">81 Do m ai n 4, 38 7 89 2 0.</S>
			<S sid ="120" ssid = "33">83 Do m ain m e m be r 4, 38 7 89 2 0.</S>
			<S sid ="121" ssid = "34">83 Example graph: An example graph is shown in Figure 1.</S>
			<S sid ="122" ssid = "35">The three example vertices correspond to the senses religious—extremely scrupulous and conscientious, scrupulous—having scruples; arising from a sense of right and wrong; principled; and flicker, spark, glint—a momentary flash of light respectively.</S>
			<S sid ="123" ssid = "36">The vertex “scrupulous” is unlabeled data derived from the vertex “religious”(a test item) by the relation “similar-to”.</S>
			<S sid ="124" ssid = "37">4 Experiments and Evaluation.</S>
			<S sid ="125" ssid = "38">4.1 Datasets.</S>
			<S sid ="126" ssid = "39">We conduct the experiments on two different gold standard datasets.</S>
			<S sid ="127" ssid = "40">One is the MicroWNOp corpus, ntu.edu.tw/˜cjlin/libsvm/.</S>
			<S sid ="128" ssid = "41">Linear kernel and probability estimates are used in this work.</S>
	</SECTION>
	<SECTION title="Available at. " number = "5">
			<S sid ="129" ssid = "1">http://www.cs.pitt.edu/mpq a subjective 0.24 0.83 religio us similar-to 0.81 scrupulo us 0.76 0.17 objective baseline.8 Three different feature types are used.</S>
			<S sid ="130" ssid = "2">Lexic al Feature s (L): a bag-of words represen tation of the sense glosses with stop word filtering.</S>
			<S sid ="131" ssid = "3">Relati on Feature s (R): First, we use two features for each of the ten WordNet relations in Table 1, describing how many relations of that type the sense has to senses in the subjectiv e or objective part of the training set, respectiv ely.</S>
			<S sid ="132" ssid = "4">This provides a non graph 0.16 0.84 flicker Figure 1: Graph of Word Senses which is representative of the part-of-speech distribution in WordNet 6.</S>
			<S sid ="133" ssid = "5">It includes 298 words with 703 objective and 358 subjective WordNet senses.</S>
			<S sid ="134" ssid = "6">The second one is the dataset created by Wiebe and Mihalcea (2006).7 It only contains noun and verb senses, and includes 60 words with 236 objective and 92 subjective WordNet senses.</S>
			<S sid ="135" ssid = "7">As the MicroWNOp set is larger and also contains adjective and adverb senses, we describe our results in more detail on that corpus in the Section 4.3 and 4.4.</S>
			<S sid ="136" ssid = "8">In Section 4.5, we shortly discuss results on.</S>
			<S sid ="137" ssid = "9">Wiebe&amp;Mihalcea’s dataset.</S>
			<S sid ="138" ssid = "10">4.2 Baseline and Evaluation.</S>
			<S sid ="139" ssid = "11">We compare to a baseline that assigns the most frequent category objective to all senses, which achieves an accuracy of 66.3% and 72.0% on MicroWNOp and Wiebe&amp;Mihalcea’s dataset respectively.</S>
			<S sid ="140" ssid = "12">We use the McNemar test at the significance level of 5% for significance statements.</S>
			<S sid ="141" ssid = "13">All evaluations are carried out by 10-fold cross-validation.</S>
			<S sid ="142" ssid = "14">4.3 Standard Supervised Learning.</S>
			<S sid ="143" ssid = "15">We use an SVM classifier to compare our proposed semi-supervised Mincut approach to a reasonable</S>
	</SECTION>
	<SECTION title="Available   at   http://www.comp.leeds.ac.uk/. " number = "6">
			<S sid ="144" ssid = "1">summary of subjectivity-preserving links.</S>
			<S sid ="145" ssid = "2">Second, we manually collected a small set (denoted by SubjSet) of seven subjective verb and noun senses which are close to the root in WordNet’s hypernym tree.</S>
			<S sid ="146" ssid = "3">A typical example element of SubjSet is psychological feature —a feature of the mental life of a living organism, which indicates subjectivity for its hyponyms such as hope — the general feeling that some desire will be fulfilled.</S>
			<S sid ="147" ssid = "4">A binary feature describes whether a noun/verb sense is a hyponym of an element of SubjSet.</S>
			<S sid ="148" ssid = "5">Monosemous Feature (M): for each sense, we scan if a monosemous word is part of its synset.</S>
			<S sid ="149" ssid = "6">If so, we further check if the monosemous word is collected in the subjective word list (SL).</S>
			<S sid ="150" ssid = "7">The intuition is that if a monosemous word is subjective, obviously its (single) sense is subjective.</S>
			<S sid ="151" ssid = "8">For example, the sense uncompromising, inflexible—not making concessions is subjective, as “uncompromising” is a monosemous word and also in SL.</S>
			<S sid ="152" ssid = "9">We experiment with different combinations of features and the results are listed in Table 2, prefixed by “SVM”.</S>
			<S sid ="153" ssid = "10">All combinations perform significantly better than the more frequent category baseline and similarly to the supervised Naive Bayes classifier (see S&amp;M in Table 2) we used in Su and Mark- ert (2008).</S>
			<S sid ="154" ssid = "11">However, improvements by adding more features remain small.</S>
			<S sid ="155" ssid = "12">In addition, we compare to a supervised classifier (see Lesk in Table 2) that just assigns each sense the subjectivity label of its most similar sense in the training data, using Lesk’s similarity measure from Pedersen’s WordNet similarity package9.</S>
			<S sid ="156" ssid = "13">We use Lesk as it is one of the few measures applicable across all parts-of-speech.</S>
			<S sid ="157" ssid = "14">markert/data.</S>
			<S sid ="158" ssid = "15">This dataset was first used with a different annotation scheme in Esuli and Sebastiani (2007) and we also used it in Su and Markert (2008).</S>
	</SECTION>
	<SECTION title="Available at http://www.cs.pitt.edu/˜wiebe/. " number = "7">
			<S sid ="159" ssid = "1">pubs/papers/goldstandard.total.acl06.</S>
			<S sid ="160" ssid = "2">classification vertices in the Mincut approach.</S>
			<S sid ="161" ssid = "3">9 Available at http://www.d.umn.edu/˜tpederse/.</S>
			<S sid ="162" ssid = "4">similarity.html.</S>
			<S sid ="163" ssid = "5">Table 2: Results of SVM and Mincuts with different settings of feature M et ho d S u b j e c t i v e O b j e c t i v e Ac cu ra cy Pr eci sio n Re cal lF sc or e Pr eci sio n Re cal lF sc or e Ba sel in e N/ A 0 N/ A 66 .3 % 10 0 % 79 .7 % 66 .3 % S &amp; M 66 .2 % 64 .5 % 65 .3 % 82 .2 % 83 .2 % 82 .7 % 76 .9 % Le sk 65 .6 % 50 .3 % 56 .9 % 77 .5 % 86 .6 % 81 .8 % 74 .4 % S VM L 69 .6 % 37 .7 % 48 .9 % 74 .3 % 91 .6 % 82 .0 % 73 .4 %L SL 82 .0 % 43 .3 % 56 .7 % 76 .7 % 95 .2 % 85 .0 % 77 .7 %L No SL 80 .8 % 43 .6 % 56 .6 % 76 .7 % 94 .7 % 84 .8 % 77 .5 % S VM L M 68 .9 % 42 .2 % 52 .3 % 75 .4 % 90 .3 % 82 .2 % 74 .1 % LM SL 83 .2 % 44 .4 % 57 .9 % 77 .1 % 95 .4 % 85 .3 % 78 .2 % LM No SL 83 .6 % 44 .1 % 57 .8 % 77 .1 % 95 .6 % 85 .3 % 78 .2 % S VM LR 68 .4 % 45 .3 % 54 .5 % 76 .2 % 89 .3 % 82 .3 % 74 .5 % LR SL 82 .7 % 65 .4 % 73 .0 % 84 .1 % 93 .0 % 88 .3 % 83 .7 % LR No SL 82 .4 % 65 .4 % 72 .9 % 84 .0 % 92 .9 % 88 .2 % 83 .6 % S VM LR M 69 .8 % 47 .2 % 56 .3 % 76 .9 % 89 .6 % 82 .8 % 75 .3 % LRM SL 85 .5 % 65 .6 % 74 .2 % 84 .4 % 94 .3 % 89 .1 % 84 .6 % LRM No SL 84 .6 % 65 .9 % 74 .1 % 84 .4 % 93 .9 % 88 .9 % 84 .4 % 1 L, R and M correspond to the lexical, relation and monosemous features respectively.</S>
			<S sid ="164" ssid = "6">2 SVM-L corresponds to using lexical features only for the SVM classifier.</S>
			<S sid ="165" ssid = "7">Likewise, SVM-.</S>
			<S sid ="166" ssid = "8">LRM corresponds to using a combination for lexical, relation, and monosemous features for the SVM classifier.</S>
			<S sid ="167" ssid = "9">3 L-SL corresponds to the Mincut that uses only lexical features for the SVM classifier, and subjective list (SL) to infer the weight of WordNet relations.</S>
			<S sid ="168" ssid = "10">Likewise, LMNoSL corresponds to the Mincut algorithm that uses lexical and monosemous features for the SVM, and predefined constants for WordNet relations (without subjective list).</S>
			<S sid ="169" ssid = "11">4.4 Semi-supervised Graph Mincuts.</S>
			<S sid ="170" ssid = "12">Using our formulation in Section 3.3, we import 3,220 senses linked by the ten WordNet relations to any senses in MicroWNOp as unlabeled data.</S>
			<S sid ="171" ssid = "13">We construct edge weights to classification vertices using the SVM discussed above and use WordNet relations for links between example vertices, weighted by either constants (NoSL) or via the method illustrated in Table 1 (SL).</S>
			<S sid ="172" ssid = "14">The results are also summarized in Table 2.</S>
			<S sid ="173" ssid = "15">Semi-supervised Mincuts always significantly outperform the corresponding SVM classifiers, regardless of whether the subjectivity list is used for setting edge weights.</S>
			<S sid ="174" ssid = "16">We can also see that we achieve good results without using any other knowledge sources (setting LRNoSL).</S>
			<S sid ="175" ssid = "17">The example in Figure 1 explains why semi- supervised Mincuts outperforms the supervised approach.</S>
			<S sid ="176" ssid = "18">The vertex “religious” is initially assigned the subjective/objective probabilities 0.24/0.76 by the SVM classifier, leading to a wrong classification.</S>
			<S sid ="177" ssid = "19">However, in our graph-based Mincut framework, the vertex “religious” might link to other vertices (for example, it links to the vertex “scrupulous” in the unlabeled data by the relation “similar-to”).</S>
			<S sid ="178" ssid = "20">The mincut algorithm will put vertices “religious” and “scrupulous” in the same cut (subjective category) as this results in the least cost 0.93 (ignoring the cost of assigning the unrelated sense of “flicker”).</S>
			<S sid ="179" ssid = "21">In other words, the edges between the vertices are likely to correct some initially wrong classification and pull the vertices into the right cuts.</S>
			<S sid ="180" ssid = "22">In the following we will analyze the best minimum cut algorithm LRMSL in more detail.</S>
			<S sid ="181" ssid = "23">We measure its accuracy for each part-of-speech in the MicroWNOp dataset.</S>
			<S sid ="182" ssid = "24">The number of noun, adjective, adverb and verb senses in MicroWNOp is 484, 265, 31 and 281, respectively.</S>
			<S sid ="183" ssid = "25">The result is listed in Table 3.</S>
			<S sid ="184" ssid = "26">The significantly better performance of semi-supervised mincuts holds across all parts-of- speech but the small set of adverbs, where there is no significant difference between the baseline, SVM and the Mincut algorithm.</S>
			<S sid ="185" ssid = "27">Mincuts SVM with different sizes of labeled and unlabeled data.</S>
			<S sid ="186" ssid = "28">All learning curves are generated via averaging 10 learning curves from 10-fold cross-validation.</S>
			<S sid ="187" ssid = "29">Performance with different sizes of labeled data: we randomly generate subsets of labeled data A1, A2...</S>
			<S sid ="188" ssid = "30">An, and guarantee that A1 ⊂ A2... ⊂ An.Results for the best SVM (LRM) and the best min imum cut (LRMSL) are listed in Table 4, and the corresponding learning curve is shown in Figure 2.</S>
			<S sid ="189" ssid = "31">As can be seen, the semi-supervised Mincuts is consistently better than SVM.</S>
			<S sid ="190" ssid = "32">Moreover, the semi- supervised Mincut with only 200 labeled data items performs even better than SVM with 954 training items (78.9% vs 75.3%), showing that our semi- supervised framework allows for a training data reduction of more than 80%.</S>
			<S sid ="191" ssid = "33">Table 4: Accuracy with different sizes of labeled data 71 68 100 200 300 400 500 600 700 800 900 1000 Size of Labeled Data Figure 2: Learning curve with different sizes of labeled data The results are listed in Table 5 and Table 6 respectively.</S>
			<S sid ="192" ssid = "34">The corresponding learning curves are shown in Figure 3.</S>
			<S sid ="193" ssid = "35">We see that performance improves with the increase of unlabeled data.</S>
			<S sid ="194" ssid = "36">In addition, the curves seem to converge when the size of unlabeled data is larger than 3,000.</S>
			<S sid ="195" ssid = "37">From the results in Tabel 5 one can also see that hyponymy is the relation accounting for the largest increase.</S>
			<S sid ="196" ssid = "38">Table 6: Accuracy with different sizes of unlabeled data (random selection) # unl ab ele d da ta Ac cu ra cy 0 75 .9 % 20 0 76 .5 % 50 0 78 .6 % 10 00 80 .2 % 20 00 82 .8 % 30 00 84 .0 % 32 20 84 .6 % Performance with different sizes of unlabeled data: We propose two different settings.</S>
			<S sid ="197" ssid = "39">Option1: Use a subset of the ten relations to generate the unlabeled data (and edges between example vertices).</S>
			<S sid ="198" ssid = "40">For example, we first use {antonym, similar-to} only to obtain a unlabeled dataset U1, then use a larger subset of the relations like {antonym, similar-to, direct-hyponym, direct- hypernym} to generate another unlabeled dataset U2, and so forth.</S>
			<S sid ="199" ssid = "41">Obviously, Ui is a subset of Ui+1.</S>
			<S sid ="200" ssid = "42">Option2: Use all the ten relations to generate the unlabeled data U . We then randomly select subsets of U , such as subset U1, U2 and U3, and guarantee that U1 ⊂ U2 ⊂ U3 ⊂ . . .</S>
			<S sid ="201" ssid = "43">U . Furthermore, these results also show that a supervised mincut without unlabeled data performs only on a par with other supervised classifiers (75.9%).</S>
			<S sid ="202" ssid = "44">The reason is that if we exclude the unlabeled data, there are only 67 WordNet relations/edges between senses in the small MicroWNOp dataset.</S>
			<S sid ="203" ssid = "45">In contrast, the use of unlabeled data adds more edges (4,586) to the graph, which strongly affects the graph cut partition (see also Figure 1).</S>
			<S sid ="204" ssid = "46">4.5 Comparison to Prior Approaches.</S>
			<S sid ="205" ssid = "47">In our previous work (Su and Markert, 2008), we report 76.9% as the best accuracy on the same Micro Table 5: Accuracy with different sizes of unlabeled data from WordNet relation Re lati on # unl ab ele d da ta Ac cu ra cy {∅ } 0 75 .3 % {si milar to } 41 8 79 .1 % {si milar to, ant on ym } 51 4 79 .5 % {si milarto, antonym, direct-hypernym, direct hy po ny m } 2, 72 1 84 .4 % {si milarto, antonym, direct-hypernym, direct hy po ny m, also se e, ext en ded ant on ym } 3, 00 4 84 .4 % {si milarto, antonym, direct-hypernym, direct hy po ny m, al so se e, ex te nd ed an to ny m, d eri ved fr o m , at tri bu te , d o m ai n, d o m ain m e m be r} 3, 22 0 84 .6 % 89 Option1 87 Option2.</S>
			<S sid ="206" ssid = "48">85 83 81 79 77 75 0 500 1000 1500 2000 2500 3000 3500 Size of Unlabeled Data Figure 3: Learning curve with different sizes of unlabeled data WNOp dataset used in the previous sections, using a supervised Naive Bayes (S&amp;M in Tabel 2).</S>
			<S sid ="207" ssid = "49">Our best result from Mincuts is significantly better at 84.6% (see LRMSL in Table 2).</S>
			<S sid ="208" ssid = "50">For comparison to Wiebe and Mihalcea (2006), we use their dataset for testing, henceforth called Wiebe (see Section 4.1 for a description).</S>
			<S sid ="209" ssid = "51">Wiebe and Mihalcea (2006) report their results in precision and recall curves for subjective senses, such as a precision of about 55% at a recall of 50% for subjective senses.</S>
			<S sid ="210" ssid = "52">Their F-score for subjective senses seems to remain relatively static at 0.52 throughout their precision/recall curve.</S>
			<S sid ="211" ssid = "53">We run our best Mincut LRMSL algorithm with two different settings on Wiebe.</S>
			<S sid ="212" ssid = "54">Using MicroWNOp as training set and Wiebe as test set, we achieve an accuracy of 83.2%, which is similar to the results on the MicroWNOp dataset.</S>
			<S sid ="213" ssid = "55">At the recall of50% we achieve a precision of 83.6% (in compari son to their precision of 55% at the same recall).</S>
			<S sid ="214" ssid = "56">Our F-score is 0.63 (vs. 0.52).</S>
			<S sid ="215" ssid = "57">To check whether the high performance is just due to our larger training set, we also conduct 10-fold cross-validation on Wiebe.</S>
			<S sid ="216" ssid = "58">The accuracy achieved is 81.1% and the F-score 0.56 (vs. 0.52), suggesting that our algorithm performs better.</S>
			<S sid ="217" ssid = "59">Our algorithm can be used on all WordNet senses whereas theirs is restricted to senses that have distributionally similar words in the MPQA corpus (see Section 2).</S>
			<S sid ="218" ssid = "60">However, they use an unsupervised algorithm i.e. they do not need labeled word senses, although they do need a large, manually annotated opinion corpus.</S>
			<S sid ="219" ssid = "61">5 Conclusion and Future Work.</S>
			<S sid ="220" ssid = "62">We propose a semi-supervised minimum cut algorithm for subjectivity recognition on word senses.</S>
			<S sid ="221" ssid = "63">The experimental results show that our proposed approach is significantly better than a standard supervised classification framework as well as a supervised Mincut.</S>
			<S sid ="222" ssid = "64">Overall, we achieve a 40% reduction in error rates (from an error rate of about 25% to an error rate of 15%).</S>
			<S sid ="223" ssid = "65">To achieve the results of standard supervised approaches with our model, we need less than 20% of their training data.</S>
			<S sid ="224" ssid = "66">In addition, we compare our algorithm to previous state-of-the-art approaches, showing that our model performs better on the same datasets.</S>
			<S sid ="225" ssid = "67">Future work will explore other graph construction methods, such as the use of morphological relations as well as thesaurus and distributional similarity measures.</S>
			<S sid ="226" ssid = "68">We will also explore other semi- supervised algorithms.</S>
	</SECTION>
</PAPER>
