ref,citation_11,reference_id
"In addition, researchers have recently added syntactic features to phrase-based and hierarchical phrase-based models (Gimpel and Smith, 2008; Haque et al., 2009; Chiang et al., 2008).",0.4340573661412156,reference_68
"To obtain lexical translation features gtrans (s, a, t), we use the Moses pipeline (Koehn et al., 2007).",0.4272046005593395,reference_185
"These estimates are usually heuristic and inconsistent (Koehn et al., 2003).",0.3108809141790293,reference_48
"We have seen rapid recent progress in machine translation through the use of rich features and the development of improved decoding algorithms, often based on grammatical formalisms.1 If we view MT as a machine learning problem, features and formalisms imply structural independence assumptions, which are in turn exploited by efficient inference algorithms, including decoders (Koehn et al., 2003; Yamada and Knight, 2001).",0.30692490702242564,reference_5
(2008) use features from a forest of parses of the source sentence.,0.30382181012509996,reference_66
