ref,citation_4,reference_id
"We compare lexical phrase and dependency syntax features, as well as a novel com 2 To date, QG has been used for word alignment (Smith and Eisner, 2006), adaptation and projection in parsing (Smith and Eisner, 2009), and various monolingual recognition and scoring tasks (Wang et al., 2007; Das and Smith, 2009); this paper represents its first application to MT. 219 Proceedings of the 2009 Conference on Empirical Methods in Natural Language Processing, pages 219–228, Singapore, 67 August 2009.",0.383779652542219,reference_16
"Grammars A quasi-synchronous dependency grammar (QDG; Smith and Eisner, 2006) specifies a conditional model p(t, τt, a | s, τs).",0.3327791628198609,reference_80
"We denote this grammar by Gs,τs ; its (weighted) language is the set of translations of s. Each word generated by Gs,τs is annotated with a “sense,” which consists of zero or more words from s. The senses imply an alignment (a) between words in t and words in s, or equivalently, between nodes in τt and nodes in τs. In principle, any portion of τt may align to any portion of τs, but in practice we often make restrictions on the alignments to simplify computation.",0.321860342910192,reference_82
"In addition, researchers have recently added syntactic features to phrase-based and hierarchical phrase-based models (Gimpel and Smith, 2008; Haque et al., 2009; Chiang et al., 2008).",0.3179815003744467,reference_68
"There is also substantial work in the use of target-side syntax (Galley et al., 2006; Marcu et al., 2006; Shen et al., 2008).",0.3148701428435938,reference_67
