ref,citation_8,reference_id
"Grammars A quasi-synchronous dependency grammar (QDG; Smith and Eisner, 2006) specifies a conditional model p(t, τt, a | s, τs).",0.3256694736394648,reference_80
(2005).,0.3198010745334157,reference_162
"Approximate solutions have been proposed for that problem in several settings (Blunsom and Osborne, 2008; Sun and Tsujii, 2009); we leave their combination with our approach to future work.",0.3181818181818182,reference_116
"Figure 1: Decoding as lattice parsing, with the highest-scoring translation denoted by black lattice arcs (others are grayed out) and thicker blue arcs forming a dependency tree over them.",0.3181818181818182,reference_122
"In addition, researchers have recently added syntactic features to phrase-based and hierarchical phrase-based models (Gimpel and Smith, 2008; Haque et al., 2009; Chiang et al., 2008).",0.3111879571320709,reference_68
