ref,citation_3,reference_id
"Grammars A quasi-synchronous dependency grammar (QDG; Smith and Eisner, 2006) specifies a conditional model p(t, τt, a | s, τs).",0.3256694736394648,reference_80
(2005).,0.3198010745334157,reference_162
"We recently proposed “cube summing,” an approximate technique that permits the use of non-local features for inside DP algorithms (Gimpel and Smith, 2009).",0.3111879571320709,reference_177
"In addition, researchers have recently added syntactic features to phrase-based and hierarchical phrase-based models (Gimpel and Smith, 2008; Haque et al., 2009; Chiang et al., 2008).",0.3111879571320709,reference_68
", sn ) ∈ Σn t = (t1 , . . .",0.2842676218074806,reference_18
