ref,citation_7,reference_id
We present a machine translation framework that can incorporate arbitrary features of both input and output sentences.,0.40414518843273795,reference_0
"The core of the approach is a novel decoder based on lattice parsing with quasi- synchronous grammar (Smith and Eisner, 2006), a syntactic formalism that does not require source and target trees to be isomorphic.",0.4,reference_1
"Decoding as QG parsing (§3–4): We present anovel decoder based on lattice parsing with quasi synchronous grammar (QG; Smith and Eisner, 2006).2 Further, we exploit generic approximate inference techniques to incorporate arbitrary “non- local” features in the dynamic programming algorithm (Chiang, 2007; Gimpel and Smith, 2009).Parameter estimation (§5): We exploit simi lar approximate inference methods in regularized pseudolikelihood estimation (Besag, 1975) with hidden variables to discriminatively and efficiently train our model.",0.33849116855014205,reference_13
Non-local features will present a challenge for decoding and training (§4.3).,0.31622776601683794,reference_96
(2008) use features from a forest of parses of the source sentence.,0.31622776601683794,reference_66
