ref,citation_2,reference_id
3 in Smith and Eisner (2006) for illustrations of the rest.),0.3651483716701108,reference_89
"Grammars A quasi-synchronous dependency grammar (QDG; Smith and Eisner, 2006) specifies a conditional model p(t, τt, a | s, τs).",0.3585685828003181,reference_80
"The core of the approach is a novel decoder based on lattice parsing with quasi- synchronous grammar (Smith and Eisner, 2006), a syntactic formalism that does not require source and target trees to be isomorphic.",0.3286335345030997,reference_1
"The name of each configuration, following Smith and Eisner (2006), refers to the relationship between a(τt (j)) and a(j) in τs . trees.",0.30996520993903337,reference_240
"In addition, researchers have recently added syntactic features to phrase-based and hierarchical phrase-based models (Gimpel and Smith, 2008; Haque et al., 2009; Chiang et al., 2008).",0.3045547950507524,reference_68
