ref,citation_0,reference_id
"We compare lexical phrase and dependency syntax features, as well as a novel com 2 To date, QG has been used for word alignment (Smith and Eisner, 2006), adaptation and projection in parsing (Smith and Eisner, 2009), and various monolingual recognition and scoring tasks (Wang et al., 2007; Das and Smith, 2009); this paper represents its first application to MT. 219 Proceedings of the 2009 Conference on Empirical Methods in Natural Language Processing, pages 219–228, Singapore, 67 August 2009.",0.36273812505500586,reference_16
"To obtain lexical translation features gtrans (s, a, t), we use the Moses pipeline (Koehn et al., 2007).",0.3542459542160381,reference_185
"In addition, researchers have recently added syntactic features to phrase-based and hierarchical phrase-based models (Gimpel and Smith, 2008; Haque et al., 2009; Chiang et al., 2008).",0.34262414443209643,reference_68
"These estimates are usually heuristic and inconsistent (Koehn et al., 2003).",0.30382181012509996,reference_48
"Phrase-based systems such as Moses (Koehn et al., 2007) explicitly search for the highest-scoring string in which all source words are translated.",0.30123203803835463,reference_128
