ref,citation_5,reference_id
"It equates to finding the most probable derivation under the s/τs-specific grammar Gs,τs . We solve this by lattice parsing, assuming that an upper bound on m (the length of t) is known.",0.38569460791993504,reference_98
"Given the lattice and Gs,τs , lattice parsing is a straightforward generalization of standard context-free dependency parsing DP algorithms τt , and the alignments a∗ that are most probable, (Eisner, 1997).",0.25712973861329,reference_108
"We recently proposed “cube summing,” an approximate technique that permits the use of non-local features for inside DP algorithms (Gimpel and Smith, 2009).",0.2514778453847726,reference_177
"The core of the approach is a novel decoder based on lattice parsing with quasi- synchronous grammar (Smith and Eisner, 2006), a syntactic formalism that does not require source and target trees to be isomorphic.",0.2412090756622109,reference_1
"Decoding as QG parsing (§3–4): We present anovel decoder based on lattice parsing with quasi synchronous grammar (QG; Smith and Eisner, 2006).2 Further, we exploit generic approximate inference techniques to incorporate arbitrary “non- local” features in the dynamic programming algorithm (Chiang, 2007; Gimpel and Smith, 2009).Parameter estimation (§5): We exploit simi lar approximate inference methods in regularized pseudolikelihood estimation (Besag, 1975) with hidden variables to discriminatively and efficiently train our model.",0.2355206015936579,reference_13
