ref,citation_1,reference_id
"Grammars A quasi-synchronous dependency grammar (QDG; Smith and Eisner, 2006) specifies a conditional model p(t, τt, a | s, τs).",0.4279604925109129,reference_80
3 in Smith and Eisner (2006) for illustrations of the rest.),0.392232270276368,reference_89
"The name of each configuration, following Smith and Eisner (2006), refers to the relationship between a(τt (j)) and a(j) in τs . trees.",0.3329560459081458,reference_240
"The core of the approach is a novel decoder based on lattice parsing with quasi- synchronous grammar (Smith and Eisner, 2006), a syntactic formalism that does not require source and target trees to be isomorphic.",0.3137858162210945,reference_1
"Smith and Eisner, for example, restricted |a(j)| for all words tj to be at most one, so that each target word aligned to at most one source word, which we also do here.6 lem.)",0.299572344757639,reference_83
