ref,citation_10,reference_id
"In addition, researchers have recently added syntactic features to phrase-based and hierarchical phrase-based models (Gimpel and Smith, 2008; Haque et al., 2009; Chiang et al., 2008).",0.4815434123430769,reference_68
"We recently proposed “cube summing,” an approximate technique that permits the use of non-local features for inside DP algorithms (Gimpel and Smith, 2009).",0.32102894156205125,reference_177
"An alternative is to instantiate features for different structural patterns (Liang et al., 2006; Blunsom et al., 2008).",0.3175264481385601,reference_49
(2008) use features from a forest of parses of the source sentence.,0.3042903097250923,reference_66
"Hence a tension is visible in the many recent research efforts aiming to decode with “non-local” features (Chiang, 2007; Huang and Chiang, 2007).",0.2939723678960656,reference_6
