ref,citation_9,reference_id
"In addition, researchers have recently added syntactic features to phrase-based and hierarchical phrase-based models (Gimpel and Smith, 2008; Haque et al., 2009; Chiang et al., 2008).",0.3686048903872428,reference_68
"This is a problem with other direct translation models, such as IBM model 1 used as a direct model rather than a channel model (Brown et al., 1993).",0.36499819754421575,reference_132
"To obtain lexical translation features gtrans (s, a, t), we use the Moses pipeline (Koehn et al., 2007).",0.34299717028501764,reference_185
"There is also substantial work in the use of target-side syntax (Galley et al., 2006; Marcu et al., 2006; Shen et al., 2008).",0.3244428422615251,reference_67
"These estimates are usually heuristic and inconsistent (Koehn et al., 2003).",0.2941742027072761,reference_48
