Reference text
"We compare lexical phrase and dependency syntax features, as well as a novel com 2 To date, QG has been used for word alignment (Smith and Eisner, 2006), adaptation and projection in parsing (Smith and Eisner, 2009), and various monolingual recognition and scoring tasks (Wang et al., 2007; Das and Smith, 2009); this paper represents its first application to MT. 219 Proceedings of the 2009 Conference on Empirical Methods in Natural Language Processing, pages 219–228, Singapore, 67 August 2009."
"To obtain lexical translation features gtrans (s, a, t), we use the Moses pipeline (Koehn et al., 2007)."
"In addition, researchers have recently added syntactic features to phrase-based and hierarchical phrase-based models (Gimpel and Smith, 2008; Haque et al., 2009; Chiang et al., 2008)."
"These estimates are usually heuristic and inconsistent (Koehn et al., 2003)."
"Phrase-based systems such as Moses (Koehn et al., 2007) explicitly search for the highest-scoring string in which all source words are translated."
"Grammars A quasi-synchronous dependency grammar (QDG; Smith and Eisner, 2006) specifies a conditional model p(t, τt, a | s, τs)."
3 in Smith and Eisner (2006) for illustrations of the rest.)
"The name of each configuration, following Smith and Eisner (2006), refers to the relationship between a(τt (j)) and a(j) in τs . trees."
"The core of the approach is a novel decoder based on lattice parsing with quasi- synchronous grammar (Smith and Eisner, 2006), a syntactic formalism that does not require source and target trees to be isomorphic."
"Smith and Eisner, for example, restricted |a(j)| for all words tj to be at most one, so that each target word aligned to at most one source word, which we also do here.6 lem.)"
(2005).
"We recently proposed “cube summing,” an approximate technique that permits the use of non-local features for inside DP algorithms (Gimpel and Smith, 2009)."
", sn ) ∈ Σn t = (t1 , . . ."
"We denote this grammar by Gs,τs ; its (weighted) language is the set of translations of s. Each word generated by Gs,τs is annotated with a “sense,” which consists of zero or more words from s. The senses imply an alignment (a) between words in t and words in s, or equivalently, between nodes in τt and nodes in τs. In principle, any portion of τt may align to any portion of τs, but in practice we often make restrictions on the alignments to simplify computation."
"There is also substantial work in the use of target-side syntax (Galley et al., 2006; Marcu et al., 2006; Shen et al., 2008)."
"It equates to finding the most probable derivation under the s/τs-specific grammar Gs,τs . We solve this by lattice parsing, assuming that an upper bound on m (the length of t) is known."
"Given the lattice and Gs,τs , lattice parsing is a straightforward generalization of standard context-free dependency parsing DP algorithms τt , and the alignments a∗ that are most probable, (Eisner, 1997)."
"Decoding as QG parsing (§3–4): We present anovel decoder based on lattice parsing with quasi synchronous grammar (QG; Smith and Eisner, 2006).2 Further, we exploit generic approximate inference techniques to incorporate arbitrary “non- local” features in the dynamic programming algorithm (Chiang, 2007; Gimpel and Smith, 2009).Parameter estimation (§5): We exploit simi lar approximate inference methods in regularized pseudolikelihood estimation (Besag, 1975) with hidden variables to discriminatively and efficiently train our model."
"xj ) in sequence x = (x1 , . . .)."
"p(t | s), marginalizing out senting possible translations."
We present a machine translation framework that can incorporate arbitrary features of both input and output sentences.
Non-local features will present a challenge for decoding and training (§4.3).
(2008) use features from a forest of parses of the source sentence.
"Approximate solutions have been proposed for that problem in several settings (Blunsom and Osborne, 2008; Sun and Tsujii, 2009); we leave their combination with our approach to future work."
"Figure 1: Decoding as lattice parsing, with the highest-scoring translation denoted by black lattice arcs (others are grayed out) and thicker blue arcs forming a dependency tree over them."
"This is a problem with other direct translation models, such as IBM model 1 used as a direct model rather than a channel model (Brown et al., 1993)."
"An alternative is to instantiate features for different structural patterns (Liang et al., 2006; Blunsom et al., 2008)."
"Hence a tension is visible in the many recent research efforts aiming to decode with “non-local” features (Chiang, 2007; Huang and Chiang, 2007)."
"We have seen rapid recent progress in machine translation through the use of rich features and the development of improved decoding algorithms, often based on grammatical formalisms.1 If we view MT as a machine learning problem, features and formalisms imply structural independence assumptions, which are in turn exploited by efficient inference algorithms, including decoders (Koehn et al., 2003; Yamada and Knight, 2001)."
