ref,citation_8,reference_id
"For an NLP application to be effective, it requires mechanisms that are able to identify MWEs, handle them and make use of them in a meaningful way (Sag et al., 2002; Baldwin et al., 2003).",0.2556038601690775,reference_11
"In this work, we focused on MWEs composed of exactly two words (i.e. bigrams).",0.2439750182371333,reference_67
"More recently there has been the release of the mwetoolkit (Ramisch et al., 2010) for the automatic extraction of MWEs from monolingual corpora, that both generates and validates MWE candidates.",0.23904572186687875,reference_33
"Intuitively, with the appropriate treatment of MWEs, the results of an Information Retrieval (IR) system could be improved.",0.23570226039551584,reference_2
"Although language processing is not vital to modern IR systems, it may be convenient (Sparck Jones, 1997) and in this scenario, NLP techniques may contribute in the selection of MWEs for indexing as single units in the IR system.",0.21483446221182986,reference_16
