ref,citation_2,reference_id
"Intuitively, with the appropriate treatment of MWEs, the results of an Information Retrieval (IR) system could be improved.",0.26967994498529685,reference_2
Calzolari et al.,0.26111648393354675,reference_7
"In this paper, we perform an application-oriented evaluation of the inclusion of MWE treatment into an Information Retrieval (IR) system.",0.2175970699446223,reference_14
"Nevertheless, the use of these expressions made the results worse in some c]ases, because some topics require a semantic analysis to return relevant documents.",0.20515248496555452,reference_220
"Porter’s Stemmer (Porter, 1997) as implemented in Zettair was also used.",0.2010075630518424,reference_54
