ref,citation_6,reference_id
"Intuitively, with the appropriate treatment of MWEs, the results of an Information Retrieval (IR) system could be improved.",0.28284271247461895,reference_2
Calzolari et al.,0.27386127875258304,reference_7
"Based on the hypothesis that the MWEs can improve the results of IR systems, we carried out an evaluation experiment.",0.26352313834736496,reference_37
One of the motivations of this work is to investigate if the identification and appropriate treatment of Multiword Expressions (MWEs) in an application contributes to improve results and ultimately lead to more precise man-machine interaction.,0.2335496832484569,reference_5
"In this paper, we perform an application-oriented evaluation of the inclusion of MWE treatment into an Information Retrieval (IR) system.",0.22821773229381925,reference_14
