ref,citation_7,reference_id
"Intuitively, with the appropriate treatment of MWEs, the results of an Information Retrieval (IR) system could be improved.",0.3246172270321178,reference_2
"More recently there has been the release of the mwetoolkit (Ramisch et al., 2010) for the automatic extraction of MWEs from monolingual corpora, that both generates and validates MWE candidates.",0.2743516305843672,reference_33
"In this paper, we perform an application-oriented evaluation of the inclusion of MWE treatment into an Information Retrieval (IR) system.",0.26940795304016235,reference_14
"For an NLP application to be effective, it requires mechanisms that are able to identify MWEs, handle them and make use of them in a meaningful way (Sag et al., 2002; Baldwin et al., 2003).",0.2514474228374849,reference_11
"For a set of queries, we calculate the Mean Average Precision (MAP) according to Equation 3 (Manning et al., 2008).",0.24722569302909875,reference_114
