ref,citation_4,reference_id
"More recently there has been the release of the mwetoolkit (Ramisch et al., 2010) for the automatic extraction of MWEs from monolingual corpora, that both generates and validates MWE candidates.",0.3055050463303893,reference_33
"For an NLP application to be effective, it requires mechanisms that are able to identify MWEs, handle them and make use of them in a meaningful way (Sag et al., 2002; Baldwin et al., 2003).",0.28,reference_11
"For a set of queries, we calculate the Mean Average Precision (MAP) according to Equation 3 (Manning et al., 2008).",0.2752988806446741,reference_114
"For our experiments, we used some standard statistical measures such as mutual information, point- wise mutual information, chi-square, permutation entropy (Zhang et al., 2006), dice coefficient, and t-test to extract MWEs from a collection of documents (i.e. we consider the collection of documents indexed by the IR system as our corpus).",0.27439773622801417,reference_36
"• Decision Tree - created from the use of the J48 algorithm (Witten and Frank, 2000) from Weka (Hall et al., 2009), a data mining tool.",0.2502172968684897,reference_97
