ref,citation_5,reference_id
"As a result, retrieval quality should increase.",0.1690308509457033,reference_72
The loss in retrieval quality as a result from MWE identification for BCN was not expected.,0.1414213562373095,reference_148
Experimental results show improvements on the retrieval of relevant documents when identifying MWEs and treating them as a single indexing unit.,0.11952286093343935,reference_4
4.2 Evaluation B. This evaluation studies in detail the effects on the document retrieval in response to topics in which there were MWEs.,0.11952286093343935,reference_158
"Each bigram present in a predefined dictionary and occurring in a document is treated as a single term, for indexing and retrieval purposes.",0.11547005383792515,reference_70
