ref,citation_1,reference_id
Calzolari et al.,0.3872983346207417,reference_7
before.,0.2581988897471611,reference_115
The rationale was that documents containing specific MWEs can be indexed more adequately than those containing the words of the expression separately.,0.22360679774997896,reference_71
"In this work, we focused on MWEs composed of exactly two words (i.e. bigrams).",0.20701966780270628,reference_67
(2002) defines MWEs as a sequence of words that acts as a single unit at some level of linguistic analysis.,0.20701966780270628,reference_8
