ref,citation_0,reference_id
"For an NLP application to be effective, it requires mechanisms that are able to identify MWEs, handle them and make use of them in a meaningful way (Sag et al., 2002; Baldwin et al., 2003).",0.36666666666666653,reference_11
"More recently there has been the release of the mwetoolkit (Ramisch et al., 2010) for the automatic extraction of MWEs from monolingual corpora, that both generates and validates MWE candidates.",0.2909571869813232,reference_33
"The concept of Multiword Expression has been widely viewed as a sequence of words that acts as a single unit at some level of linguistic analysis (Calzolari et al., 2002), or as Idiosyncratic interpretations that cross word boundaries (or spaces) (Sag et al., 2002).",0.2475937842360692,reference_26
"• Decision Tree - created from the use of the J48 algorithm (Witten and Frank, 2000) from Weka (Hall et al., 2009), a data mining tool.",0.2432668163999205,reference_97
"Porter’s Stemmer (Porter, 1997) as implemented in Zettair was also used.",0.2405626121623441,reference_54
