Reference text
"For an NLP application to be effective, it requires mechanisms that are able to identify MWEs, handle them and make use of them in a meaningful way (Sag et al., 2002; Baldwin et al., 2003)."
"More recently there has been the release of the mwetoolkit (Ramisch et al., 2010) for the automatic extraction of MWEs from monolingual corpora, that both generates and validates MWE candidates."
"The concept of Multiword Expression has been widely viewed as a sequence of words that acts as a single unit at some level of linguistic analysis (Calzolari et al., 2002), or as Idiosyncratic interpretations that cross word boundaries (or spaces) (Sag et al., 2002)."
"• Decision Tree - created from the use of the J48 algorithm (Witten and Frank, 2000) from Weka (Hall et al., 2009), a data mining tool."
"Porter’s Stemmer (Porter, 1997) as implemented in Zettair was also used."
Calzolari et al.
before.
The rationale was that documents containing specific MWEs can be indexed more adequately than those containing the words of the expression separately.
"In this work, we focused on MWEs composed of exactly two words (i.e. bigrams)."
(2002) defines MWEs as a sequence of words that acts as a single unit at some level of linguistic analysis.
"Intuitively, with the appropriate treatment of MWEs, the results of an Information Retrieval (IR) system could be improved."
"In this paper, we perform an application-oriented evaluation of the inclusion of MWE treatment into an Information Retrieval (IR) system."
"Nevertheless, the use of these expressions made the results worse in some c]ases, because some topics require a semantic analysis to return relevant documents."
Compound Nouns (CN) - with 15 MWEs of.
"Decision Tree (DT) - with 12,782 MWEs of."
"For a set of queries, we calculate the Mean Average Precision (MAP) according to Equation 3 (Manning et al., 2008)."
"For our experiments, we used some standard statistical measures such as mutual information, point- wise mutual information, chi-square, permutation entropy (Zhang et al., 2006), dice coefficient, and t-test to extract MWEs from a collection of documents (i.e. we consider the collection of documents indexed by the IR system as our corpus)."
"As a result, retrieval quality should increase."
The loss in retrieval quality as a result from MWE identification for BCN was not expected.
Experimental results show improvements on the retrieval of relevant documents when identifying MWEs and treating them as a single indexing unit.
4.2 Evaluation B. This evaluation studies in detail the effects on the document retrieval in response to topics in which there were MWEs.
"Each bigram present in a predefined dictionary and occurring in a document is treated as a single term, for indexing and retrieval purposes."
"Based on the hypothesis that the MWEs can improve the results of IR systems, we carried out an evaluation experiment."
One of the motivations of this work is to investigate if the identification and appropriate treatment of Multiword Expressions (MWEs) in an application contributes to improve results and ultimately lead to more precise man-machine interaction.
"Although language processing is not vital to modern IR systems, it may be convenient (Sparck Jones, 1997) and in this scenario, NLP techniques may contribute in the selection of MWEs for indexing as single units in the IR system."
6.
3.
