ref,citation_11,reference_id
"The headlines are stemmed using the porter stemmer for Dutch (Kraaij and Pohlmann, 1994).",0.23643312187173016,reference_47
"The similarity between headlines can be calculated by using a similarity function on the headline vectors, such as cosine similarity.",0.2222771122371935,reference_37
"Also, there are numerous headlines that can not be sub-clustered, such as the first P K 1(k) = std(C r[1...∆K ]) three headlines shown in the example.",0.2106752429000961,reference_44
"We divide the annotated headline clusters in a development set of 40 clusters, while the remainder is used as test data.",0.1970276015597752,reference_46
Part of the data in the DAESO-corpus consists of headline clusters crawled from Google News Netherlands in the period April–August 2006.,0.1970276015597752,reference_26
