ref,citation_0,reference_id
"The headlines are stemmed using the porter stemmer for Dutch (Kraaij and Pohlmann, 1994).",0.3065696697424829,reference_47
"Also, there are numerous headlines that can not be sub-clustered, such as the first P K 1(k) = std(C r[1...∆K ]) three headlines shown in the example.",0.2809757434745082,reference_44
"The similarity between headlines can be calculated by using a similarity function on the headline vectors, such as cosine similarity.",0.27668578554642986,reference_37
Table 1 shows part of a (translated) cluster.,0.22941573387056174,reference_29
Our second approach is to calculate the similarity between pairs of headlines directly.,0.22941573387056174,reference_62
