ref,citation_6,reference_id
2.1 Clustering.,0.2649064714130088,reference_38
It is clear that k-means clustering performs well when all unclustered headlines are artificially ignored.,0.2075143391598224,reference_80
"If it is below the threshold, it is rejected.",0.2051956704170308,reference_64
"In the more realistic case when there are also items that cannot be clustered, the pairwise calculation of similarity with a back off strategy of using context performs better when we aim for higher precision.",0.2051956704170308,reference_81
"Also, there are numerous headlines that can not be sub-clustered, such as the first P K 1(k) = std(C r[1...∆K ]) three headlines shown in the example.",0.1873171623163388,reference_44
