ref,citation_9,reference_id
"The headlines are stemmed using the porter stemmer for Dutch (Kraaij and Pohlmann, 1994).",0.2525381361380527,reference_47
"Although we could aim for a higher precision by assigning higher values to the thresholds, we still want some recall and variation in our paraphrases.",0.2439750182371333,reference_85
"Crawling such news aggregators is an effective way of collecting related articles which can straightforwardly be used for the acquisition of paraphrases (Dolan et al., 2004; Nelken and Shieber, 2006).",0.23145502494313785,reference_14
"Also, there are numerous headlines that can not be sub-clustered, such as the first P K 1(k) = std(C r[1...∆K ]) three headlines shown in the example.",0.23145502494313785,reference_44
"We compare two methods of aligning headlines to construct such an aligned corpus of paraphrases, one based on clustering, and the other on pairwise similarity-based matching.",0.22271770159368695,reference_2
