ref,citation_5,reference_id
"Sub- clustering is no trivial task, however.",0.29277002188456,reference_33
"For each original cluster, k-means clustering is then performed using the k found by the cluster stopping function.",0.2864459496157732,reference_59
It is clear that k-means clustering performs well when all unclustered headlines are artificially ignored.,0.2335496832484569,reference_80
"If it is below the threshold, it is rejected.",0.2309401076758503,reference_64
"Beyond that point, context is needed.",0.21081851067789195,reference_66
