ref,citation_3,reference_id
For the development of our system we use data which was obtained in the DAESO-project.,0.2651650429449553,reference_21
In each newly obtained cluster all headlines can be aligned to each other.,0.1889822365046136,reference_60
"Also, there are numerous headlines that can not be sub-clustered, such as the first P K 1(k) = std(C r[1...∆K ]) three headlines shown in the example.",0.15309310892394865,reference_44
2.1 Clustering.,0.14433756729740646,reference_38
"Paraphrase generation has already proven to be valuable for Question Answering (Lin and Pantel, 2001; Riezler et al., 2007), Machine Translation (CallisonBurch et al., 2006) and the evaluation thereof (RussoLassner et al., 2006; Kauchak and Barzilay, 2006; Zhou et al., 2006), but also for text simplification and explanation.",0.13055824196677338,reference_10
