ref,citation_7,reference_id
"Also, there are numerous headlines that can not be sub-clustered, such as the first P K 1(k) = std(C r[1...∆K ]) three headlines shown in the example.",0.27386127875258304,reference_44
2.1 Clustering.,0.2581988897471611,reference_38
"The headlines are stemmed using the porter stemmer for Dutch (Kraaij and Pohlmann, 1994).",0.2390457218668787,reference_47
"However, as Barzilay and Elhadad (2003) have pointed out, sentence mapping in this way is only effective to a certain extent.",0.2309401076758503,reference_65
"Crawling such news aggregators is an effective way of collecting related articles which can straightforwardly be used for the acquisition of paraphrases (Dolan et al., 2004; Nelken and Shieber, 2006).",0.22821773229381925,reference_14
