ref,citation_8,reference_id
Table 1 shows part of a (translated) cluster.,0.20064308847628198,reference_29
"Also, there are numerous headlines that can not be sub-clustered, such as the first P K 1(k) = std(C r[1...∆K ]) three headlines shown in the example.",0.1965892748731962,reference_44
"With this in mind, we adopt two thresholds and the Cosine similarity function to calculate the similarity between two sentences: cos(θ) = V 1 · V 2 V 1 V 2 where V 1 and V 2 are the vectors of the two sentences being compared.",0.1965892748731962,reference_67
"As soon as P K 1(k) ex ceeds a threshold, k − 1 is selected as the optimum number of clusters.",0.17025130615174974,reference_49
"If this similarity exceeds the upper threshold, it is accepted.",0.17025130615174972,reference_71
