ref,citation_4,reference_id
"Also, there are numerous headlines that can not be sub-clustered, such as the first P K 1(k) = std(C r[1...∆K ]) three headlines shown in the example.",0.2809757434745082,reference_44
"Sub- clustering is no trivial task, however.",0.260132990857236,reference_33
"The headlines are stemmed using the porter stemmer for Dutch (Kraaij and Pohlmann, 1994).",0.2452557357939863,reference_47
"Paraphrase generation has already proven to be valuable for Question Answering (Lin and Pantel, 2001; Riezler et al., 2007), Machine Translation (CallisonBurch et al., 2006) and the evaluation thereof (RussoLassner et al., 2006; Kauchak and Barzilay, 2006; Zhou et al., 2006), but also for text simplification and explanation.",0.2396169191492615,reference_10
"However, as Barzilay and Elhadad (2003) have pointed out, sentence mapping in this way is only effective to a certain extent.",0.2369395511036369,reference_65
