Reference text,similarity
"The headlines are stemmed using the porter stemmer for Dutch (Kraaij and Pohlmann, 1994).",0.3065696697424829,reference_47
"Also, there are numerous headlines that can not be sub-clustered, such as the first P K 1(k) = std(C r[1...∆K ]) three headlines shown in the example.",0.2809757434745082,reference_44
"The similarity between headlines can be calculated by using a similarity function on the headline vectors, such as cosine similarity.",0.27668578554642986,reference_37
Table 1 shows part of a (translated) cluster.,0.2294157338705617,reference_29
Our second approach is to calculate the similarity between pairs of headlines directly.,0.2294157338705617,reference_62
"Crawling such news aggregators is an effective way of collecting related articles which can straightforwardly be used for the acquisition of paraphrases (Dolan et al., 2004; Nelken and Shieber, 2006).",0.4169539239683969,reference_14
"Where previous work has focused on aligning news-items at the paragraph and sentence level (Barzilay and Elhadad, 2003), we choose to focus on aligning the headlines of news articles.",0.2836543144655877,reference_19
"News article headlines are abundant on the web, and are already grouped by news aggregators such as Google News.",0.2680281337094487,reference_12
"Paraphrase generation has already proven to be valuable for Question Answering (Lin and Pantel, 2001; Riezler et al., 2007), Machine Translation (CallisonBurch et al., 2006) and the evaluation thereof (RussoLassner et al., 2006; Kauchak and Barzilay, 2006; Zhou et al., 2006), but also for text simplification and explanation.",0.2262778643423325,reference_10
2.1 Clustering.,0.2886751345948129,reference_38
"We compare two methods of aligning headlines to construct such an aligned corpus of paraphrases, one based on clustering, and the other on pairwise similarity-based matching.",0.2357022603955159,reference_2
"In the study described in this paper, we make an effort to collect Dutch paraphrases from news article headlines in an unsupervised way to be used in future paraphrase generation.",0.16770509831248426,reference_11
"Using headlines of news articles clustered by Google News, and finding good paraphrases within these clusters is an effective route for obtaining pairs of paraphrased sentences with reasonable precision.",0.15990053726670786,reference_83
For the development of our system we use data which was obtained in the DAESO-project.,0.2651650429449553,reference_21
In each newly obtained cluster all headlines can be aligned to each other.,0.1889822365046136,reference_60
"Sub- clustering is no trivial task, however.",0.260132990857236,reference_33
"However, as Barzilay and Elhadad (2003) have pointed out, sentence mapping in this way is only effective to a certain extent.",0.2369395511036369,reference_65
"For each original cluster, k-means clustering is then performed using the k found by the cluster stopping function.",0.2864459496157732,reference_59
It is clear that k-means clustering performs well when all unclustered headlines are artificially ignored.,0.2335496832484569,reference_80
"If it is below the threshold, it is rejected.",0.2309401076758503,reference_64
"Beyond that point, context is needed.",0.21081851067789195,reference_66
"In the more realistic case when there are also items that cannot be clustered, the pairwise calculation of similarity with a back off strategy of using context performs better when we aim for higher precision.",0.2051956704170308,reference_81
"With this in mind, we adopt two thresholds and the Cosine similarity function to calculate the similarity between two sentences: cos(θ) = V 1 · V 2 V 1 V 2 where V 1 and V 2 are the vectors of the two sentences being compared.",0.1965892748731962,reference_67
"As soon as P K 1(k) ex ceeds a threshold, k − 1 is selected as the optimum number of clusters.",0.17025130615174974,reference_49
"If this similarity exceeds the upper threshold, it is accepted.",0.17025130615174972,reference_71
"Although we could aim for a higher precision by assigning higher values to the thresholds, we still want some recall and variation in our paraphrases.",0.2439750182371333,reference_85
"We divide the annotated headline clusters in a development set of 40 clusters, while the remainder is used as test data.",0.1970276015597752,reference_46
Part of the data in the DAESO-corpus consists of headline clusters crawled from Google News Netherlands in the period April–August 2006.,0.1970276015597752,reference_26
