Index,Reference,Reference Text
0,D09-1086,"['In that paper, QG was applied to word alignment and has since found applications in question answering (Wang et al., 2007), paraphrase detection (Das and Smith, 2009), and machine translation (Gimpel and Smith, 2009).']"
1,D11-1044,"['We present a quasi-synchronous dependency grammar (Smith and Eisner, 2006) for machine translation in which the leaves of the tree are phrases rather than words as in previous work (Gimpel and Smith, 2009).']"
2,D11-1044,"['Quasi-synchronous grammar (QG) provides this backbone (Smith and Eisner, 2006); we describe a coarse-to-fine approach for decoding within this framework, advancing substantially over earlier QG machine translation systems (Gimpel and Smith, 2009).']"
3,D11-1044,"['We previously applied quasi-synchronous grammar to machine translation (Gimpel and Smith, 2009), but that system performed translation fundamentally at the word level.']"
4,D11-1044,"['We denote this grammar by Gs,s ; its (weighted) language is the set of translations of s. Quasi-synchronous grammar makes no restrictions on the form of the target monolingual grammar, though dependency grammars have been used in most previous applications of QG (Wang et al., 2007; Das and Smith, 2009; Smith and Eisner, 2009), including previous work in MT (Smith and Eisner, 2006; Gimpel and Smith, 2009).']"
5,D11-1044,"['For a QPDG model, decoding consists of finding the highest-scoring tuple (t, , , , a) for an in put sentence s and its parse s, i.e., finding the most probable derivation under the s/s-specific grammar Gs,s . We follow Gimpel and Smith (2009) in constructing a lattice to represent Gs,s and using lattice parsing to search for the best derivation, but we construct the lattice differently and employ a coarse-to- fine strategy (Petrov, 2009) to speed up decoding.']"
6,Pjournal,"['(2007) ArEn[UN, NIST 06][L] SL']"
7,Pjournal,['Gimpel and Smith (2009) present an MT framework based on lattice parsing with a quasi-synchronous grammar that can incorporate arbitrary features from both source and target sentences (Table 5).']
8,Pproc_d09,"['Gimpel & Smith (2009; 2011) treat translation as a monolingual dependency parsing problem, creating a dependency structure over the translation during decoding.']"
9,W10-1730-parscit,"['Log-linear translation models (instead of MLE) with rich feature sets are used also in (Ittycheriah and Roukos, 2007) and (Gimpel andSmith, 2009); the idea can be traced back to (Pap ineni et al., 1997).']"
10,W11-2139,"['On the other hand, it has been shown that incorporating syntactic information in the form of features can lead to improved performance (Chiang, 2010; Gimpel and Smith, 2009; Marton and Resnik, 2008).']"
11,N10-1040,"['Many translation models use such knowledge before decoding (Xia and McCord, 2004) and during decoding (Birch et al., 2007; Gimpel and Smith, 2009; Koehn and Hoang, 2007; Chiang et al., 2009), but they are limited to simpler features for practical reasons, often restricted to conditioning left-to- right on the target sentence.']"
