ref,citation_9,reference_id
"Berland and Charniak [1] propose a system for part-of relation extraction, based on the Hearst approach [12].",0.3441236008058426,reference_19
"To date, most research on lexical relation harvesting has focused on is-a and part-of relations.",0.3311330892662609,reference_14
" PR04: This is-a extraction algorithm from Pantel and Ravichandran [16] first automatically induces concepts (clusters) from a raw corpus, names the concepts, and then extracts an is-a relation between each cluster member and its cluster label.",0.2982100259896135,reference_115
"Recently, Pantel and Ravichandran [16] extended this approach by making use of all syntactic dependency features for each noun.",0.2867696673382022,reference_36
"As underlined in Section 3.2, the ambiguity of generic patterns often introduces much noise in the system (e.g, the pattern [X of Y] can ambiguously refer to a part-of, is-a or possession relation).",0.260132990857236,reference_178
