ref,citation_2,reference_id
"rπ(p) ranges from [0,1].",0.34752402342845795,reference_70
Hearst [12] pioneered using patterns to extract hyponym (is-a) relations.,0.3343669275452117,reference_17
"To address this, we multiply pmi(i, p) with the discounting factor suggested in [16].",0.3230291412348993,reference_74
"To apply this algorithm, both datasets were first analyzed using the Minipar parser [14].",0.2786391062876764,reference_117
" PR04: This is-a extraction algorithm from Pantel and Ravichandran [16] first automatically induces concepts (clusters) from a raw corpus, names the concepts, and then extracts an is-a relation between each cluster member and its cluster label.",0.27104108243182823,reference_115
