ref,citation_6,reference_id
"rπ(p) ranges from [0,1].",0.445435403187374,reference_70
"To address this, we multiply pmi(i, p) with the discounting factor suggested in [16].",0.41403933560541256,reference_74
Hearst [12] pioneered using patterns to extract hyponym (is-a) relations.,0.35714285714285715,reference_17
" PR04: This is-a extraction algorithm from Pantel and Ravichandran [16] first automatically induces concepts (clusters) from a raw corpus, names the concepts, and then extracts an is-a relation between each cluster member and its cluster label.",0.3474041668898256,reference_115
"Recently, Pantel and Ravichandran [16] extended this approach by making use of all syntactic dependency features for each noun.",0.3340765523905305,reference_36
