ref,citation_1,reference_id
The reliability of the manually supplied seed instances are rι(i) = 1.,0.2847473987257497,reference_71
"Pantel et al. [17] proposed a similar, highly scalable approach, based on an edit-distance technique, to learn lexicoPOS patterns, showing both good performances and efficiency.",0.2742364680764244,reference_30
"rπ(p) ranges from [0,1].",0.2739983121755955,reference_70
"Then, the Web counts can also be used to filter out incorrect instances from the generic patterns’ instantiations.",0.2636248650982481,reference_85
Hearst [12] pioneered using patterns to extract hyponym (is-a) relations.,0.2636248650982481,reference_17
