ref,citation_5,reference_id
"To apply this algorithm, both datasets were first analyzed using the Minipar parser [14].",0.2988071523335984,reference_117
"In future work, this parameter can be learned using a development corpus.",0.28284271247461895,reference_80
"Recently, Pantel and Ravichandran [16] extended this approach by making use of all syntactic dependency features for each noun.",0.2795084971874737,reference_36
"Berland and Charniak [1] propose a system for part-of relation extraction, based on the Hearst approach [12].",0.2795084971874737,reference_19
We preprocess the corpora using the Alembic Workbench POStagger [5].,0.26967994498529685,reference_112
