ref,citation_8,reference_id
"However, generic patterns, while having low precision, yield a high recall, as also reported by [11].",0.4666666666666667,reference_179
"Furthermore, it is important to note that there are several other generic patterns, like [X’s Y], from which we expect a similar precision of 50% with a continual increase of recall.",0.3302891295379082,reference_193
The Espresso algorithm is based on a similar framework to the one adopted in [12].,0.298142396999972,reference_38
"The challenge, then, is to harness the expressive power of the generic patterns whilst maintaining the precision of Espresso.",0.2864459496157732,reference_182
"The recall of a pattern p can be approximated by the fraction of input instances in I' that are extracted by p. Since it is difficult at run-time to estimate the precision of a pattern, we are weary of keeping patterns that generate many instances (i.e., patterns that generate high recall but potentially disastrous precision).",0.28284271247461895,reference_67
