ref,citation_10,reference_id
"Berland and Charniak [1] propose a system for part-of relation extraction, based on the Hearst approach [12].",0.3441236008058426,reference_19
"Pantel et al. [17] proposed a similar, highly scalable approach, based on an edit-distance technique, to learn lexicoPOS patterns, showing both good performances and efficiency.",0.3348554112644579,reference_30
The Espresso algorithm is based on a similar framework to the one adopted in [12].,0.3311330892662609,reference_38
"We also plan to investigate the use of WordNet selectional constraints, as proposed by [11].",0.3065696697424829,reference_201
"Recently, Pantel and Ravichandran [16] extended this approach by making use of all syntactic dependency features for each noun.",0.2867696673382022,reference_36
