ref,citation_7,reference_id
The Espresso algorithm is based on a similar framework to the one adopted in [12].,0.3481553119113957,reference_38
"rπ(p) ranges from [0,1].",0.30151134457776363,reference_70
The relative recall is always given in relation to the Espresso system.,0.30151134457776363,reference_167
"Recently, Pantel and Ravichandran [16] extended this approach by making use of all syntactic dependency features for each noun.",0.30151134457776363,reference_36
"Berland and Charniak [1] propose a system for part-of relation extraction, based on the Hearst approach [12].",0.30151134457776363,reference_19
