ref,citation_11,reference_id
Hearst [12] pioneered using patterns to extract hyponym (is-a) relations.,0.3818813079129867,reference_17
" PR04: This is-a extraction algorithm from Pantel and Ravichandran [16] first automatically induces concepts (clusters) from a raw corpus, names the concepts, and then extracts an is-a relation between each cluster member and its cluster label.",0.3790490217894517,reference_115
"As underlined in Section 3.2, the ambiguity of generic patterns often introduces much noise in the system (e.g, the pattern [X of Y] can ambiguously refer to a part-of, is-a or possession relation).",0.3471825374147068,reference_178
"rπ(p) ranges from [0,1].",0.34020690871988585,reference_70
"To address this, we multiply pmi(i, p) with the discounting factor suggested in [16].",0.31622776601683794,reference_74
