ref,citation_0,reference_id
Hearst [12] pioneered using patterns to extract hyponym (is-a) relations.,0.4193139346887673,reference_17
"As underlined in Section 3.2, the ambiguity of generic patterns often introduces much noise in the system (e.g, the pattern [X of Y] can ambiguously refer to a part-of, is-a or possession relation).",0.3335621924974955,reference_178
"Intuitively, a reliable instance is one that is highly associated with as many reliable patterns as possible (i.e., we have more confidence in an instance when multiple reliable patterns instantiate it.)",0.3329560459081458,reference_101
"rπ(p) ranges from [0,1].",0.3268602252303067,reference_70
"To address this, we multiply pmi(i, p) with the discounting factor suggested in [16].",0.30382181012509996,reference_74
