ref,citation_3,reference_id
"Recently, Pantel and Ravichandran [16] extended this approach by making use of all syntactic dependency features for each noun.",0.3049971406652093,reference_36
Systems We compare the results of Espresso with the following two state of the art extraction systems:  RH02: This algorithm by Ravichandran and Hovy [20] learns lexical extraction patterns from a set of seed instances of a particular relation (see Section 2.),0.25776963111323353,reference_114
"Pantel et al. [17] proposed a similar, highly scalable approach, based on an edit-distance technique, to learn lexicoPOS patterns, showing both good performances and efficiency.",0.25438520029955736,reference_30
"rπ(p) ranges from [0,1].",0.2541642838876745,reference_70
Hearst [12] pioneered using patterns to extract hyponym (is-a) relations.,0.2445417437817667,reference_17
