Reference text
Hearst [12] pioneered using patterns to extract hyponym (is-a) relations.
"As underlined in Section 3.2, the ambiguity of generic patterns often introduces much noise in the system (e.g, the pattern [X of Y] can ambiguously refer to a part-of, is-a or possession relation)."
"Intuitively, a reliable instance is one that is highly associated with as many reliable patterns as possible (i.e., we have more confidence in an instance when multiple reliable patterns instantiate it.)"
"rπ(p) ranges from [0,1]."
"To address this, we multiply pmi(i, p) with the discounting factor suggested in [16]."
The reliability of the manually supplied seed instances are rι(i) = 1.
"Pantel et al. [17] proposed a similar, highly scalable approach, based on an edit-distance technique, to learn lexicoPOS patterns, showing both good performances and efficiency."
"Then, the Web counts can also be used to filter out incorrect instances from the generic patterns’ instantiations."
"To apply this algorithm, both datasets were first analyzed using the Minipar parser [14]."
" PR04: This is-a extraction algorithm from Pantel and Ravichandran [16] first automatically induces concepts (clusters) from a raw corpus, names the concepts, and then extracts an is-a relation between each cluster member and its cluster label."
"Recently, Pantel and Ravichandran [16] extended this approach by making use of all syntactic dependency features for each noun."
Systems We compare the results of Espresso with the following two state of the art extraction systems:  RH02: This algorithm by Ravichandran and Hovy [20] learns lexical extraction patterns from a set of seed instances of a particular relation (see Section 2.)
"Caraballo [3] proposed the first attempt, which used conjunction and apposition features to build noun clusters."
"In future work, this parameter can be learned using a development corpus."
"Berland and Charniak [1] propose a system for part-of relation extraction, based on the Hearst approach [12]."
We preprocess the corpora using the Alembic Workbench POStagger [5].
The Espresso algorithm is based on a similar framework to the one adopted in [12].
The relative recall is always given in relation to the Espresso system.
"However, generic patterns, while having low precision, yield a high recall, as also reported by [11]."
"Furthermore, it is important to note that there are several other generic patterns, like [X’s Y], from which we expect a similar precision of 50% with a continual increase of recall."
"The challenge, then, is to harness the expressive power of the generic patterns whilst maintaining the precision of Espresso."
"The recall of a pattern p can be approximated by the fraction of input instances in I' that are extracted by p. Since it is difficult at run-time to estimate the precision of a pattern, we are weary of keeping patterns that generate many instances (i.e., patterns that generate high recall but potentially disastrous precision)."
"To date, most research on lexical relation harvesting has focused on is-a and part-of relations."
"We also plan to investigate the use of WordNet selectional constraints, as proposed by [11]."
