Reference text,similarity
Hearst [12] pioneered using patterns to extract hyponym (is-a) relations.,0.4193139346887673,reference_17
"As underlined in Section 3.2, the ambiguity of generic patterns often introduces much noise in the system (e.g, the pattern [X of Y] can ambiguously refer to a part-of, is-a or possession relation).",0.3335621924974955,reference_178
"Intuitively, a reliable instance is one that is highly associated with as many reliable patterns as possible (i.e., we have more confidence in an instance when multiple reliable patterns instantiate it.)",0.3329560459081458,reference_101
"rπ(p) ranges from [0,1].",0.3268602252303067,reference_70
"To address this, we multiply pmi(i, p) with the discounting factor suggested in [16].",0.3038218101251,reference_74
The reliability of the manually supplied seed instances are rι(i) = 1.,0.2847473987257497,reference_71
"Pantel et al. [17] proposed a similar, highly scalable approach, based on an edit-distance technique, to learn lexicoPOS patterns, showing both good performances and efficiency.",0.2742364680764244,reference_30
"Then, the Web counts can also be used to filter out incorrect instances from the generic patterns’ instantiations.",0.2636248650982481,reference_85
"To apply this algorithm, both datasets were first analyzed using the Minipar parser [14].",0.2786391062876764,reference_117
" PR04: This is-a extraction algorithm from Pantel and Ravichandran [16] first automatically induces concepts (clusters) from a raw corpus, names the concepts, and then extracts an is-a relation between each cluster member and its cluster label.",0.27104108243182823,reference_115
"Recently, Pantel and Ravichandran [16] extended this approach by making use of all syntactic dependency features for each noun.",0.3049971406652093,reference_36
Systems We compare the results of Espresso with the following two state of the art extraction systems:  RH02: This algorithm by Ravichandran and Hovy [20] learns lexical extraction patterns from a set of seed instances of a particular relation (see Section 2.),0.25776963111323353,reference_114
"Caraballo [3] proposed the first attempt, which used conjunction and apposition features to build noun clusters.",0.3354101966249685,reference_35
"In future work, this parameter can be learned using a development corpus.",0.2828427124746189,reference_80
"Berland and Charniak [1] propose a system for part-of relation extraction, based on the Hearst approach [12].",0.2795084971874737,reference_19
We preprocess the corpora using the Alembic Workbench POStagger [5].,0.26967994498529685,reference_112
The Espresso algorithm is based on a similar framework to the one adopted in [12].,0.3481553119113957,reference_38
The relative recall is always given in relation to the Espresso system.,0.30151134457776363,reference_167
"However, generic patterns, while having low precision, yield a high recall, as also reported by [11].",0.4666666666666667,reference_179
"Furthermore, it is important to note that there are several other generic patterns, like [X’s Y], from which we expect a similar precision of 50% with a continual increase of recall.",0.3302891295379082,reference_193
"The challenge, then, is to harness the expressive power of the generic patterns whilst maintaining the precision of Espresso.",0.2864459496157732,reference_182
"The recall of a pattern p can be approximated by the fraction of input instances in I' that are extracted by p. Since it is difficult at run-time to estimate the precision of a pattern, we are weary of keeping patterns that generate many instances (i.e., patterns that generate high recall but potentially disastrous precision).",0.2828427124746189,reference_67
"To date, most research on lexical relation harvesting has focused on is-a and part-of relations.",0.3311330892662609,reference_14
"We also plan to investigate the use of WordNet selectional constraints, as proposed by [11].",0.3065696697424829,reference_201
