Reference text,similarity
Both word repetition in combination with collocation and all three features in combination also achieved a precision rate of 0.80 but attained a lower recall rate of 0.62.,0.1345345587992625,reference_114
A method is presented for segmenting text into subtopic areas.,0.09805806756909202,reference_0
"Due to that success, these five approaches were applied in this experiment.",0.09805806756909202,reference_101
Text segmentation could also be used as a pre-processing step in automatic summarisation.,0.08770580193070293,reference_8
"The degree to which a segmentation point was 'missed' by a trough, for instance, is not considered.",0.08362420100070908,reference_104
"These types can be identified using relation weights (Jobbins and Evett, 1998).",0.4437601569801833,reference_48
collocation 6.3 3.83 35 (83.3%) Table 1.,0.3015113445777636,reference_84
"As an example, a text segmentation algorithm developed by Hearst ( 1994) based on word repetition alone attained inferior precision and recall rates of 0.66 and 0.61.",0.2919201796799047,reference_116
"Related words have been located using spreading activation on a semantic network (Kozima, 1993), although only one text was segmented.",0.2828427124746189,reference_18
"These metrics have tended to be adopted for the assessment of text segmentation algorithms, but they do not provide a scale of correctness (Beeferman et al., 1997).",0.2752988806446741,reference_103
Conclusion The text segmentation algorithm developed used three linguistic features to automatically detect lexical cohesion relations across windows.,0.4622501635210242,reference_121
"Following Morris and Hirst's work, a segmentation algorithm was developed based on identifying lexical cohesion relations across a text.",0.4280863447390447,reference_25
"To automatically detect lexical cohesion tics between pairwise words, three linguistic features were considered: word repetition, collocation and relation weights.",0.3946761086881632,reference_44
This algorithm utilises linguistic features additional to those captured in the thesaurus to identify the other types of lexical cohesion relations that can exist in text.,0.3922322702763681,reference_27
"However, RT does not capture all types of lexical cohesion relations.",0.3268602252303067,reference_22
"Relation Weights: Relation weights quantify the amount of semantic relation between words based on the lexical organisation of RT (Jobbins and Evett, 1995).",0.3674234614174767,reference_57
Lexical cohesion is expressed through the vocabulary used in text and the semantic relations between those words.,0.2886751345948129,reference_35
The lexical cohesion relations of reiteration and collocation are used to identify related words.,0.27524094128159016,reference_2
"Lexical cohesion relations (Halliday and Hasan, 1976) between words were identified in RT and used to construct lexical chains of related words in five texts (Morris and Hirst, 1991 ).",0.26648544566940835,reference_20
"The remaining types of lexical cohesion considered, include synonym and superordinate (the cohesive effect of general word was not included).",0.25819888974716115,reference_47
"Hence, each generated text consisted of two articles.",0.2581988897471611,reference_78
(out of 42 poss.),0.24494897427831785,reference_68
Ponte and Croft ( 1997) used word co-occurrences to expand the number of terms for matching.,0.2243872776020297,reference_13
"In previous work, it was found that collocation (a lexical cohesion relation) was under-represented in the thesaurus.",0.31622776601683794,reference_23
"Reynar ( 1994) compared all Lindsay J. Evett Department of Computing Nottingham Trent University Nottingham NGI 4BU, UK lje@doc.ntu.ac.uk words across a text rather than the more usual nearest neighbours.",0.2874944542499729,reference_14
"Consequently, it was not further considered.",0.2672612419124244,reference_39
"For example, the pairwise words orange and peel form a collocation.",0.253546276418555,reference_54
"The proposed algorithm is fully automated, and a quantitative measure of the association between words is calculated.",0.23145502494313785,reference_26
Cohesion concerns how words in a text are related.,0.2182178902359924,reference_29
"Segmenting such data into distinct topics is useful for information retrieval, where only those segments relevant to a user's query can be retrieved.",0.563436169819011,reference_7
"Having located the related segments in text, a method of determining the subject of each segment could be developed, for example, for information retrieval purposes.",0.3175536744149779,reference_129
"To evaluate the results, the information retrieval metrics precision and recall were used.",0.2631806779839076,reference_102
"For 9 out of the 20 texts segmented, all troughs were relevant.",0.2182178902359924,reference_110
The first two methods represent lexical cohesion relations.,0.2886751345948129,reference_45
