ref,citation_8,reference_id
"These types can be identified using relation weights (Jobbins and Evett, 1998).",0.38177085778546666,reference_48
Text segmentation could also be used as a pre-processing step in automatic summarisation.,0.36273812505500586,reference_8
(out of 42 poss.),0.30779350562554625,reference_68
"The degree to which a segmentation point was 'missed' by a trough, for instance, is not considered.",0.27668578554642986,reference_104
"Related words have been located using spreading activation on a semantic network (Kozima, 1993), although only one text was segmented.",0.2703690352179376,reference_18
