ref,citation_2,reference_id
Conclusion The text segmentation algorithm developed used three linguistic features to automatically detect lexical cohesion relations across windows.,0.4622501635210242,reference_121
"Following Morris and Hirst's work, a segmentation algorithm was developed based on identifying lexical cohesion relations across a text.",0.4280863447390447,reference_25
"To automatically detect lexical cohesion tics between pairwise words, three linguistic features were considered: word repetition, collocation and relation weights.",0.3946761086881632,reference_44
This algorithm utilises linguistic features additional to those captured in the thesaurus to identify the other types of lexical cohesion relations that can exist in text.,0.3922322702763681,reference_27
"However, RT does not capture all types of lexical cohesion relations.",0.3268602252303067,reference_22
