ref,citation_3,reference_id
Both word repetition in combination with collocation and all three features in combination also achieved a precision rate of 0.80 but attained a lower recall rate of 0.62.,0.1345345587992625,reference_114
A method is presented for segmenting text into subtopic areas.,0.09805806756909202,reference_0
"Due to that success, these five approaches were applied in this experiment.",0.09805806756909202,reference_101
Text segmentation could also be used as a pre-processing step in automatic summarisation.,0.08770580193070293,reference_8
"The degree to which a segmentation point was 'missed' by a trough, for instance, is not considered.",0.08362420100070908,reference_104
