ref,citation_11,reference_id
"Lexical cohesion relations (Halliday and Hasan, 1976) between words were identified in RT and used to construct lexical chains of related words in five texts (Morris and Hirst, 1991 ).",0.3611575592573076,reference_20
"Relation Weights: Relation weights quantify the amount of semantic relation between words based on the lexical organisation of RT (Jobbins and Evett, 1995).",0.2904737509655563,reference_57
The first two methods represent lexical cohesion relations.,0.2886751345948129,reference_45
"These types can be identified using relation weights (Jobbins and Evett, 1998).",0.2802242691589025,reference_48
The lexical cohesion relations of reiteration and collocation are used to identify related words.,0.26111648393354675,reference_2
