ref,citation_5,reference_id
"These types can be identified using relation weights (Jobbins and Evett, 1998).",0.35445877847928337,reference_48
"The remaining types of lexical cohesion considered, include synonym and superordinate (the cohesive effect of general word was not included).",0.25819888974716115,reference_47
"Hence, each generated text consisted of two articles.",0.2581988897471611,reference_78
"Relation Weights: Relation weights quantify the amount of semantic relation between words based on the lexical organisation of RT (Jobbins and Evett, 1995).",0.24494897427831785,reference_57
(out of 42 poss.),0.24494897427831785,reference_68
