ref,citation_9,reference_id
"Consequently, it was not further considered.",0.2672612419124244,reference_39
"For example, the pairwise words orange and peel form a collocation.",0.253546276418555,reference_54
"The degree to which a segmentation point was 'missed' by a trough, for instance, is not considered.",0.2417468892076141,reference_104
"The proposed algorithm is fully automated, and a quantitative measure of the association between words is calculated.",0.23145502494313785,reference_26
Cohesion concerns how words in a text are related.,0.2182178902359924,reference_29
