ref,citation_4,reference_id
"Relation Weights: Relation weights quantify the amount of semantic relation between words based on the lexical organisation of RT (Jobbins and Evett, 1995).",0.3674234614174767,reference_57
"These types can be identified using relation weights (Jobbins and Evett, 1998).",0.35445877847928337,reference_48
Lexical cohesion is expressed through the vocabulary used in text and the semantic relations between those words.,0.2886751345948129,reference_35
The lexical cohesion relations of reiteration and collocation are used to identify related words.,0.27524094128159016,reference_2
"Lexical cohesion relations (Halliday and Hasan, 1976) between words were identified in RT and used to construct lexical chains of related words in five texts (Morris and Hirst, 1991 ).",0.26648544566940835,reference_20
