ref,citation_1,reference_id
"These types can be identified using relation weights (Jobbins and Evett, 1998).",0.4437601569801833,reference_48
collocation 6.3 3.83 35 (83.3%) Table 1.,0.3015113445777636,reference_84
"As an example, a text segmentation algorithm developed by Hearst ( 1994) based on word repetition alone attained inferior precision and recall rates of 0.66 and 0.61.",0.2919201796799047,reference_116
"Related words have been located using spreading activation on a semantic network (Kozima, 1993), although only one text was segmented.",0.28284271247461895,reference_18
"These metrics have tended to be adopted for the assessment of text segmentation algorithms, but they do not provide a scale of correctness (Beeferman et al., 1997).",0.2752988806446741,reference_103
