ref,citation_7,reference_id
"These types can be identified using relation weights (Jobbins and Evett, 1998).",0.3750457847507963,reference_48
"In previous work, it was found that collocation (a lexical cohesion relation) was under-represented in the thesaurus.",0.31622776601683794,reference_23
"Relation Weights: Relation weights quantify the amount of semantic relation between words based on the lexical organisation of RT (Jobbins and Evett, 1995).",0.30237157840738177,reference_57
"Reynar ( 1994) compared all Lindsay J. Evett Department of Computing Nottingham Trent University Nottingham NGI 4BU, UK lje@doc.ntu.ac.uk words across a text rather than the more usual nearest neighbours.",0.2874944542499729,reference_14
"Related words have been located using spreading activation on a semantic network (Kozima, 1993), although only one text was segmented.",0.2788866755113585,reference_18
