ref,citation_10,reference_id
"Segmenting such data into distinct topics is useful for information retrieval, where only those segments relevant to a user's query can be retrieved.",0.563436169819011,reference_7
"Having located the related segments in text, a method of determining the subject of each segment could be developed, for example, for information retrieval purposes.",0.3175536744149779,reference_129
"To evaluate the results, the information retrieval metrics precision and recall were used.",0.2631806779839076,reference_102
"For 9 out of the 20 texts segmented, all troughs were relevant.",0.2182178902359924,reference_110
"Consequently, it was not further considered.",0.2182178902359924,reference_39
