ref,citation_6,reference_id
"These types can be identified using relation weights (Jobbins and Evett, 1998).",0.2991830368027063,reference_48
Ponte and Croft ( 1997) used word co-occurrences to expand the number of terms for matching.,0.2243872776020297,reference_13
Lexical cohesion is expressed through the vocabulary used in text and the semantic relations between those words.,0.21320071635561044,reference_35
"Relation Weights: Relation weights quantify the amount of semantic relation between words based on the lexical organisation of RT (Jobbins and Evett, 1995).",0.21105794120443447,reference_57
The lexical cohesion relations of reiteration and collocation are used to identify related words.,0.2032789070454354,reference_2
