ref,citation_7,reference_id
"a * a Figure 10: Networks Illustrating Steps 2 and 3 of the Compile-Replace Algorithm In this simple example, the upper language of the original network in Figure 8 is identical to the regular expression that is compiled and replaced.",0.4408315315025577,reference_79
"3.2.2 Merge The merge algorithm is a pattern-filling operation that combines two regular languages, a template and a filler, into a single one.",0.44129585385428616,reference_130
"To demonstrate the power of the compile- replace method, let us show how it can be applied to solve another “hard” problem: identifying and extracting all the palindromes from a lexicon.",0.4667520643967851,reference_210
"For example, the information that the comparative of the adjective big is bigger might be represented in the English lexical transducer by the path (= sequence of states and arcs) in Figure 7 where the zeros represent epsilon symbols.2 The gemination of g and Lexical side: For the sake of clarity, Figure 7 represents the upper (= lexical) and the lower (= surface) side of the arc label separately on the opposite sides of the arc. In the remaining diagrams, we use a more compact notation: the upper and the lower symbol are combined into a single label of the form upper:lower if the symbols are distinct.",0.471698571555095,reference_45
"Figure 8: A Network with a Regular-Expression Substring on the Lower Side The application of the compile-replace algorithm to the lower side of the network eliminates the markers, compiles the regular expression a* and maps the upper side of the path to the language resulting from the compilation.",0.4787432254391243,reference_74
