ref,citation_2,reference_id
"For example, the initial lexical representation of the surface forms katab, kutib, and duuris, may be represented as a concatenation of the three components shown in Figure 16.",0.41577756563500506,reference_179
"Finite-state morphology in the tradition of the Two-Level (Koskenniemi, 1983) and Xerox implementations (Karttunen, 1991; Karttunen, 1994; Beesley and Karttunen, 2000) has been very successful in implementing large-scale, robust and efficient morphological analyzergenerators for concatenative languages, includ ing the commercially important European languages and non-Indo-European examples like 1 I wish to thank Stuart Newton for this example.",0.4674900277231159,reference_7
"In the standard notation, the path in Figure 7 is labeled as b i g 0:g +Adj:0 0:e +Comp:r. Lexical transducers are more efficient for analysis and generation than the classical two- level systems (Koskenniemi, 1983) because the morphotactics and the morphological alternations have been precompiled and need not be consulted at runtime.",0.4790565962311384,reference_47
"In Arabic, for example, prefixes and suffixes attach to stems in the usual concatenative way, but stems themselves are formed by a process known informally as interdigitation; while in Malay, noun plurals are formed by a process known as full-stem reduplication.",0.4875756632794019,reference_57
"Regular-expression descriptions are compiled into finite-state automata or transducers (collectively called networks) as usual, and then the compiler is reapplied to its own output, producing a modified but still finite- state network.",0.5017228273749353,reference_14
