ref,citation_10,reference_id
"Finite-state morphology in the tradition of the Two-Level (Koskenniemi, 1983) and Xerox implementations (Karttunen, 1991; Karttunen, 1994; Beesley and Karttunen, 2000) has been very successful in implementing large-scale, robust and efficient morphological analyzergenerators for concatenative languages, includ ing the commercially important European languages and non-Indo-European examples like 1 I wish to thank Stuart Newton for this example.",0.3622152818918873,reference_7
"For example, the initial lexical representation of the surface forms katab, kutib, and duuris, may be represented as a concatenation of the three components shown in Figure 16.",0.4341386451367126,reference_179
"The source descriptions may also be written in higher-level notations (e.g. lexc (Karttunen, 1993), twolc (Karttunen and Beesley, 1992) and Replace Rules (Karttunen, 1995; Karttunen, 1996; Kempe and Karttunen, 1996)) that are simply helpful short- hands for regular expressions and that compile, using their dedicated compilers, into finite-state networks.",0.4350212320239016,reference_39
"In the standard notation, the path in Figure 7 is labeled as b i g 0:g +Adj:0 0:e +Comp:r. Lexical transducers are more efficient for analysis and generation than the classical two- level systems (Koskenniemi, 1983) because the morphotactics and the morphological alternations have been precompiled and need not be consulted at runtime.",0.4442631888449268,reference_47
"Following the lines of Kataja and Koskenniemi (1988), we could define intermediate networks with regular-expression substrings that indicate the intersection of suitably encoded roots, templates, and vocalizations (for a formal description of what such regular-expression substrings would look like, see Beesley (1998c; 1998b)).",0.4803359255520366,reference_128
