ref,citation_11,reference_id
"The source descriptions may also be written in higher-level notations (e.g. lexc (Karttunen, 1993), twolc (Karttunen and Beesley, 1992) and Replace Rules (Karttunen, 1995; Karttunen, 1996; Kempe and Karttunen, 1996)) that are simply helpful short- hands for regular expressions and that compile, using their dedicated compilers, into finite-state networks.",0.4063698028012209,reference_39
"Finite-state morphology in the tradition of the Two-Level (Koskenniemi, 1983) and Xerox implementations (Karttunen, 1991; Karttunen, 1994; Beesley and Karttunen, 2000) has been very successful in implementing large-scale, robust and efficient morphological analyzergenerators for concatenative languages, includ ing the commercially important European languages and non-Indo-European examples like 1 I wish to thank Stuart Newton for this example.",0.4211985059732453,reference_7
"For example, the initial lexical representation of the surface forms katab, kutib, and duuris, may be represented as a concatenation of the three components shown in Figure 16.",0.4224665192187809,reference_179
We describe a new technique for constructing finite- state transducers that involves reapplying the regular-expression compiler to its own output.,0.5047050644705138,reference_2
"It expects to find delimited regular expression substrings on a given side (upper or After the special treatment of the regular- expression path is finished, normal processing is resumed in the destination state of the closing ^] arc. For example, the result shown in Figure 9 represents the crossproduct of the two networks shown in Figure 10.",0.5207080195177244,reference_78
