ref,citation_6,reference_id
"The separately compiled lexicon and rule fsts can subsequently be composed together as in Figure 6 to form a single “lexical transducer” (Karttunen et al., 1992) that could have been defined equivalently, but perhaps less perspicuously and less efficiently, with a single regular expression.",0.3607817873188157,reference_42
"In practice, the most commonly separated modules are a lexicon fst, containing lexical strings, and a separately written set of Lexicon Regular Expression Rule Regular Expression Compiler Lexicon FST .o. Rule FST Lexical Transducer (a single FST) Figure 6: Creation of a Lexical Transducer rule fsts that map from the strings in the lexicon to properly spelled surface strings.",0.3683632448938783,reference_40
"For example, the information that the comparative of the adjective big is bigger might be represented in the English lexical transducer by the path (= sequence of states and arcs) in Figure 7 where the zeros represent epsilon symbols.2 The gemination of g and Lexical side: For the sake of clarity, Figure 7 represents the upper (= lexical) and the lower (= surface) side of the arc label separately on the opposite sides of the arc. In the remaining diagrams, we use a more compact notation: the upper and the lower symbol are combined into a single label of the form upper:lower if the symbols are distinct.",0.3771132560148473,reference_45
To introduce the merge operation into the Xerox regular expression calculus we need to choose an operator symbol.,0.390041281324148,reference_162
"The next, and somewhat delicate, step is to replace the XX markers by the desired operators, intersection and reverse, and to wrap the special regular expression delimiters ^[ and ^] around the whole lexicon.",0.4019647596833784,reference_222
