ref,citation_5,reference_id
"In work more directly related to the current solution, it was Kataja and Koskenniemi (1988) who first demonstrated that Semitic (Akkadian) roots and patterns5 could be formalized as regular languages, and that the non-concatenative interdigitation of stems could be elegantly formalized as the intersection of those regular languages.",0.5515824376264652,reference_118
"However, if the “base” language L is finite, we can construct a finite-state network that encodes L and the reduplications of all the strings in L. On the assumption that there are only a finite number of words subject to reduplication (no free compounding), it is possible to construct a lexical transducer for languages 3 In the standard orthography, such reduplicated words are written with a hyphen, e.g. bagibagi, that we will ignore for this example.",0.5526063193801287,reference_91
"If the relation is finite-state, then it can be defined using the metalanguage of regular expressions; and, with a suitable compiler, the regular expression source code can be compiled into a finite-state transducer (fst), as shown in Figure 4, that implements the relation computationally.",0.5720771368270223,reference_28
"Finite-state morphology in the tradition of the Two-Level (Koskenniemi, 1983) and Xerox implementations (Karttunen, 1991; Karttunen, 1994; Beesley and Karttunen, 2000) has been very successful in implementing large-scale, robust and efficient morphological analyzergenerators for concatenative languages, includ ing the commercially important European languages and non-Indo-European examples like 1 I wish to thank Stuart Newton for this example.",0.5834439913925372,reference_7
We describe a new technique for constructing finite- state transducers that involves reapplying the regular-expression compiler to its own output.,0.6067874636744777,reference_2
