ref,citation_3,reference_id
The compile-replace algorithm is essentially a variant of a simple recursive-descent copyingroutine.,0.3523570880822958,reference_77
We describe a new technique for constructing finite- state transducers that involves reapplying the regular-expression compiler to its own output.,0.3835619311890694,reference_2
"The separately compiled lexicon and rule fsts can subsequently be composed together as in Figure 6 to form a single “lexical transducer” (Karttunen et al., 1992) that could have been defined equivalently, but perhaps less perspicuously and less efficiently, with a single regular expression.",0.3867355478453599,reference_42
"For example, the information that the comparative of the adjective big is bigger might be represented in the English lexical transducer by the path (= sequence of states and arcs) in Figure 7 where the zeros represent epsilon symbols.2 The gemination of g and Lexical side: For the sake of clarity, Figure 7 represents the upper (= lexical) and the lower (= surface) side of the arc label separately on the opposite sides of the arc. In the remaining diagrams, we use a more compact notation: the upper and the lower symbol are combined into a single label of the form upper:lower if the symbols are distinct.",0.4151647133478938,reference_45
"We believe that our approach to reduplication can account for these complex phenomena as well but we cannot discuss the Lexical: b a g i +Noun +Plural Surface: b a g i b a g i Lexical: p e l a b u h a n +Noun +Plural Surface: p e l a b u h a n p e l a b u h a n Figure 12: The Malay fst After the Application of Compile-Replace to the Lower-Side Language The special delimiters ^[ and ^] can be used to surround any appropriate regular- expression substring, using any necessary regular-expression operators, and compile- replace may be applied to the lower-side and/or upper-side of the network as desired.",0.4477706934806154,reference_105
