ref,citation_9,reference_id
"Finite-state morphology in the general tradition of the Two-Level and Xerox implementations has proved very successful in the production of robust morphological analyzer-generators, including many large-scale commercial systems.",0.5789094692451866,reference_0
"For example, the information that the comparative of the adjective big is bigger might be represented in the English lexical transducer by the path (= sequence of states and arcs) in Figure 7 where the zeros represent epsilon symbols.2 The gemination of g and Lexical side: For the sake of clarity, Figure 7 represents the upper (= lexical) and the lower (= surface) side of the arc label separately on the opposite sides of the arc. In the remaining diagrams, we use a more compact notation: the upper and the lower symbol are combined into a single label of the form upper:lower if the symbols are distinct.",0.5791019342135915,reference_45
"a * a Figure 10: Networks Illustrating Steps 2 and 3 of the Compile-Replace Algorithm In this simple example, the upper language of the original network in Figure 8 is identical to the regular expression that is compiled and replaced.",0.6017544752358328,reference_79
"Finite-state morphology in the tradition of the Two-Level (Koskenniemi, 1983) and Xerox implementations (Karttunen, 1991; Karttunen, 1994; Beesley and Karttunen, 2000) has been very successful in implementing large-scale, robust and efficient morphological analyzergenerators for concatenative languages, includ ing the commercially important European languages and non-Indo-European examples like 1 I wish to thank Stuart Newton for this example.",0.6045083162449738,reference_7
"This insight of Kataja and Koskenniemi was applied by Beesley in a large-scale morphological analyzer for Arabic, first using an implementation that simulated the intersection of stems in code at runtime (Beesley, 1989; Beesley et al., 1989; Beesley, 1990; Beesley, 1991), and ran rather slowly; and later, using Xerox finite-state technology (Beesley, 1996; Beesley, 1998a), a new implementation that intersected the stems at compile time and performed well at runtime.",0.6121330445728722,reference_122
