ref,citation_1,reference_id
"In practice, the most commonly separated modules are a lexicon fst, containing lexical strings, and a separately written set of Lexicon Regular Expression Rule Regular Expression Compiler Lexicon FST .o. Rule FST Lexical Transducer (a single FST) Figure 6: Creation of a Lexical Transducer rule fsts that map from the strings in the lexicon to properly spelled surface strings.",0.4391220715457664,reference_40
"For example, the information that the comparative of the adjective big is bigger might be represented in the English lexical transducer by the path (= sequence of states and arcs) in Figure 7 where the zeros represent epsilon symbols.2 The gemination of g and Lexical side: For the sake of clarity, Figure 7 represents the upper (= lexical) and the lower (= surface) side of the arc label separately on the opposite sides of the arc. In the remaining diagrams, we use a more compact notation: the upper and the lower symbol are combined into a single label of the form upper:lower if the symbols are distinct.",0.450711735518496,reference_45
"As we already mentioned in discussing the intermediate representation in Figure 14, the merge operation treats ordinary symbols in a partially filled template in the same manner as it treats unmatched class symbols.",0.4672290752288376,reference_186
"The separately compiled lexicon and rule fsts can subsequently be composed together as in Figure 6 to form a single “lexical transducer” (Karttunen et al., 1992) that could have been defined equivalently, but perhaps less perspicuously and less efficiently, with a single regular expression.",0.4838441312477384,reference_42
"If the relation is finite-state, then it can be defined using the metalanguage of regular expressions; and, with a suitable compiler, the regular expression source code can be compiled into a finite-state transducer (fst), as shown in Figure 4, that implements the relation computationally.",0.4868613006778892,reference_28
