ref,citation_8,reference_id
We describe a new technique for constructing finite- state transducers that involves reapplying the regular-expression compiler to its own output.,0.2398957899405352,reference_2
"For example, the initial lexical representation of the surface forms katab, kutib, and duuris, may be represented as a concatenation of the three components shown in Figure 16.",0.38683286503937,reference_179
"However, if the “base” language L is finite, we can construct a finite-state network that encodes L and the reduplications of all the strings in L. On the assumption that there are only a finite number of words subject to reduplication (no free compounding), it is possible to construct a lexical transducer for languages 3 In the standard orthography, such reduplicated words are written with a hyphen, e.g. bagibagi, that we will ignore for this example.",0.4040565312985113,reference_91
"If the relation is finite-state, then it can be defined using the metalanguage of regular expressions; and, with a suitable compiler, the regular expression source code can be compiled into a finite-state transducer (fst), as shown in Figure 4, that implements the relation computationally.",0.42479583347903305,reference_28
"The separately compiled lexicon and rule fsts can subsequently be composed together as in Figure 6 to form a single “lexical transducer” (Karttunen et al., 1992) that could have been defined equivalently, but perhaps less perspicuously and less efficiently, with a single regular expression.",0.439080860015778,reference_42
