ref,citation_4,reference_id
"Finite-state morphology in the general tradition of the Two-Level and Xerox implementations has proved very successful in the production of robust morphological analyzer-generators, including many large-scale commercial systems.",0.4860982974598002,reference_0
"In the standard notation, the path in Figure 7 is labeled as b i g 0:g +Adj:0 0:e +Comp:r. Lexical transducers are more efficient for analysis and generation than the classical two- level systems (Koskenniemi, 1983) because the morphotactics and the morphological alternations have been precompiled and need not be consulted at runtime.",0.5014368798917356,reference_47
"Although this pluralization process may appear concatenative, it does not involve concatenating a predictable pluralizing morpheme, but rather copying the preceding stem, whatever it may be and however long it may be.",0.5174581654705027,reference_87
"Finite-state morphology in the tradition of the Two-Level (Koskenniemi, 1983) and Xerox implementations (Karttunen, 1991; Karttunen, 1994; Beesley and Karttunen, 2000) has been very successful in implementing large-scale, robust and efficient morphological analyzergenerators for concatenative languages, includ ing the commercially important European languages and non-Indo-European examples like 1 I wish to thank Stuart Newton for this example.",0.5342173765703896,reference_7
"Until an opening delimiter ^[ is encountered, the algorithm constructs a copy of the path it is following.",0.5382806054523889,reference_63
