Reference text,similarity
The compile-replace algorithm is essentially a variant of a simple recursive-descent copyingroutine.,0.3523570880822958,reference_77
We describe a new technique for constructing finite- state transducers that involves reapplying the regular-expression compiler to its own output.,0.3835619311890694,reference_2
"The separately compiled lexicon and rule fsts can subsequently be composed together as in Figure 6 to form a single “lexical transducer” (Karttunen et al., 1992) that could have been defined equivalently, but perhaps less perspicuously and less efficiently, with a single regular expression.",0.3867355478453599,reference_42
"For example, the information that the comparative of the adjective big is bigger might be represented in the English lexical transducer by the path (= sequence of states and arcs) in Figure 7 where the zeros represent epsilon symbols.2 The gemination of g and Lexical side: For the sake of clarity, Figure 7 represents the upper (= lexical) and the lower (= surface) side of the arc label separately on the opposite sides of the arc. In the remaining diagrams, we use a more compact notation: the upper and the lower symbol are combined into a single label of the form upper:lower if the symbols are distinct.",0.4151647133478938,reference_45
"We believe that our approach to reduplication can account for these complex phenomena as well but we cannot discuss the Lexical: b a g i +Noun +Plural Surface: b a g i b a g i Lexical: p e l a b u h a n +Noun +Plural Surface: p e l a b u h a n p e l a b u h a n Figure 12: The Malay fst After the Application of Compile-Replace to the Lower-Side Language The special delimiters ^[ and ^] can be used to surround any appropriate regular- expression substring, using any necessary regular-expression operators, and compile- replace may be applied to the lower-side and/or upper-side of the network as desired.",0.4477706934806154,reference_105
"In practice, the most commonly separated modules are a lexicon fst, containing lexical strings, and a separately written set of Lexicon Regular Expression Rule Regular Expression Compiler Lexicon FST .o. Rule FST Lexical Transducer (a single FST) Figure 6: Creation of a Lexical Transducer rule fsts that map from the strings in the lexicon to properly spelled surface strings.",0.4391220715457664,reference_40
"As we already mentioned in discussing the intermediate representation in Figure 14, the merge operation treats ordinary symbols in a partially filled template in the same manner as it treats unmatched class symbols.",0.4672290752288376,reference_186
"If the relation is finite-state, then it can be defined using the metalanguage of regular expressions; and, with a suitable compiler, the regular expression source code can be compiled into a finite-state transducer (fst), as shown in Figure 4, that implements the relation computationally.",0.4868613006778892,reference_28
"For example, the initial lexical representation of the surface forms katab, kutib, and duuris, may be represented as a concatenation of the three components shown in Figure 16.",0.41577756563500506,reference_179
"Finite-state morphology in the tradition of the Two-Level (Koskenniemi, 1983) and Xerox implementations (Karttunen, 1991; Karttunen, 1994; Beesley and Karttunen, 2000) has been very successful in implementing large-scale, robust and efficient morphological analyzergenerators for concatenative languages, includ ing the commercially important European languages and non-Indo-European examples like 1 I wish to thank Stuart Newton for this example.",0.4674900277231159,reference_7
"In the standard notation, the path in Figure 7 is labeled as b i g 0:g +Adj:0 0:e +Comp:r. Lexical transducers are more efficient for analysis and generation than the classical two- level systems (Koskenniemi, 1983) because the morphotactics and the morphological alternations have been precompiled and need not be consulted at runtime.",0.4790565962311384,reference_47
"In Arabic, for example, prefixes and suffixes attach to stems in the usual concatenative way, but stems themselves are formed by a process known informally as interdigitation; while in Malay, noun plurals are formed by a process known as full-stem reduplication.",0.4875756632794019,reference_57
"Regular-expression descriptions are compiled into finite-state automata or transducers (collectively called networks) as usual, and then the compiler is reapplied to its own output, producing a modified but still finite- state network.",0.5017228273749353,reference_14
"Finite-state morphology in the general tradition of the Two-Level and Xerox implementations has proved very successful in the production of robust morphological analyzer-generators, including many large-scale commercial systems.",0.4860982974598002,reference_0
"Although this pluralization process may appear concatenative, it does not involve concatenating a predictable pluralizing morpheme, but rather copying the preceding stem, whatever it may be and however long it may be.",0.5174581654705027,reference_87
"Until an opening delimiter ^[ is encountered, the algorithm constructs a copy of the path it is following.",0.5382806054523889,reference_63
"In work more directly related to the current solution, it was Kataja and Koskenniemi (1988) who first demonstrated that Semitic (Akkadian) roots and patterns5 could be formalized as regular languages, and that the non-concatenative interdigitation of stems could be elegantly formalized as the intersection of those regular languages.",0.5515824376264652,reference_118
"However, if the “base” language L is finite, we can construct a finite-state network that encodes L and the reduplications of all the strings in L. On the assumption that there are only a finite number of words subject to reduplication (no free compounding), it is possible to construct a lexical transducer for languages 3 In the standard orthography, such reduplicated words are written with a hyphen, e.g. bagibagi, that we will ignore for this example.",0.5526063193801287,reference_91
To introduce the merge operation into the Xerox regular expression calculus we need to choose an operator symbol.,0.39004128132414795,reference_162
"The next, and somewhat delicate, step is to replace the XX markers by the desired operators, intersection and reverse, and to wrap the special regular expression delimiters ^[ and ^] around the whole lexicon.",0.4019647596833784,reference_222
"a * a Figure 10: Networks Illustrating Steps 2 and 3 of the Compile-Replace Algorithm In this simple example, the upper language of the original network in Figure 8 is identical to the regular expression that is compiled and replaced.",0.4408315315025577,reference_79
"3.2.2 Merge The merge algorithm is a pattern-filling operation that combines two regular languages, a template and a filler, into a single one.",0.44129585385428616,reference_130
"To demonstrate the power of the compile- replace method, let us show how it can be applied to solve another “hard” problem: identifying and extracting all the palindromes from a lexicon.",0.4667520643967851,reference_210
"Figure 8: A Network with a Regular-Expression Substring on the Lower Side The application of the compile-replace algorithm to the lower side of the network eliminates the markers, compiles the regular expression a* and maps the upper side of the path to the language resulting from the compilation.",0.4787432254391243,reference_74
"This insight of Kataja and Koskenniemi was applied by Beesley in a large-scale morphological analyzer for Arabic, first using an implementation that simulated the intersection of stems in code at runtime (Beesley, 1989; Beesley et al., 1989; Beesley, 1990; Beesley, 1991), and ran rather slowly; and later, using Xerox finite-state technology (Beesley, 1996; Beesley, 1998a), a new implementation that intersected the stems at compile time and performed well at runtime.",0.6121330445728722,reference_122
"The source descriptions may also be written in higher-level notations (e.g. lexc (Karttunen, 1993), twolc (Karttunen and Beesley, 1992) and Replace Rules (Karttunen, 1995; Karttunen, 1996; Kempe and Karttunen, 1996)) that are simply helpful short- hands for regular expressions and that compile, using their dedicated compilers, into finite-state networks.",0.4350212320239016,reference_39
"Following the lines of Kataja and Koskenniemi (1988), we could define intermediate networks with regular-expression substrings that indicate the intersection of suitably encoded roots, templates, and vocalizations (for a formal description of what such regular-expression substrings would look like, see Beesley (1998c; 1998b)).",0.4803359255520366,reference_128
"It expects to find delimited regular expression substrings on a given side (upper or After the special treatment of the regular- expression path is finished, normal processing is resumed in the destination state of the closing ^] arc. For example, the result shown in Figure 9 represents the crossproduct of the two networks shown in Figure 10.",0.5207080195177244,reference_78
