ref,citation_30,reference_id
"For example, a major error in the baseline system is to move “X said” or “X asked” from the beginning of the Chinese input to the middle or end of the English trans Table 5: Weights learned for generating syntactic nodes of various types anywhere in the English translation.",0.7622454642891114,reference_151
"For our experiments, we used a 260 million word Chinese/English bitext.",0.8213759651002605,reference_105
"On the other hand, splitting at a period is a safe bet, and frees the model to use rules that dig deeper into NP and VP trees when constructing a top-level S. Table 5 shows weights for generated English nonterminals: SBAR-C nodes are rewarded and commas are punished.",0.8250704910506896,reference_148
"Bad single-level rewrites Sometimes the decoder uses questionable rules, for example: PP(x0:VBN x1:NP-C) ↔ x0 x1 This rule is learned from 62 cases in our training data, where the VBN is almost always the word given.",0.840358993474856,reference_76
Our syntax-based baseline includes the generative version of this model already.,0.8475142440365105,reference_98
