ref,citation_21,reference_id
There is no guarantee that the interaction of the rule probabilities and the language model provides the best way to manage this risk.,0.4477783885385548,reference_86
"We run 20 of these learners in parallel, and when training is finished, the weight vectors from all iterations of all learners are averaged together.",0.4951649797764803,reference_66
"Following previous work in statistical MT (Brown et al., 1993), we envision a noisy-channel model in which a language model generates English, and then a translation model transforms English trees into Chinese.",0.5013727094347722,reference_35
Inserting the outside Table 4: Weights learned for employing rules whose English sides are rooted at particular syntactic categories.,0.5181326832123665,reference_142
The results (Table 1) show significant improvements in both systems ( p < 0.01) over already very strong MERT baselines.,0.5197918530077247,reference_128
