ref,citation_6,reference_id
"Our results add to a growing body of evidence (Watanabe et al., 2007; Chiang et al., 2008) that MIRA is preferable to MERT across languages and systems, even for very large-scale tasks.",0.4805843080576913,reference_13
"From this data, we use the the GHKM minimal-rule extraction algorithm of (Galley et al., 2004) to yield rules like: NP-C(x0:NPB PP(IN(of x1:NPB)) ↔ x1 de x0 Though this rule can be used in either direction, here we use it right-to-left (Chinese to English).",0.5210995119657154,reference_38
Inserting the outside Table 4: Weights learned for employing rules whose English sides are rooted at particular syntactic categories.,0.5320795260348978,reference_142
"We can directly attack this problem by adding features counti that reward or punish rules seen i times, or features count[i, j] for rules seen between i and j times.",0.5507091533244999,reference_71
We therefore add a count feature for each of the 109 (non-split) English nonterminal symbols.,0.5544003090882474,reference_81
