ref,citation_16,reference_id
"For efficient decoding with integrated n-gram language models, all transducer rules must be binarized into rules that contain at most two variables and can be incrementally scored by the language model (Zhang et al., 2006).",0.3620402787381714,reference_44
"To get more general translation rules, we restructure our English training trees using expectation- maximization (Wang et al., 2007), and to get more specific translation rules, we relabel the trees with up to 4 specialized versions of each nonterminal symbol, again using expectation-maximization and the split/merge technique of Petrov et al.",0.3842397187151192,reference_47
"For Hiero, rules with up to two nonterminals were extracted from a 38 million word subset and phrasal rules were extracted from the remainder of the training data.",0.3894256865602269,reference_116
We therefore add a count feature for each of the 109 (non-split) English nonterminal symbols.,0.39592763889878,reference_81
Syntax-based rule extraction was performed on a 65 million word subset of the training data.,0.4249760165927494,reference_115
