ref,citation_12,reference_id
"Following previous work in statistical MT (Brown et al., 1993), we envision a noisy-channel model in which a language model generates English, and then a translation model transforms English trees into Chinese.",0.584309321213085,reference_35
"We ran GIZA++ on the entire bitext to produce IBM Model 4 word alignments, and then the link deletion algorithm (Fossum et al., 2008) to yield better-quality alignments.",0.6484497282588376,reference_106
"To get more general translation rules, we restructure our English training trees using expectation- maximization (Wang et al., 2007), and to get more specific translation rules, we relabel the trees with up to 4 specialized versions of each nonterminal symbol, again using expectation-maximization and the split/merge technique of Petrov et al.",0.649185719819069,reference_47
We therefore add a count feature for each of the 109 (non-split) English nonterminal symbols.,0.6543792400736341,reference_81
"Others have introduced alternative discriminative training methods (Tillmann and Zhang, 2006; Liang et al., 2006; Turian et al., 2007; Blunsom et al., 2008; Macherey et al., 2008), in which a recurring challenge is scal- ability: to train many features, we need many train 218 Human Language Technologies: The 2009 Annual Conference of the North American Chapter of the ACL, pages 218–226, Boulder, Colorado, June 2009.",0.6696959095216539,reference_20
