ref,citation_25,reference_id
"For example, a major error in the baseline system is to move “X said” or “X asked” from the beginning of the Chinese input to the middle or end of the English trans Table 5: Weights learned for generating syntactic nodes of various types anywhere in the English translation.",0.40556243304215306,reference_151
"To get more general translation rules, we restructure our English training trees using expectation- maximization (Wang et al., 2007), and to get more specific translation rules, we relabel the trees with up to 4 specialized versions of each nonterminal symbol, again using expectation-maximization and the split/merge technique of Petrov et al.",0.42933862341105455,reference_47
"Two of the features are n-gram language models, which require intersecting the synchronous CFG with finite-state automata representing the language models.",0.4402026523972085,reference_31
"Finally, we note that several of the features (the third- and eighth-ranked reward and twelfth- ranked penalty) shape the translation of shuo ‘said’, preferring translations with an overt complementizer that and without a comma.",0.4441964661152129,reference_167
"Scores on the tuning set were obtained from the 1-best output of the online learning algorithm, whereas scores on the test set were obtained using averaged weights.",0.4715506886128764,reference_174
