ref,citation_26,reference_id
"Scores on the tuning set were obtained from the 1-best output of the online learning algorithm, whereas scores on the test set were obtained using averaged weights.",0.3605568248164661,reference_174
"On the other hand, splitting at a period is a safe bet, and frees the model to use rules that dig deeper into NP and VP trees when constructing a top-level S. Table 5 shows weights for generated English nonterminals: SBAR-C nodes are rewarded and commas are punished.",0.3824514669840427,reference_148
Inserting the outside Table 4: Weights learned for employing rules whose English sides are rooted at particular syntactic categories.,0.38900146283710907,reference_142
"Insertion features Among the rules we extract from bilingual corpora are target-language insertion rules, which have a word on the English side, but no words on the source Chinese side.",0.4113174873058794,reference_83
"We also notice that the-insertion rules sometimes have a good effect, as in the translation “in the bloom of youth,” but other times have a bad effect, as in “people seek areas of the conspiracy.” Each time the decoder uses (or fails to use) an insertion rule, it incurs some risk.",0.4246724422305331,reference_85
