ref,citation_10,reference_id
"We add more than 250 features to improve a syntax- based MT system—already the highest-scoring single system in the NIST 2008 ChineseEnglish common-data track—by +1.1 B. We also add more than 10,000 features to Hiero (Chiang, 2005) and obtain a +1.5 B improvement.",0.4309534361618159,reference_8
"Others have introduced alternative discriminative training methods (Tillmann and Zhang, 2006; Liang et al., 2006; Turian et al., 2007; Blunsom et al., 2008; Macherey et al., 2008), in which a recurring challenge is scal- ability: to train many features, we need many train 218 Human Language Technologies: The 2009 Annual Conference of the North American Chapter of the ACL, pages 218–226, Boulder, Colorado, June 2009.",0.4313579731789515,reference_20
"(2007), but more in the spirit of features used in the word sense disambiguation model introduced by Lee and Ng (2002) and incorporated as a submodel of a translation system by Chan et al.",0.493554190152944,reference_103
"We chose a stopping iteration based on the B score on the tuning set, and used the averaged feature weights from all iter Syntax-based Hiero count weight count weight 1 +1.28 1 +2.23 2 +0.35 2 +0.77 3–5 −0.73 3 +0.54 6–10 −0.64 4 +0.29 5+ −0.02 Table 2: Weights learned for discount features.",0.5053872744313299,reference_125
6 40.6∗∗ Table 1: Adding new features with MIRA significantly improves translation accuracy.,0.5232826672037243,reference_111
