ref,citation_2,reference_id
"Others have introduced alternative discriminative training methods (Tillmann and Zhang, 2006; Liang et al., 2006; Turian et al., 2007; Blunsom et al., 2008; Macherey et al., 2008), in which a recurring challenge is scal- ability: to train many features, we need many train 218 Human Language Technologies: The 2009 Annual Conference of the North American Chapter of the ACL, pages 218–226, Boulder, Colorado, June 2009.",0.433309045181028,reference_20
"We incorporate all our new features into a linear model (Och and Ney, 2002) and train them using MIRA (Crammer et al., 2006), following previous work (Watanabe et al., 2007; Chiang et al., 2008).",0.443879102934876,reference_50
"We add more than 250 features to improve a syntax- based MT system—already the highest-scoring single system in the NIST 2008 ChineseEnglish common-data track—by +1.1 B. We also add more than 10,000 features to Hiero (Chiang, 2005) and obtain a +1.5 B improvement.",0.5137950384770936,reference_8
"These larger rules have been shown to substantially improve translation accuracy (Galley et al., 2006; DeNeefe et al., 2007).",0.5608767802499842,reference_25
The results (Table 1) show significant improvements in both systems ( p < 0.01) over already very strong MERT baselines.,0.5741419464684157,reference_128
