ref,citation_5,reference_id
"(2007), but more in the spirit of features used in the word sense disambiguation model introduced by Lee and Ng (2002) and incorporated as a submodel of a translation system by Chan et al.",0.4379275713968345,reference_103
"For efficient decoding with integrated n-gram language models, all transducer rules must be binarized into rules that contain at most two variables and can be incrementally scored by the language model (Zhang et al., 2006).",0.4420085994163454,reference_44
"Another line of research (Watanabe et al., 2007; Chiang et al., 2008) tries to squeeze as many features as possible from a relatively small dataset.",0.4809811899349515,reference_22
"Others have introduced alternative discriminative training methods (Tillmann and Zhang, 2006; Liang et al., 2006; Turian et al., 2007; Blunsom et al., 2008; Macherey et al., 2008), in which a recurring challenge is scal- ability: to train many features, we need many train 218 Human Language Technologies: The 2009 Annual Conference of the North American Chapter of the ACL, pages 218–226, Boulder, Colorado, June 2009.",0.4945380480520479,reference_20
"the syntax-based system, we ran a reimplementation of the Collins parser (Collins, 1997) on the English half of the bitext to produce parse trees, then restructured and relabeled them as described in Section 3.2.",0.4970654414273612,reference_114
