Index,Reference,Reference Text
0,D09-1025,"['We instantiate such relations instead of the classical is-a patterns since these have been shown to bring in too many false positives, see (Pantel and Pennacchiotti, 2006) for a discussion of such generic patterns.']"
1,D09-1025,"['Minimal supervision is used in the form of small sets of manually provided seed patterns or seed instances.', 'This approach is very common in both the NLP and Semantic Web communities (Cimiano and Staab, 2004; Cafarella et al., 2005; Pantel and Pennacchiotti, 2006; Pasca et al., 2006).']"
2,P09-1045,"['Typically algorithms are compared using one set of handpicked seeds for each category (Pennacchiotti and Pantel, 2006; McIntosh and Curran, 2008).']"
3,P09-1113,"['A third approach has been to use a very small number of seed instances or patterns to do bootstrap learning (Brin, 1998; Riloff and Jones, 1999; Agichtein and Gravano, 2000; Ravichandran and Hovy, 2002; Etzioni et al., 2005; Pennacchiotti and Pantel, 2006; Bunescu and Mooney, 2007; Rozenfeld and Feldman, 2008).']"
4,P170300_w06,"['To generalize the task, we first determine noun phrases in the data following the definition in (Pennacchiotti and Pantel 2006).']"
5,P846406_w06,"['In a completely separate stream of work, Pantel and Pennacchiotti investigated the extraction of axioms from the text using the statistical text harvesting paradigm.']"
6,P846406_w06,"['In (Pennacchiotti and Pantel, 2006; Pantel and Pennacchiotti, 2006) they report the results.']"
7,Pfram_w06,['Pennacchiotti and Pantel [32] describes a system called Espresso.']
8,Pfram_w06,['Pantel and Pennacchiotti [31] extends Espresso by treating patterns with high recall differently from patterns with high precision.']
9,Ponto_w06,"['As pointed out by Pennacchiotti and Pantel [6], most ontology extraction systems so far have focused on generalised is-a or part-of relationships.']"
10,Ponto_w06,"['Hearsts method has since then been followed by the most successful systems, such as the Espresso system proposed by Pennacchiotti and Pantel [6], based on bootstrapping.']"
11,PSS07_w06,"['Pennachiotti and Pantel developed a system that extracts the relations such as is-a, part-of, and succession from the Trec9 corpus and is-a, part-of, production, and reaction from a chemistry corpus (Pennacchiotti & Pantel 2006).']"
