<PAPER>
<S sid ="0" ssid = "0">A Bootstrapping Algorithm for Automatically Harvesting Semantic Relations</S>
	<ABSTRACT>
		<S sid ="1" ssid = "1">In this paper, we present Espresso, a weakly-supervised iterative algorithm combined with a web-based knowledge expansion technique, for extracting binary semantic relations.</S>
		<S sid ="2" ssid = "2">Given a small set of seed instances for a particular relation, the system learns lexical patterns, applies them to extract new instances, and then uses the Web to filter and expand the instances.</S>
		<S sid ="3" ssid = "3">Preliminary experiments show that Espresso extracts highly precise lists of a wide variety of semantic relations when compared with two state of the art systems.</S>
	</ABSTRACT>
	<SECTION title="Introduction" number = "1">
			<S sid ="4" ssid = "4">Recent attention to knowledge-rich problems such as question answering [18] and textual entailment [10] has encouraged Natural Language Processing (NLP) researchers to develop algorithms for automatically harvesting shallow semantic resources.</S>
			<S sid ="5" ssid = "5">With seemingly endless amounts of textual data at our disposal, we have a tremendous opportunity to automatically grow semantic term banks and ontological resources.</S>
			<S sid ="6" ssid = "6">Methods must be accurate, adaptable and scalable to the varying sizes of domain corpora (e.g., textbooks vs. World Wide Web), and independent or weakly dependent on human supervision.</S>
			<S sid ="7" ssid = "7">In this paper we present Espresso, a novel bootstrapping algorithm for automatically harvesting semantic relations, aiming at effectively supporting NLP applications, emphasizing two major points that have been partially neglected by previous systems: generality and weak supervision.</S>
			<S sid ="8" ssid = "8">From the one side, Espresso is intended as a general-purpose system able to extract a wide variety of binary semantic relations, from the classical is-a and part-of relations, to more specific and domain oriented ones like chemical reactants in a chemistry domain and position succession in political texts.</S>
			<S sid ="9" ssid = "9">The system architecture is designed with generality in mind, avoiding any relation-specific inference technique.</S>
			<S sid ="10" ssid = "10">Indeed, for each semantic relation, the system builds specific lexical patterns inferred from textual corpora.</S>
			<S sid ="11" ssid = "11">From the other side, Espresso requires only weak human supervision.</S>
			<S sid ="12" ssid = "12">In order to start the extraction process, a user provides only a small set of seed instances of a target relation (e.g. Italy-country and Canada-country for the is-a relation.)</S>
			<S sid ="13" ssid = "13">In our experience, a handful of seed instances, in general, is sufficient for large corpora while for smaller corpora, a slightly larger set is required.</S>
			<S sid ="14" ssid = "14">To guarantee weakest supervision, Espresso combines its bootstrapping approach with a web-based knowledge expansion technique and linguistic analysis, exploiting the seeds as much as possible.</S>
	</SECTION>
	<SECTION title="Relevant Work. " number = "2">
			<S sid ="15" ssid = "1">To date, most research on lexical relation harvesting has focused on is-a and part-of relations.</S>
			<S sid ="16" ssid = "2">Approaches fall into two main categories: pattern- and clustering-based.</S>
			<S sid ="17" ssid = "3">Most common are pattern-based approaches.</S>
			<S sid ="18" ssid = "4">Hearst [12] pioneered using patterns to extract hyponym (is-a) relations.</S>
			<S sid ="19" ssid = "5">Manually building three lexico-syntactic patterns, Hearst sketched a bootstrapping algorithm to learn more patterns from instances, which has served as the model for most subsequent pattern-based algorithms.</S>
			<S sid ="20" ssid = "6">Berland and Charniak [1] propose a system for part-of relation extraction, based on the Hearst approach [12].</S>
			<S sid ="21" ssid = "7">Seed instances are used to infer linguistic patterns that, in turn, are used to extract new instances, ranked according to various statistical measures.</S>
			<S sid ="22" ssid = "8">While this study introduces statistical measures to evaluate instance reliability, it remains vulnerable to data sparseness and has the limitation of taking into consideration only one-word terms.</S>
			<S sid ="23" ssid = "9">Improving upon Berland and Charniak [1], Girju et al. [11] employ machine learning algorithms and WordNet [8] to disambiguate part-of generic patterns, like [whole-NP’s part- NP].</S>
			<S sid ="24" ssid = "10">This study is the first extensive attempt to solve the problem of generic relational patterns, that is, those expressive patterns that have high recall while suffering low precision, as they subsume a large set of instances.</S>
			<S sid ="25" ssid = "11">In order to discard incorrect instances, Girju et al. learn WordNet-based selectional restrictions, like [whole-NP(scene#4)’s part-NP(movie#1)].</S>
			<S sid ="26" ssid = "12">While making huge grounds on improving precision/recall, the system requires heavy supervision through manual semantic annotations.</S>
			<S sid ="27" ssid = "13">Ravichandran and Hovy [20] focus on efficiency issues for scaling relation extraction to terabytes of data.</S>
			<S sid ="28" ssid = "14">A simple and effective algorithm is proposed to infer surface patterns from a small set of instance seeds by extracting all substrings relating seeds in corpus sentences.</S>
			<S sid ="29" ssid = "15">The frequencies of the substrings in the corpus are then used to retain the best patterns.</S>
			<S sid ="30" ssid = "16">The approach gives good results on specific relations such as birthdates, however it has low precision on generic ones like is-a and part-of.</S>
			<S sid ="31" ssid = "17">Pantel et al. [17] proposed a similar, highly scalable approach, based on an edit-distance technique, to learn lexicoPOS patterns, showing both good performances and efficiency.</S>
			<S sid ="32" ssid = "18">Espresso uses a similar approach to infer patterns, but we then apply refining techniques to deal with various types of relations.</S>
			<S sid ="33" ssid = "19">Other pattern-based algorithms include Riloff and Shepherd [21], who used a semiautomatic method for discovering similar words using a few seed examples by using pattern-based techniques and human supervision, KnowItAll [7] that performs large-scale extraction of facts from the Web, Mann [15] and Fleischman et al. [9] who used part of speech patterns to extract a subset of is-a relations involving proper nouns, and Downey et al. [6] who formalized the problem of relation extraction in a coherent and effective combinatorial model that is shown to outperform previous probabilistic frameworks.</S>
			<S sid ="34" ssid = "20">Clustering approaches to relation extraction are less common and have insofar been applied only to is-a extraction.</S>
			<S sid ="35" ssid = "21">These methods employ clustering algorithms to group words according to their meanings in text, label the clusters using its members’ lexical or syntactic dependencies, and then extract an is-a relation between each cluster member and the cluster label.</S>
			<S sid ="36" ssid = "22">Caraballo [3] proposed the first attempt, which used conjunction and apposition features to build noun clusters.</S>
			<S sid ="37" ssid = "23">Recently, Pantel and Ravichandran [16] extended this approach by making use of all syntactic dependency features for each noun.</S>
			<S sid ="38" ssid = "24">The advantage of clustering approaches is that they permit algorithms to identify is-a relations that do not explicitly appear in text, however they generally fail to produce coherent clusters from fewer than 100 million words; hence they are unreliable for small corpora.</S>
	</SECTION>
	<SECTION title="The Espresso Algorithm. " number = "3">
			<S sid ="39" ssid = "1">The Espresso algorithm is based on a similar framework to the one adopted in [12].</S>
			<S sid ="40" ssid = "2">For a specific semantic binary relation (e.g., is-a), the algorithm requires as input a small set of seed instances Is and a corpus C. An instance is a pair of terms x and y governed by the relation at hand (e.g., Pablo Picasso is-a artist).</S>
			<S sid ="41" ssid = "3">Starting from these seeds, the algorithm begins a four-phase loop.</S>
			<S sid ="42" ssid = "4">In the first phase, the algorithm infers a set of patterns P that captures as many of the seed instances as possible in C. In the second phase, we define a reliability measure to select the best set of patterns P&apos;⊆P. In phase three, the patterns in P&apos; are used to extract a set of instances I. Finally, in phase four, Espresso scores each instance and then selects the best instances I&apos; as input seeds for the next iteration.</S>
			<S sid ="43" ssid = "5">The algorithm terminates when a predefined stopping condition is met (for our preliminary experiments, the stopping condition is set according to the size of the corpus).</S>
			<S sid ="44" ssid = "6">For each induced pattern p and instance i, the information theoretic scores, rπ(p) and rι(i) respectively, aim to express their reliability.</S>
			<S sid ="45" ssid = "7">Below, Sections 3.2–3.5 describe in detail these different phases of Espresso.</S>
			<S sid ="46" ssid = "8">3.1.</S>
			<S sid ="47" ssid = "9">Term definition.</S>
			<S sid ="48" ssid = "10">Before one can extract relation instances from a corpus, it is necessary to define a tokenization procedure for extracting terms.</S>
			<S sid ="49" ssid = "11">Terms are commonly defined as surface representations of stable and key domain concepts [19].</S>
			<S sid ="50" ssid = "12">Defining regular expressions over POS-tagged corpora is the most commonly used technique to both define and extract terms.</S>
			<S sid ="51" ssid = "13">We adopt a slightly modified version of the term definition given in [13], as it is one of the most commonly used in the literature: ((Adj|Noun)+|((Adj|Noun)*(NounPrep)?)(Adj|Noun)*)Noun We operationally extend the definition of Adj to include present and past participles as most noun phrases composed of them are usually intended as terms (e.g., boiling point).</S>
			<S sid ="52" ssid = "14">Thus, unlike many approaches for automatic relation extraction, we allow complex multi-word terms as anchor points.</S>
			<S sid ="53" ssid = "15">Hence, we can capture relations between complex terms, such as “record of a criminal conviction” part-of “FBI report”.</S>
			<S sid ="54" ssid = "16">3.2.</S>
			<S sid ="55" ssid = "17">Phase 1: Pattern discovery.</S>
			<S sid ="56" ssid = "18">The pattern discovery phase takes as input a set of instances I&apos; and produces as output a set of lexical patterns P. For the first iteration I&apos; = Is, the set of initial seeds.</S>
			<S sid ="57" ssid = "19">In order to induce P, we apply a slight modification to the approach presented in [20].</S>
			<S sid ="58" ssid = "20">For each input instance i = {x, y}, we first retrieve all sentences Sx,y containing the two terms x and y. Sentences are then generalized into a set of new sentences SGx,y by replacing all terminological expressions by a terminological label (TR).</S>
			<S sid ="59" ssid = "21">For example: “Because/IN HF/NNP is/VBZ a/DT weak/JJ acid/NN and/CC x is/VBZ a/DT y” is generalized as: “Because/IN TR is/VBZ a/DT TR and/CC x is/VBZ a/DT y” All substrings linking terms x and y are then extracted from the set SGx,y, and overall frequencies are computed.</S>
			<S sid ="60" ssid = "22">The most frequent substrings then represent the set of new patterns P, where the frequency cutoff is experimentally set.</S>
			<S sid ="61" ssid = "23">Term generalization is particularly useful for small corpora, where generalization is vital to ease the data sparseness.</S>
			<S sid ="62" ssid = "24">However, the generalized patterns are naturally less precise.</S>
			<S sid ="63" ssid = "25">Hence, when dealing with bigger corpora, the system allows the use of Sx,y∪SGx,y in order to extract substrings.</S>
			<S sid ="64" ssid = "26">For our experiments, we used the set SGx,y . 3.3.</S>
			<S sid ="65" ssid = "27">Phase 2: Pattern filtering.</S>
			<S sid ="66" ssid = "28">In this phase, Espresso selects among the patterns P those that are most reliable.</S>
			<S sid ="67" ssid = "29">Intuitively, a reliable pattern is one that is both highly precise and one that extracts many instances.</S>
			<S sid ="68" ssid = "30">The recall of a pattern p can be approximated by the fraction of input instances in I&apos; that are extracted by p. Since it is difficult at run-time to estimate the precision of a pattern, we are weary of keeping patterns that generate many instances (i.e., patterns that generate high recall but potentially disastrous precision).</S>
			<S sid ="69" ssid = "31">We thus prefer patterns that are highly associated with the input patterns I&apos;.</S>
			<S sid ="70" ssid = "32">Pointwise mutual information [4] is a commonly used metric for measuring the strength of association between two events x and y: pmi(x, y ) = log P(x, y ) P(x)P(y ) We define the reliability of a pattern p, rπ(p), as its average strength of association across each input instance i in I&apos;, weighted by the reliability of each instance i: ⎛ ⎞ ∑⎜ pmi(i, p) ∗ r (i )⎟ ⎜ r ( p ) = i∈I ′ ⎝ max ι ⎟ pmi ⎠ π I ′ where rι(i) is the reliability of instance i (defined in Section 3.5) and maxpmi is the maximum pointwise mutual information between all patterns and all instances.</S>
			<S sid ="71" ssid = "33">rπ(p) ranges from [0,1].</S>
			<S sid ="72" ssid = "34">The reliability of the manually supplied seed instances are rι(i) = 1.</S>
			<S sid ="73" ssid = "35">The pointwise mutual information between instance i = {x, y} and pattern p is estimated using the following formula: pmi(i, p) = log x, p, y x,*, y *, p,* where |x, p, y| is the frequency of pattern p instantiated with terms x and y and where the asterisk (*) represents a wildcard.</S>
			<S sid ="74" ssid = "36">A well-known problem is that pointwise mutual information is biased towards infrequent events.</S>
			<S sid ="75" ssid = "37">To address this, we multiply pmi(i, p) with the discounting factor suggested in [16].</S>
			<S sid ="76" ssid = "38">The set of highest n scoring patterns P&apos;, according to rπ(p), are then selected and retained for the next phase, where n is the number of patterns of the previous iteration incremented by 1.</S>
			<S sid ="77" ssid = "39">In general, we expect that the set of patterns is formed by those of the previous iteration plus a new one.</S>
			<S sid ="78" ssid = "40">Yet, new statistical evidence can lead the algorithm to discard a pattern that was previously discovered.</S>
			<S sid ="79" ssid = "41">Moreover, to further discourage too generic patterns that might have low precision, a threshold t is set for the number of instances that a pattern retrieves.</S>
			<S sid ="80" ssid = "42">Patterns firing more than t instances are then discarded, no matter what their score is. In this paper, we experimentally set t to a value dependent on the size of the corpus.</S>
			<S sid ="81" ssid = "43">In future work, this parameter can be learned using a development corpus.</S>
			<S sid ="82" ssid = "44">Our reliability measure ensures that overly generic patterns, which may potentially have very low precision, are discarded.</S>
			<S sid ="83" ssid = "45">However, we are currently exploring a web-expansion algorithm that could both help detect generic patterns and also filter out their incorrect instances.</S>
			<S sid ="84" ssid = "46">We estimate the precision of the instance set generated by a new pattern p by looking at the number of these instances that are instantiated on the Web by previously accepted patterns.</S>
			<S sid ="85" ssid = "47">Generic patterns will generate instances with higher Web counts than incorrect patterns.</S>
			<S sid ="86" ssid = "48">Then, the Web counts can also be used to filter out incorrect instances from the generic patterns’ instantiations.</S>
			<S sid ="87" ssid = "49">More details are discussed in Section 4.3.</S>
			<S sid ="88" ssid = "50">3.4.</S>
			<S sid ="89" ssid = "51">Phase 3: Instance discovery.</S>
			<S sid ="90" ssid = "52">In this phase, Espresso retrieves from the corpus the set of instances I that match any of the lexical patterns in P&apos;.</S>
			<S sid ="91" ssid = "53">In small corpora, the number of extracted instances can be too low to guarantee sufficient statistical evidence for the pattern discovery phase of the next iteration.</S>
			<S sid ="92" ssid = "54">In such cases, the system enters a web expansion phase, in which new instances for the given patterns are retrieved from the Web, using the Google search engine.</S>
			<S sid ="93" ssid = "55">Specifically, for each instance i∈ I, the system creates a set of queries, using each pattern in P&apos; with its y term instantiated with i’s y term.</S>
			<S sid ="94" ssid = "56">For example, given the instance “Italy ; country” and the pattern [Y such as X] , the resulting Google query will be “country such as *”.</S>
			<S sid ="95" ssid = "57">New instances are then created from the retrieved Web results (e.g. “Canada ; country”) and added to I. We are currently exploring filtering mechanisms to avoid retrieving too much noise.</S>
			<S sid ="96" ssid = "58">Moreover, to cope with data sparsity, a syntactic expansion phase is also carried out.</S>
			<S sid ="97" ssid = "59">A set of new instances is created for each instance i∈ I by extracting sub-terminological expressions from x corresponding to the syntactic head of terms.</S>
			<S sid ="98" ssid = "60">For example, expanding the relation “new record of a criminal conviction” part-of “FBI report”, the following new instances are obtained: “new record” part-of “FBI report”, and “record” part-of “FBI report”.</S>
			<S sid ="99" ssid = "61">3.5.</S>
			<S sid ="100" ssid = "62">Phase 4: Instance filtering.</S>
			<S sid ="101" ssid = "63">Estimating the reliability of an instance is similar to estimating the reliability of a pattern.</S>
			<S sid ="102" ssid = "64">Intuitively, a reliable instance is one that is highly associated with as many reliable patterns as possible (i.e., we have more confidence in an instance when multiple reliable patterns instantiate it.)</S>
			<S sid ="103" ssid = "65">Hence, analogous to our pattern reliability measure in Section 3.3, we define the reliability of an instance i, rι(i), as: ∑ pmi(i, p) ∗ r (p) r (i) = p∈P′ max pmi ι P′ where rπ(p) is the reliability of pattern p (defined in Section 3.3) and maxpmi is the maximum pointwise mutual information between all patterns and all instances, as in Section 3.3.</S>
			<S sid ="104" ssid = "66">Espresso finally selects the highest scoring m instances, I&apos;, and retains them as input for the subsequent iteration.</S>
			<S sid ="105" ssid = "67">In this paper, we experimentally set m = 200.</S>
	</SECTION>
	<SECTION title="Experimental Results. " number = "4">
			<S sid ="106" ssid = "1">4.1.</S>
			<S sid ="107" ssid = "2">Experimental Setup.</S>
			<S sid ="108" ssid = "3">In this section, we present a preliminary comparison of Espresso with two state of the art systems on the task of extracting various semantic relations.</S>
			<S sid ="109" ssid = "4">4.1.1.</S>
			<S sid ="110" ssid = "5">Datasets We perform our experiments using the following two datasets:  TREC9: This dataset consists of a sample of articles from the Aquaint (TREC9) newswire text collection.</S>
			<S sid ="111" ssid = "6">The sample consists of 5,951,432 words extracted from the following data files: AP890101 – AP890131, AP890201 – AP890228, and AP890310 – AP890319.</S>
			<S sid ="112" ssid = "7"> CHEM: This small dataset of 313,590 words consists of a college level textbook of introductory chemistry [2].</S>
			<S sid ="113" ssid = "8">We preprocess the corpora using the Alembic Workbench POStagger [5].</S>
			<S sid ="114" ssid = "9">4.1.2.</S>
			<S sid ="115" ssid = "10">Systems We compare the results of Espresso with the following two state of the art extraction systems:  RH02: This algorithm by Ravichandran and Hovy [20] learns lexical extraction patterns from a set of seed instances of a particular relation (see Section 2.)</S>
			<S sid ="116" ssid = "11"> PR04: This is-a extraction algorithm from Pantel and Ravichandran [16] first automatically induces concepts (clusters) from a raw corpus, names the concepts, and then extracts an is-a relation between each cluster member and its cluster label.</S>
			<S sid ="117" ssid = "12">For each cluster member, the system may generate multiple possible is-a relations, but in this evaluation we only keep the highest scoring one.</S>
			<S sid ="118" ssid = "13">To apply this algorithm, both datasets were first analyzed using the Minipar parser [14].</S>
			<S sid ="119" ssid = "14"> ESP: This is the algorithm described in this paper (details in Section 3).</S>
			<S sid ="120" ssid = "15">4.1.3.</S>
			<S sid ="121" ssid = "16">Semantic Relations Espresso is designed to extract various semantic relations exemplified by a given small set of seed instances.</S>
			<S sid ="122" ssid = "17">For our preliminary evaluation, we consider the standard is-a and part-of relations as well as three novel relations:  succession: This relation indicates that one proper noun succeeds another in a position or title.</S>
			<S sid ="123" ssid = "18">For example, George Bush succeeded Bill Clinton and Pope Benedict XVI succeeded Pope John Paul II.</S>
			<S sid ="124" ssid = "19">We evaluate this relation on the TREC9 corpus.</S>
			<S sid ="125" ssid = "20"> reaction: This relation occurs between chemical elements/molecules that can be combined in a chemical reaction.</S>
			<S sid ="126" ssid = "21">For example, hydrogen gas reacts-with oxygen gas and zinc reacts-with hydrochloric acid.</S>
			<S sid ="127" ssid = "22">We evaluate this relation on the CHEM corpus.</S>
			<S sid ="128" ssid = "23"> production: This relation occurs when a process or element/object produces a result.</S>
			<S sid ="129" ssid = "24">For example, ammonia produces nitric oxide.</S>
			<S sid ="130" ssid = "25">We evaluate this relation on the CHEM corpus.</S>
			<S sid ="131" ssid = "26">For each semantic relation, we manually extracted a set of seed examples.</S>
			<S sid ="132" ssid = "27">The seeds were used for both Espresso as well as RH021.</S>
			<S sid ="133" ssid = "28">Table 1 lists a sample of the seeds as well as sample outputs from Espresso.</S>
			<S sid ="134" ssid = "29">4.2.</S>
			<S sid ="135" ssid = "30">Precision and Recall.</S>
			<S sid ="136" ssid = "31">We implemented each of the three systems outlined in Section 4.1.2 and applied them to the TREC and CHEM datasets.</S>
			<S sid ="137" ssid = "32">For each output set, per relation, we evaluate the precision of the system by extracting a random sample of instances (50 for the TREC corpus and 20 for the 1 PR04 does not require any seeds..</S>
			<S sid ="138" ssid = "33">Table 1.</S>
			<S sid ="139" ssid = "34">Sample seeds used for each semantic relation and sample outputs from Espresso.</S>
			<S sid ="140" ssid = "35">The number in the parentheses for each relation denotes the total number of seeds.</S>
			<S sid ="141" ssid = "36">E CHEM corpus) and evaluating their quality manually using one human judge2.</S>
			<S sid ="142" ssid = "37">For each instance, the judge may assign a score of 1 for correct, 0 for incorrect, and ½ for partially correct.</S>
			<S sid ="143" ssid = "38">Example instances that were judged partially correct include “analyst is-a manager” and “pilot is-a teacher”.</S>
			<S sid ="144" ssid = "39">The precision for a given set of relation instances is the sum of the judge’s scores divided by the number of instances.</S>
			<S sid ="145" ssid = "40">Although knowing the total number of instances of a particular relation in any nontrivial corpus is impossible, it is possible to compute the recall of a system relative to another system’s recall.</S>
			<S sid ="146" ssid = "41">The recall of a system A, RA, is given by the following formula: C R A = C where CA is the number of correct instances of a particular relation extracted by A and C is the total number of correct instances in the corpus.</S>
			<S sid ="147" ssid = "42">Following [17], we define the relative recall of system A given system B, RA|B, as: RA|B = RA = C A P × A = A RB CB PB × B Using the precision estimates, PA, from our precision experiments, we can estimate CA ≈ PA × |A|, where A is the total number of instances of a particular relation discovered by system A. 2 In future work, we will perform this evaluation using multiple judges in order to obtain confidence bounds and.</S>
			<S sid ="148" ssid = "43">agreement scores.</S>
			<S sid ="149" ssid = "44">Table 2.</S>
			<S sid ="150" ssid = "45">System performance on the is-a relation on the TREC9 dataset.</S>
			<S sid ="151" ssid = "46">Table 3.</S>
			<S sid ="152" ssid = "47">System performance on the is-a relation on the CHEM dataset.</S>
			<S sid ="153" ssid = "48">SYS TE M IN ST AN CE S PR EC ISI ON * RE L RE CA LL† SYS TE M IN ST AN CE S PR EC ISI ON * RE L RE CA LL† RH 02 5 7 , 5 2 5 2 8 . 0 % 5 . 3 1 RH 02 2 5 5 6 2 5 . 0 % 3 . 7 6 PR 04 1 , 5 0 4 4 7 . 0 % 0 . 2 3 PR 04 1 0 8 4 0 . 0 % 0 . 2 5 ES P 4 , 1 5 4 7 3 . 0 % 1 . 0 0 ES P 2 0 0 8 5 . 0 % 1 . 0 0 * Precision estimated from 50 randomly sampled instances.</S>
			<S sid ="154" ssid = "49">† Relative recall is given in relation to ESP. * Precision estimated from 20 randomly sampled instances.</S>
			<S sid ="155" ssid = "50">† Relative recall is given in relation to ESP. Table 4.</S>
			<S sid ="156" ssid = "51">System performance on the part-of relation on the TREC9 dataset.</S>
			<S sid ="157" ssid = "52">Table 5.</S>
			<S sid ="158" ssid = "53">System performance on the part-of relation on the CHEM dataset.</S>
			<S sid ="159" ssid = "54">SYS TE M IN ST AN CE S PR EC ISI ON * RE L RE CA LL† SYS TE M IN ST AN CE S PR EC ISI ON * RE L RE CA LL† RH 02 1 2 , 8 2 8 3 5 . 0 % 4 2 . 5 2 RH 02 1 1 , 5 8 2 3 3 . 8 % 5 8 . 7 8 ES P 1 3 2 8 0 . 0 % 1 . 0 0 ES P 1 1 1 6 0 . 0 % 1 . 0 0 * Precision estimated from 50 randomly sampled instances.</S>
			<S sid ="160" ssid = "55">† Relative recall is given in relation to ESP. * Precision estimated from 20 randomly sampled instances.</S>
			<S sid ="161" ssid = "56">† Relative recall is given in relation to ESP. Table 6.</S>
			<S sid ="162" ssid = "57">System performance on the succession relation on the TREC9 dataset.</S>
			<S sid ="163" ssid = "58">Table 7.</S>
			<S sid ="164" ssid = "59">System performance on the reaction relation on the CHEM dataset.</S>
			<S sid ="165" ssid = "60">SYS TE M IN ST AN CE S PR EC ISI ON * RE L RE CA LL† SYS TE M IN ST AN CE S PR EC ISI ON * RE L RE CA LL† RH 02 4 9 , 7 9 8 2 . 0 % 3 6 . 9 6 RH 02 6 , 0 8 3 3 0 % 5 3 . 6 7 ES P 5 5 4 9 . 0 % 1 . 0 0 ES P 4 0 8 5 % 1 . 0 0 * Precision estimated from 50 randomly sampled instances.</S>
			<S sid ="166" ssid = "61">† Relative recall is given in relation to ESP. * Precision estimated from 20 randomly sampled instances.</S>
			<S sid ="167" ssid = "62">† Relative recall is given in relation to ESP. Tables 2 – 8 reports the total number of instances, precision, and relative recall of each system on the TREC9 and CHEM corpora.</S>
			<S sid ="168" ssid = "63">The relative recall is always given in relation to the Espresso system.</S>
			<S sid ="169" ssid = "64">For example, in Table 2, RH02 has a relative recall of 5.31 with Espresso, which means that the RH02 system output 5.31 times more correct relations than Espresso (at a cost of much Table 8.</S>
			<S sid ="170" ssid = "65">System performance on the production relation on the CHEM dataset.</S>
			<S sid ="171" ssid = "66">SYSTEM INSTANCES PRECISION* REL RECALL† RH02 197 57.5% 0.80 ESP 196 72.5% 1.00 * Precision estimated from 20 randomly sampled instances.</S>
			<S sid ="172" ssid = "67">† Relative recall is given in relation to ESP. lower precision).</S>
			<S sid ="173" ssid = "68">Similarly, PR04 has a relative recall of 0.23 with Espresso, which means that PR04 outputs 4.35 fewer correct relations than Espresso (also with a smaller precision).</S>
			<S sid ="174" ssid = "69">4.3.</S>
			<S sid ="175" ssid = "70">Discussion.</S>
			<S sid ="176" ssid = "71">Experimental results, for all relations and the two different corpus sizes, show that Espresso greatly outperforms the other two methods on precision.</S>
			<S sid ="177" ssid = "72">However, Espresso fails to match the recall level of RH02 in all but the experiment on the production relation.</S>
			<S sid ="178" ssid = "73">Indeed, the filtering of unreliable patterns and instances during the bootstrapping algorithm not only discards the patterns that are unrelated to the actual relation, but also patterns that are too generic and ambiguous – hence resulting in a loss of recall.</S>
			<S sid ="179" ssid = "74">As underlined in Section 3.2, the ambiguity of generic patterns often introduces much noise in the system (e.g, the pattern [X of Y] can ambiguously refer to a part-of, is-a or possession relation).</S>
			<S sid ="180" ssid = "75">However, generic patterns, while having low precision, yield a high recall, as also reported by [11].</S>
			<S sid ="181" ssid = "76">We ran an experiment on the reaction relation, retaining the generic patterns produced during Espresso’s selection process.</S>
			<S sid ="182" ssid = "77">As expected, we obtained 1923 instances instead of the 40 reported in Table 7, but precision dropped from 85% to 30%.</S>
			<S sid ="183" ssid = "78">The challenge, then, is to harness the expressive power of the generic patterns whilst maintaining the precision of Espresso.</S>
			<S sid ="184" ssid = "79">We propose the following solution that helps both in distinguishing generic patterns from incorrect patterns and also in filtering incorrect instances produced by generic patterns.</S>
			<S sid ="185" ssid = "80">Unlike Girju et al. [11] that propose a highly supervised machine learning approach based on selectional restriction, ours is an unsupervised method based on statistical evidence obtained from the Web.</S>
			<S sid ="186" ssid = "81">At a given iteration in Espresso, the intuition behind our solution is that the Web is large enough that correct instances will be instantiated by many of the currently accepted patterns P. Hence, we can distinguish between generic patterns and incorrect patterns by inspecting the relative frequency distribution of their instances using the patterns in P. More formally, given an instance i produced by a generic or incorrect pattern, we count how many times i instantiates on the Web with every pattern in P, using Google.</S>
			<S sid ="187" ssid = "82">The instance i is then considered correct if its web count surpasses a given threshold.</S>
			<S sid ="188" ssid = "83">The pattern in question is accepted as a generic pattern if a sufficient number of its instances are considered correct, otherwise it is rejected as an incorrect pattern.</S>
			<S sid ="189" ssid = "84">Although our results in Section 4.2 do not include this algorithm, we performed a small experiment by adding an a-posteriori generic pattern recovery phase to Espresso.</S>
			<S sid ="190" ssid = "85">We tested the 7,634 instances extracted by the generic pattern [X of Y] on the CHEM corpus for the part-of relation.</S>
			<S sid ="191" ssid = "86">We randomly sample 200 of these instances and then queried Google for these instances using the pattern [X consists of Y].</S>
			<S sid ="192" ssid = "87">Manual evaluation of the 25 instances that occurred at least once on Google showed 50% precision.</S>
			<S sid ="193" ssid = "88">Adding these instances to the results from Table 5 decreases the system precision from 60% to 51%, but dramatically increases Espresso’s recall by a factor of 8.16.</S>
			<S sid ="194" ssid = "89">Furthermore, it is important to note that there are several other generic patterns, like [X’s Y], from which we expect a similar precision of 50% with a continual increase of recall.</S>
			<S sid ="195" ssid = "90">This is a very exciting avenue of further investigation.</S>
	</SECTION>
	<SECTION title="Conclusions. " number = "5">
			<S sid ="196" ssid = "1">We proposed a weakly supervised bootstrapping algorithm, called Espresso, for automatically extracting a wide variety of binary semantic relations from raw text.</S>
			<S sid ="197" ssid = "2">Given a small set of seed instances for a particular relation, the system learns reliable lexical patterns, applies them to extract new instances ranked by an information theoretic definition of reliability, and then uses the Web to filter and expand the instances.</S>
			<S sid ="198" ssid = "3">There are many avenues of future work.</S>
			<S sid ="199" ssid = "4">Preliminary results show that Espresso generates highly precise relations, but at the expense of lower recall.</S>
			<S sid ="200" ssid = "5">As mentioned above in Section 4.3, we are working on improving system recall with a web-based method to identify generic patterns and filter their instances.</S>
			<S sid ="201" ssid = "6">Early results appear very promising.</S>
			<S sid ="202" ssid = "7">We also plan to investigate the use of WordNet selectional constraints, as proposed by [11].</S>
			<S sid ="203" ssid = "8">We expect here that negative instances will play a key role in determining the selectional restriction on generic patterns.</S>
			<S sid ="204" ssid = "9">Espresso is the first system, to our knowledge, to emphasize both minimal supervision and generality, both in identification of a wide variety of relations and in extensibility to various corpus sizes.</S>
			<S sid ="205" ssid = "10">It remains to be seen whether one could enrich existing ontologies with relations harvested by Espresso, and if these relations can benefit NLP applications such as QA.</S>
	</SECTION>
	<SECTION title="Acknowledgements">
			<S sid ="206" ssid = "11">The authors wish to thank the reviewers for their helpful comments and Andrew Philpot for evaluating the outputs of the systems.</S>
	</SECTION>
</PAPER>
