Index,Reference,Reference Text
0,ABSTRACT,"In this paper, we present Espresso, a weakly-supervised iterative algorithm combined with a web-based knowledge expansion technique, for extracting binary semantic relations."
1,ABSTRACT,"Given a small set of seed instances for a particular relation, the system learns lexical patterns, applies them to extract new instances, and then uses the Web to filter and expand the instances."
2,ABSTRACT,Preliminary experiments show that Espresso extracts highly precise lists of a wide variety of semantic relations when compared with two state of the art systems.
3,Introduction,Recent attention to knowledge-rich problems such as question answering [18] and textual entailment [10] has encouraged Natural Language Processing (NLP) researchers to develop algorithms for automatically harvesting shallow semantic resources.
4,Introduction,"With seemingly endless amounts of textual data at our disposal, we have a tremendous opportunity to automatically grow semantic term banks and ontological resources."
5,Introduction,"Methods must be accurate, adaptable and scalable to the varying sizes of domain corpora (e.g., textbooks vs. World Wide Web), and independent or weakly dependent on human supervision."
6,Introduction,"In this paper we present Espresso, a novel bootstrapping algorithm for automatically harvesting semantic relations, aiming at effectively supporting NLP applications, emphasizing two major points that have been partially neglected by previous systems: generality and weak supervision."
7,Introduction,"From the one side, Espresso is intended as a general-purpose system able to extract a wide variety of binary semantic relations, from the classical is-a and part-of relations, to more specific and domain oriented ones like chemical reactants in a chemistry domain and position succession in political texts."
8,Introduction,"The system architecture is designed with generality in mind, avoiding any relation-specific inference technique."
9,Introduction,"Indeed, for each semantic relation, the system builds specific lexical patterns inferred from textual corpora."
10,Introduction,"From the other side, Espresso requires only weak human supervision."
11,Introduction,"In order to start the extraction process, a user provides only a small set of seed instances of a target relation (e.g. Italy-country and Canada-country for the is-a relation.)"
12,Introduction,"In our experience, a handful of seed instances, in general, is sufficient for large corpora while for smaller corpora, a slightly larger set is required."
13,Introduction,"To guarantee weakest supervision, Espresso combines its bootstrapping approach with a web-based knowledge expansion technique and linguistic analysis, exploiting the seeds as much as possible."
14,Relevant Work. ,"To date, most research on lexical relation harvesting has focused on is-a and part-of relations."
15,Relevant Work. ,Approaches fall into two main categories: pattern- and clustering-based.
16,Relevant Work. ,Most common are pattern-based approaches.
17,Relevant Work. ,Hearst [12] pioneered using patterns to extract hyponym (is-a) relations.
18,Relevant Work. ,"Manually building three lexico-syntactic patterns, Hearst sketched a bootstrapping algorithm to learn more patterns from instances, which has served as the model for most subsequent pattern-based algorithms."
19,Relevant Work. ,"Berland and Charniak [1] propose a system for part-of relation extraction, based on the Hearst approach [12]."
20,Relevant Work. ,"Seed instances are used to infer linguistic patterns that, in turn, are used to extract new instances, ranked according to various statistical measures."
21,Relevant Work. ,"While this study introduces statistical measures to evaluate instance reliability, it remains vulnerable to data sparseness and has the limitation of taking into consideration only one-word terms."
22,Relevant Work. ,"Improving upon Berland and Charniak [1], Girju et al. [11] employ machine learning algorithms and WordNet [8] to disambiguate part-of generic patterns, like [whole-NP’s part- NP]."
23,Relevant Work. ,"This study is the first extensive attempt to solve the problem of generic relational patterns, that is, those expressive patterns that have high recall while suffering low precision, as they subsume a large set of instances."
24,Relevant Work. ,"In order to discard incorrect instances, Girju et al. learn WordNet-based selectional restrictions, like [whole-NP(scene#4)’s part-NP(movie#1)]."
25,Relevant Work. ,"While making huge grounds on improving precision/recall, the system requires heavy supervision through manual semantic annotations."
26,Relevant Work. ,Ravichandran and Hovy [20] focus on efficiency issues for scaling relation extraction to terabytes of data.
27,Relevant Work. ,A simple and effective algorithm is proposed to infer surface patterns from a small set of instance seeds by extracting all substrings relating seeds in corpus sentences.
28,Relevant Work. ,The frequencies of the substrings in the corpus are then used to retain the best patterns.
29,Relevant Work. ,"The approach gives good results on specific relations such as birthdates, however it has low precision on generic ones like is-a and part-of."
30,Relevant Work. ,"Pantel et al. [17] proposed a similar, highly scalable approach, based on an edit-distance technique, to learn lexicoPOS patterns, showing both good performances and efficiency."
31,Relevant Work. ,"Espresso uses a similar approach to infer patterns, but we then apply refining techniques to deal with various types of relations."
32,Relevant Work. ,"Other pattern-based algorithms include Riloff and Shepherd [21], who used a semiautomatic method for discovering similar words using a few seed examples by using pattern-based techniques and human supervision, KnowItAll [7] that performs large-scale extraction of facts from the Web, Mann [15] and Fleischman et al. [9] who used part of speech patterns to extract a subset of is-a relations involving proper nouns, and Downey et al. [6] who formalized the problem of relation extraction in a coherent and effective combinatorial model that is shown to outperform previous probabilistic frameworks."
33,Relevant Work. ,Clustering approaches to relation extraction are less common and have insofar been applied only to is-a extraction.
34,Relevant Work. ,"These methods employ clustering algorithms to group words according to their meanings in text, label the clusters using its members’ lexical or syntactic dependencies, and then extract an is-a relation between each cluster member and the cluster label."
35,Relevant Work. ,"Caraballo [3] proposed the first attempt, which used conjunction and apposition features to build noun clusters."
36,Relevant Work. ,"Recently, Pantel and Ravichandran [16] extended this approach by making use of all syntactic dependency features for each noun."
37,Relevant Work. ,"The advantage of clustering approaches is that they permit algorithms to identify is-a relations that do not explicitly appear in text, however they generally fail to produce coherent clusters from fewer than 100 million words; hence they are unreliable for small corpora."
38,The Espresso Algorithm. ,The Espresso algorithm is based on a similar framework to the one adopted in [12].
39,The Espresso Algorithm. ,"For a specific semantic binary relation (e.g., is-a), the algorithm requires as input a small set of seed instances Is and a corpus C. An instance is a pair of terms x and y governed by the relation at hand (e.g., Pablo Picasso is-a artist)."
40,The Espresso Algorithm. ,"Starting from these seeds, the algorithm begins a four-phase loop."
41,The Espresso Algorithm. ,"In the first phase, the algorithm infers a set of patterns P that captures as many of the seed instances as possible in C. In the second phase, we define a reliability measure to select the best set of patterns P'⊆P. In phase three, the patterns in P' are used to extract a set of instances I. Finally, in phase four, Espresso scores each instance and then selects the best instances I' as input seeds for the next iteration."
42,The Espresso Algorithm. ,"The algorithm terminates when a predefined stopping condition is met (for our preliminary experiments, the stopping condition is set according to the size of the corpus)."
43,The Espresso Algorithm. ,"For each induced pattern p and instance i, the information theoretic scores, rπ(p) and rι(i) respectively, aim to express their reliability."
44,The Espresso Algorithm. ,"Below, Sections 3.2–3.5 describe in detail these different phases of Espresso."
45,The Espresso Algorithm. ,3.1.
46,The Espresso Algorithm. ,Term definition.
47,The Espresso Algorithm. ,"Before one can extract relation instances from a corpus, it is necessary to define a tokenization procedure for extracting terms."
48,The Espresso Algorithm. ,Terms are commonly defined as surface representations of stable and key domain concepts [19].
49,The Espresso Algorithm. ,Defining regular expressions over POS-tagged corpora is the most commonly used technique to both define and extract terms.
50,The Espresso Algorithm. ,"We adopt a slightly modified version of the term definition given in [13], as it is one of the most commonly used in the literature: ((Adj|Noun)+|((Adj|Noun)*(NounPrep)?)(Adj|Noun)*)Noun We operationally extend the definition of Adj to include present and past participles as most noun phrases composed of them are usually intended as terms (e.g., boiling point)."
51,The Espresso Algorithm. ,"Thus, unlike many approaches for automatic relation extraction, we allow complex multi-word terms as anchor points."
52,The Espresso Algorithm. ,"Hence, we can capture relations between complex terms, such as “record of a criminal conviction” part-of “FBI report”."
53,The Espresso Algorithm. ,3.2.
54,The Espresso Algorithm. ,Phase 1: Pattern discovery.
55,The Espresso Algorithm. ,"The pattern discovery phase takes as input a set of instances I' and produces as output a set of lexical patterns P. For the first iteration I' = Is, the set of initial seeds."
56,The Espresso Algorithm. ,"In order to induce P, we apply a slight modification to the approach presented in [20]."
57,The Espresso Algorithm. ,"For each input instance i = {x, y}, we first retrieve all sentences Sx,y containing the two terms x and y. Sentences are then generalized into a set of new sentences SGx,y by replacing all terminological expressions by a terminological label (TR)."
58,The Espresso Algorithm. ,"For example: “Because/IN HF/NNP is/VBZ a/DT weak/JJ acid/NN and/CC x is/VBZ a/DT y” is generalized as: “Because/IN TR is/VBZ a/DT TR and/CC x is/VBZ a/DT y” All substrings linking terms x and y are then extracted from the set SGx,y, and overall frequencies are computed."
59,The Espresso Algorithm. ,"The most frequent substrings then represent the set of new patterns P, where the frequency cutoff is experimentally set."
60,The Espresso Algorithm. ,"Term generalization is particularly useful for small corpora, where generalization is vital to ease the data sparseness."
61,The Espresso Algorithm. ,"However, the generalized patterns are naturally less precise."
62,The Espresso Algorithm. ,"Hence, when dealing with bigger corpora, the system allows the use of Sx,y∪SGx,y in order to extract substrings."
63,The Espresso Algorithm. ,"For our experiments, we used the set SGx,y . 3.3."
64,The Espresso Algorithm. ,Phase 2: Pattern filtering.
65,The Espresso Algorithm. ,"In this phase, Espresso selects among the patterns P those that are most reliable."
66,The Espresso Algorithm. ,"Intuitively, a reliable pattern is one that is both highly precise and one that extracts many instances."
67,The Espresso Algorithm. ,"The recall of a pattern p can be approximated by the fraction of input instances in I' that are extracted by p. Since it is difficult at run-time to estimate the precision of a pattern, we are weary of keeping patterns that generate many instances (i.e., patterns that generate high recall but potentially disastrous precision)."
68,The Espresso Algorithm. ,We thus prefer patterns that are highly associated with the input patterns I'.
69,The Espresso Algorithm. ,"Pointwise mutual information [4] is a commonly used metric for measuring the strength of association between two events x and y: pmi(x, y ) = log P(x, y ) P(x)P(y ) We define the reliability of a pattern p, rπ(p), as its average strength of association across each input instance i in I', weighted by the reliability of each instance i: ⎛ ⎞ ∑⎜ pmi(i, p) ∗ r (i )⎟ ⎜ r ( p ) = i∈I ′ ⎝ max ι ⎟ pmi ⎠ π I ′ where rι(i) is the reliability of instance i (defined in Section 3.5) and maxpmi is the maximum pointwise mutual information between all patterns and all instances."
70,The Espresso Algorithm. ,"rπ(p) ranges from [0,1]."
71,The Espresso Algorithm. ,The reliability of the manually supplied seed instances are rι(i) = 1.
72,The Espresso Algorithm. ,"The pointwise mutual information between instance i = {x, y} and pattern p is estimated using the following formula: pmi(i, p) = log x, p, y x,*, y *, p,* where |x, p, y| is the frequency of pattern p instantiated with terms x and y and where the asterisk (*) represents a wildcard."
73,The Espresso Algorithm. ,A well-known problem is that pointwise mutual information is biased towards infrequent events.
74,The Espresso Algorithm. ,"To address this, we multiply pmi(i, p) with the discounting factor suggested in [16]."
75,The Espresso Algorithm. ,"The set of highest n scoring patterns P', according to rπ(p), are then selected and retained for the next phase, where n is the number of patterns of the previous iteration incremented by 1."
76,The Espresso Algorithm. ,"In general, we expect that the set of patterns is formed by those of the previous iteration plus a new one."
77,The Espresso Algorithm. ,"Yet, new statistical evidence can lead the algorithm to discard a pattern that was previously discovered."
78,The Espresso Algorithm. ,"Moreover, to further discourage too generic patterns that might have low precision, a threshold t is set for the number of instances that a pattern retrieves."
79,The Espresso Algorithm. ,"Patterns firing more than t instances are then discarded, no matter what their score is. In this paper, we experimentally set t to a value dependent on the size of the corpus."
80,The Espresso Algorithm. ,"In future work, this parameter can be learned using a development corpus."
81,The Espresso Algorithm. ,"Our reliability measure ensures that overly generic patterns, which may potentially have very low precision, are discarded."
82,The Espresso Algorithm. ,"However, we are currently exploring a web-expansion algorithm that could both help detect generic patterns and also filter out their incorrect instances."
83,The Espresso Algorithm. ,We estimate the precision of the instance set generated by a new pattern p by looking at the number of these instances that are instantiated on the Web by previously accepted patterns.
84,The Espresso Algorithm. ,Generic patterns will generate instances with higher Web counts than incorrect patterns.
85,The Espresso Algorithm. ,"Then, the Web counts can also be used to filter out incorrect instances from the generic patterns’ instantiations."
86,The Espresso Algorithm. ,More details are discussed in Section 4.3.
87,The Espresso Algorithm. ,3.4.
88,The Espresso Algorithm. ,Phase 3: Instance discovery.
89,The Espresso Algorithm. ,"In this phase, Espresso retrieves from the corpus the set of instances I that match any of the lexical patterns in P'."
90,The Espresso Algorithm. ,"In small corpora, the number of extracted instances can be too low to guarantee sufficient statistical evidence for the pattern discovery phase of the next iteration."
91,The Espresso Algorithm. ,"In such cases, the system enters a web expansion phase, in which new instances for the given patterns are retrieved from the Web, using the Google search engine."
92,The Espresso Algorithm. ,"Specifically, for each instance i∈ I, the system creates a set of queries, using each pattern in P' with its y term instantiated with i’s y term."
93,The Espresso Algorithm. ,"For example, given the instance “Italy ; country” and the pattern [Y such as X] , the resulting Google query will be “country such as *”."
94,The Espresso Algorithm. ,New instances are then created from the retrieved Web results (e.g. “Canada ; country”) and added to I. We are currently exploring filtering mechanisms to avoid retrieving too much noise.
95,The Espresso Algorithm. ,"Moreover, to cope with data sparsity, a syntactic expansion phase is also carried out."
96,The Espresso Algorithm. ,A set of new instances is created for each instance i∈ I by extracting sub-terminological expressions from x corresponding to the syntactic head of terms.
97,The Espresso Algorithm. ,"For example, expanding the relation “new record of a criminal conviction” part-of “FBI report”, the following new instances are obtained: “new record” part-of “FBI report”, and “record” part-of “FBI report”."
98,The Espresso Algorithm. ,3.5.
99,The Espresso Algorithm. ,Phase 4: Instance filtering.
100,The Espresso Algorithm. ,Estimating the reliability of an instance is similar to estimating the reliability of a pattern.
101,The Espresso Algorithm. ,"Intuitively, a reliable instance is one that is highly associated with as many reliable patterns as possible (i.e., we have more confidence in an instance when multiple reliable patterns instantiate it.)"
102,The Espresso Algorithm. ,"Hence, analogous to our pattern reliability measure in Section 3.3, we define the reliability of an instance i, rι(i), as: ∑ pmi(i, p) ∗ r (p) r (i) = p∈P′ max pmi ι P′ where rπ(p) is the reliability of pattern p (defined in Section 3.3) and maxpmi is the maximum pointwise mutual information between all patterns and all instances, as in Section 3.3."
103,The Espresso Algorithm. ,"Espresso finally selects the highest scoring m instances, I', and retains them as input for the subsequent iteration."
104,The Espresso Algorithm. ,"In this paper, we experimentally set m = 200."
105,Experimental Results. ,4.1.
106,Experimental Results. ,Experimental Setup.
107,Experimental Results. ,"In this section, we present a preliminary comparison of Espresso with two state of the art systems on the task of extracting various semantic relations."
108,Experimental Results. ,4.1.1.
109,Experimental Results. ,Datasets We perform our experiments using the following two datasets:  TREC9: This dataset consists of a sample of articles from the Aquaint (TREC9) newswire text collection.
110,Experimental Results. ,"The sample consists of 5,951,432 words extracted from the following data files: AP890101 – AP890131, AP890201 – AP890228, and AP890310 – AP890319."
111,Experimental Results. ," CHEM: This small dataset of 313,590 words consists of a college level textbook of introductory chemistry [2]."
112,Experimental Results. ,We preprocess the corpora using the Alembic Workbench POStagger [5].
113,Experimental Results. ,4.1.2.
114,Experimental Results. ,Systems We compare the results of Espresso with the following two state of the art extraction systems:  RH02: This algorithm by Ravichandran and Hovy [20] learns lexical extraction patterns from a set of seed instances of a particular relation (see Section 2.)
115,Experimental Results. ," PR04: This is-a extraction algorithm from Pantel and Ravichandran [16] first automatically induces concepts (clusters) from a raw corpus, names the concepts, and then extracts an is-a relation between each cluster member and its cluster label."
116,Experimental Results. ,"For each cluster member, the system may generate multiple possible is-a relations, but in this evaluation we only keep the highest scoring one."
117,Experimental Results. ,"To apply this algorithm, both datasets were first analyzed using the Minipar parser [14]."
118,Experimental Results. , ESP: This is the algorithm described in this paper (details in Section 3).
119,Experimental Results. ,4.1.3.
120,Experimental Results. ,Semantic Relations Espresso is designed to extract various semantic relations exemplified by a given small set of seed instances.
121,Experimental Results. ,"For our preliminary evaluation, we consider the standard is-a and part-of relations as well as three novel relations:  succession: This relation indicates that one proper noun succeeds another in a position or title."
122,Experimental Results. ,"For example, George Bush succeeded Bill Clinton and Pope Benedict XVI succeeded Pope John Paul II."
123,Experimental Results. ,We evaluate this relation on the TREC9 corpus.
124,Experimental Results. , reaction: This relation occurs between chemical elements/molecules that can be combined in a chemical reaction.
125,Experimental Results. ,"For example, hydrogen gas reacts-with oxygen gas and zinc reacts-with hydrochloric acid."
126,Experimental Results. ,We evaluate this relation on the CHEM corpus.
127,Experimental Results. , production: This relation occurs when a process or element/object produces a result.
128,Experimental Results. ,"For example, ammonia produces nitric oxide."
129,Experimental Results. ,We evaluate this relation on the CHEM corpus.
130,Experimental Results. ,"For each semantic relation, we manually extracted a set of seed examples."
131,Experimental Results. ,The seeds were used for both Espresso as well as RH021.
132,Experimental Results. ,Table 1 lists a sample of the seeds as well as sample outputs from Espresso.
133,Experimental Results. ,4.2.
134,Experimental Results. ,Precision and Recall.
135,Experimental Results. ,We implemented each of the three systems outlined in Section 4.1.2 and applied them to the TREC and CHEM datasets.
136,Experimental Results. ,"For each output set, per relation, we evaluate the precision of the system by extracting a random sample of instances (50 for the TREC corpus and 20 for the 1 PR04 does not require any seeds.."
137,Experimental Results. ,Table 1.
138,Experimental Results. ,Sample seeds used for each semantic relation and sample outputs from Espresso.
139,Experimental Results. ,The number in the parentheses for each relation denotes the total number of seeds.
140,Experimental Results. ,E CHEM corpus) and evaluating their quality manually using one human judge2.
141,Experimental Results. ,"For each instance, the judge may assign a score of 1 for correct, 0 for incorrect, and ½ for partially correct."
142,Experimental Results. ,Example instances that were judged partially correct include “analyst is-a manager” and “pilot is-a teacher”.
143,Experimental Results. ,The precision for a given set of relation instances is the sum of the judge’s scores divided by the number of instances.
144,Experimental Results. ,"Although knowing the total number of instances of a particular relation in any nontrivial corpus is impossible, it is possible to compute the recall of a system relative to another system’s recall."
145,Experimental Results. ,"The recall of a system A, RA, is given by the following formula: C R A = C where CA is the number of correct instances of a particular relation extracted by A and C is the total number of correct instances in the corpus."
146,Experimental Results. ,"Following [17], we define the relative recall of system A given system B, RA|B, as: RA|B = RA = C A P × A = A RB CB PB × B Using the precision estimates, PA, from our precision experiments, we can estimate CA ≈ PA × |A|, where A is the total number of instances of a particular relation discovered by system A. 2 In future work, we will perform this evaluation using multiple judges in order to obtain confidence bounds and."
147,Experimental Results. ,agreement scores.
148,Experimental Results. ,Table 2.
149,Experimental Results. ,System performance on the is-a relation on the TREC9 dataset.
150,Experimental Results. ,Table 3.
151,Experimental Results. ,System performance on the is-a relation on the CHEM dataset.
152,Experimental Results. ,"SYS TE M IN ST AN CE S PR EC ISI ON * RE L RE CA LL† SYS TE M IN ST AN CE S PR EC ISI ON * RE L RE CA LL† RH 02 5 7 , 5 2 5 2 8 . 0 % 5 . 3 1 RH 02 2 5 5 6 2 5 . 0 % 3 . 7 6 PR 04 1 , 5 0 4 4 7 . 0 % 0 . 2 3 PR 04 1 0 8 4 0 . 0 % 0 . 2 5 ES P 4 , 1 5 4 7 3 . 0 % 1 . 0 0 ES P 2 0 0 8 5 . 0 % 1 . 0 0 * Precision estimated from 50 randomly sampled instances."
153,Experimental Results. ,† Relative recall is given in relation to ESP. * Precision estimated from 20 randomly sampled instances.
154,Experimental Results. ,† Relative recall is given in relation to ESP. Table 4.
155,Experimental Results. ,System performance on the part-of relation on the TREC9 dataset.
156,Experimental Results. ,Table 5.
157,Experimental Results. ,System performance on the part-of relation on the CHEM dataset.
158,Experimental Results. ,"SYS TE M IN ST AN CE S PR EC ISI ON * RE L RE CA LL† SYS TE M IN ST AN CE S PR EC ISI ON * RE L RE CA LL† RH 02 1 2 , 8 2 8 3 5 . 0 % 4 2 . 5 2 RH 02 1 1 , 5 8 2 3 3 . 8 % 5 8 . 7 8 ES P 1 3 2 8 0 . 0 % 1 . 0 0 ES P 1 1 1 6 0 . 0 % 1 . 0 0 * Precision estimated from 50 randomly sampled instances."
159,Experimental Results. ,† Relative recall is given in relation to ESP. * Precision estimated from 20 randomly sampled instances.
160,Experimental Results. ,† Relative recall is given in relation to ESP. Table 6.
161,Experimental Results. ,System performance on the succession relation on the TREC9 dataset.
162,Experimental Results. ,Table 7.
163,Experimental Results. ,System performance on the reaction relation on the CHEM dataset.
164,Experimental Results. ,"SYS TE M IN ST AN CE S PR EC ISI ON * RE L RE CA LL† SYS TE M IN ST AN CE S PR EC ISI ON * RE L RE CA LL† RH 02 4 9 , 7 9 8 2 . 0 % 3 6 . 9 6 RH 02 6 , 0 8 3 3 0 % 5 3 . 6 7 ES P 5 5 4 9 . 0 % 1 . 0 0 ES P 4 0 8 5 % 1 . 0 0 * Precision estimated from 50 randomly sampled instances."
165,Experimental Results. ,† Relative recall is given in relation to ESP. * Precision estimated from 20 randomly sampled instances.
166,Experimental Results. ,"† Relative recall is given in relation to ESP. Tables 2 – 8 reports the total number of instances, precision, and relative recall of each system on the TREC9 and CHEM corpora."
167,Experimental Results. ,The relative recall is always given in relation to the Espresso system.
168,Experimental Results. ,"For example, in Table 2, RH02 has a relative recall of 5.31 with Espresso, which means that the RH02 system output 5.31 times more correct relations than Espresso (at a cost of much Table 8."
169,Experimental Results. ,System performance on the production relation on the CHEM dataset.
170,Experimental Results. ,SYSTEM INSTANCES PRECISION* REL RECALL† RH02 197 57.5% 0.80 ESP 196 72.5% 1.00 * Precision estimated from 20 randomly sampled instances.
171,Experimental Results. ,† Relative recall is given in relation to ESP. lower precision).
172,Experimental Results. ,"Similarly, PR04 has a relative recall of 0.23 with Espresso, which means that PR04 outputs 4.35 fewer correct relations than Espresso (also with a smaller precision)."
173,Experimental Results. ,4.3.
174,Experimental Results. ,Discussion.
175,Experimental Results. ,"Experimental results, for all relations and the two different corpus sizes, show that Espresso greatly outperforms the other two methods on precision."
176,Experimental Results. ,"However, Espresso fails to match the recall level of RH02 in all but the experiment on the production relation."
177,Experimental Results. ,"Indeed, the filtering of unreliable patterns and instances during the bootstrapping algorithm not only discards the patterns that are unrelated to the actual relation, but also patterns that are too generic and ambiguous – hence resulting in a loss of recall."
178,Experimental Results. ,"As underlined in Section 3.2, the ambiguity of generic patterns often introduces much noise in the system (e.g, the pattern [X of Y] can ambiguously refer to a part-of, is-a or possession relation)."
179,Experimental Results. ,"However, generic patterns, while having low precision, yield a high recall, as also reported by [11]."
180,Experimental Results. ,"We ran an experiment on the reaction relation, retaining the generic patterns produced during Espresso’s selection process."
181,Experimental Results. ,"As expected, we obtained 1923 instances instead of the 40 reported in Table 7, but precision dropped from 85% to 30%."
182,Experimental Results. ,"The challenge, then, is to harness the expressive power of the generic patterns whilst maintaining the precision of Espresso."
183,Experimental Results. ,We propose the following solution that helps both in distinguishing generic patterns from incorrect patterns and also in filtering incorrect instances produced by generic patterns.
184,Experimental Results. ,"Unlike Girju et al. [11] that propose a highly supervised machine learning approach based on selectional restriction, ours is an unsupervised method based on statistical evidence obtained from the Web."
185,Experimental Results. ,"At a given iteration in Espresso, the intuition behind our solution is that the Web is large enough that correct instances will be instantiated by many of the currently accepted patterns P. Hence, we can distinguish between generic patterns and incorrect patterns by inspecting the relative frequency distribution of their instances using the patterns in P. More formally, given an instance i produced by a generic or incorrect pattern, we count how many times i instantiates on the Web with every pattern in P, using Google."
186,Experimental Results. ,The instance i is then considered correct if its web count surpasses a given threshold.
187,Experimental Results. ,"The pattern in question is accepted as a generic pattern if a sufficient number of its instances are considered correct, otherwise it is rejected as an incorrect pattern."
188,Experimental Results. ,"Although our results in Section 4.2 do not include this algorithm, we performed a small experiment by adding an a-posteriori generic pattern recovery phase to Espresso."
189,Experimental Results. ,"We tested the 7,634 instances extracted by the generic pattern [X of Y] on the CHEM corpus for the part-of relation."
190,Experimental Results. ,We randomly sample 200 of these instances and then queried Google for these instances using the pattern [X consists of Y].
191,Experimental Results. ,Manual evaluation of the 25 instances that occurred at least once on Google showed 50% precision.
192,Experimental Results. ,"Adding these instances to the results from Table 5 decreases the system precision from 60% to 51%, but dramatically increases Espresso’s recall by a factor of 8.16."
193,Experimental Results. ,"Furthermore, it is important to note that there are several other generic patterns, like [X’s Y], from which we expect a similar precision of 50% with a continual increase of recall."
194,Experimental Results. ,This is a very exciting avenue of further investigation.
195,Conclusions. ,"We proposed a weakly supervised bootstrapping algorithm, called Espresso, for automatically extracting a wide variety of binary semantic relations from raw text."
196,Conclusions. ,"Given a small set of seed instances for a particular relation, the system learns reliable lexical patterns, applies them to extract new instances ranked by an information theoretic definition of reliability, and then uses the Web to filter and expand the instances."
197,Conclusions. ,There are many avenues of future work.
198,Conclusions. ,"Preliminary results show that Espresso generates highly precise relations, but at the expense of lower recall."
199,Conclusions. ,"As mentioned above in Section 4.3, we are working on improving system recall with a web-based method to identify generic patterns and filter their instances."
200,Conclusions. ,Early results appear very promising.
201,Conclusions. ,"We also plan to investigate the use of WordNet selectional constraints, as proposed by [11]."
202,Conclusions. ,We expect here that negative instances will play a key role in determining the selectional restriction on generic patterns.
203,Conclusions. ,"Espresso is the first system, to our knowledge, to emphasize both minimal supervision and generality, both in identification of a wide variety of relations and in extensibility to various corpus sizes."
204,Conclusions. ,"It remains to be seen whether one could enrich existing ontologies with relations harvested by Espresso, and if these relations can benefit NLP applications such as QA."
205,Acknowledgements,The authors wish to thank the reviewers for their helpful comments and Andrew Philpot for evaluating the outputs of the systems.
