ref,citation_10,reference_id
"Our decoding framework allows us to perform many experiments with the same feature representation and inference algorithms, including combining and comparing phrase-based and syntax-based features and examining how isomorphism constraints of synchronous formalisms affect translation output.",0.533289270773524,reference_191
"We have seen rapid recent progress in machine translation through the use of rich features and the development of improved decoding algorithms, often based on grammatical formalisms.1 If we view MT as a machine learning problem, features and formalisms imply structural independence assumptions, which are in turn exploited by efficient inference algorithms, including decoders (Koehn et al., 2003; Yamada and Knight, 2001).",0.5424846147667977,reference_5
"We compare lexical phrase and dependency syntax features, as well as a novel com 2 To date, QG has been used for word alignment (Smith and Eisner, 2006), adaptation and projection in parsing (Smith and Eisner, 2009), and various monolingual recognition and scoring tasks (Wang et al., 2007; Das and Smith, 2009); this paper represents its first application to MT. 219 Proceedings of the 2009 Conference on Empirical Methods in Natural Language Processing, pages 219–228, Singapore, 67 August 2009.",0.5440329932545975,reference_16
"11–13: Recursive DP equations for summing over t and a. alignments are treated as a hidden variable to be marginalized out.10 Optimization problems of this form are by now widely known in NLP (Koo and Collins, 2005), and have recently been used for machine translation as well (Blunsom et al., 2008).",0.5651777423125578,reference_151
"Decoding as QG parsing (§3–4): We present anovel decoder based on lattice parsing with quasi synchronous grammar (QG; Smith and Eisner, 2006).2 Further, we exploit generic approximate inference techniques to incorporate arbitrary “non- local” features in the dynamic programming algorithm (Chiang, 2007; Gimpel and Smith, 2009).Parameter estimation (§5): We exploit simi lar approximate inference methods in regularized pseudolikelihood estimation (Besag, 1975) with hidden variables to discriminatively and efficiently train our model.",0.5751815184831575,reference_13
