ref,citation_4,reference_id
"Bigram and trigam language model features, f 2 and f 3, are estimated using the SRI toolkit (Stolcke, 2002) with modified KneserNey smoothing (Chen and Goodman, 1998).Our approach permits an alternative to mini mum error-rate training (MERT; Och, 2003); it is For our target-language syntactic features g syn , discriminative but handles latent structure and regularization in more principled ways.",0.4171713599201872,reference_189
"We compare lexical phrase and dependency syntax features, as well as a novel com 2 To date, QG has been used for word alignment (Smith and Eisner, 2006), adaptation and projection in parsing (Smith and Eisner, 2009), and various monolingual recognition and scoring tasks (Wang et al., 2007; Das and Smith, 2009); this paper represents its first application to MT. 219 Proceedings of the 2009 Conference on Empirical Methods in Natural Language Processing, pages 219–228, Singapore, 67 August 2009.",0.4421367664579056,reference_16
"We perform word alignment using GIZA++ (Och and Ney, 2003), symmetrize the alignments using the “grow-diag-final-and” heuristic, and extract phrases up to length 3.",0.4675792728387214,reference_186
"This requires us to calculate the function’s gradient (vector of first derivatives) with respect to θ.11 Computing the numerator in Eq. 9 involves summing over all possible alignments; with QDG and a hard bound of 1 on |a(j)| for all j, a fast “inside” DP solution is known (Smith and Eisner, 2006; Wang et al., 2007).",0.479292152901611,reference_153
"If, for example, we require that, for all j, a(τt(j)) = τs(a(j)) or a(j) = 0, and that the root of τt must align to the root of τs or to NULL, then strict isomorphism must hold between τs and τt, and we have implemented a synchronous CF dependency grammar (Alshawi et al., 2000; Ding and Palmer, 2005).",0.481933917966685,reference_86
