ref,citation_6,reference_id
"Qc 2009 ACL and AFNLP Σ, T Trans : Σ ∪ {NULL} → 2T s = (s0 , . . .",1.1692059531629972,reference_17
3 in Smith and Eisner (2006) for illustrations of the rest.),1.3117243398441203,reference_89
"There is also substantial work in the use of target-side syntax (Galley et al., 2006; Marcu et al., 2006; Shen et al., 2008).",1.338120935260877,reference_67
"QD G Co nfi gu rati on s BL E U M ET E O R sy nc hr on ou s + nul ls, root an y + child par ent , sa me no de + sib lin g + gr an dp ar ent /ch ild + c co m ma nd + oth er 0.4 00 8 0.4 10 8 0.4 33 7 0.4 88 1 0.5 01 5 0.5 15 6 0.5 14 2 0 . 6 9 4 9 0 . 6 9 3 1 0 . 6 8 1 5 0 . 7 2 1 6 0 . 7 3 6 5 0 . 7 4 4 1 0 . 7 4 7 2 Table 5: QG configuration comparison.",1.346221056317102,reference_239
4.1 Translation as Monolingual Parsing.,1.4057273416394018,reference_103
