ref,citation_0,reference_id
"We compare lexical phrase and dependency syntax features, as well as a novel com 2 To date, QG has been used for word alignment (Smith and Eisner, 2006), adaptation and projection in parsing (Smith and Eisner, 2009), and various monolingual recognition and scoring tasks (Wang et al., 2007; Das and Smith, 2009); this paper represents its first application to MT. 219 Proceedings of the 2009 Conference on Empirical Methods in Natural Language Processing, pages 219–228, Singapore, 67 August 2009.",0.4416586303279724,reference_16
"These probabilities are estimated on the training corpus parsed using the Stanford factored parser (Klein and Manning, 2003).",0.4864582003926377,reference_198
"This requires us to calculate the function’s gradient (vector of first derivatives) with respect to θ.11 Computing the numerator in Eq. 9 involves summing over all possible alignments; with QDG and a hard bound of 1 on |a(j)| for all j, a fast “inside” DP solution is known (Smith and Eisner, 2006; Wang et al., 2007).",0.5074037057094841,reference_153
"We recently proposed “cube summing,” an approximate technique that permits the use of non-local features for inside DP algorithms (Gimpel and Smith, 2009).",0.5164101631776491,reference_177
"Decoding as QG parsing (§3–4): We present anovel decoder based on lattice parsing with quasi synchronous grammar (QG; Smith and Eisner, 2006).2 Further, we exploit generic approximate inference techniques to incorporate arbitrary “non- local” features in the dynamic programming algorithm (Chiang, 2007; Gimpel and Smith, 2009).Parameter estimation (§5): We exploit simi lar approximate inference methods in regularized pseudolikelihood estimation (Besag, 1975) with hidden variables to discriminatively and efficiently train our model.",0.5191722056890066,reference_13
