ref,citation_3,reference_id
"We have seen rapid recent progress in machine translation through the use of rich features and the development of improved decoding algorithms, often based on grammatical formalisms.1 If we view MT as a machine learning problem, features and formalisms imply structural independence assumptions, which are in turn exploited by efficient inference algorithms, including decoders (Koehn et al., 2003; Yamada and Knight, 2001).",0.4429471679712629,reference_5
"11–13: Recursive DP equations for summing over t and a. alignments are treated as a hidden variable to be marginalized out.10 Optimization problems of this form are by now widely known in NLP (Koo and Collins, 2005), and have recently been used for machine translation as well (Blunsom et al., 2008).",0.4435960464995381,reference_151
"We recently proposed “cube summing,” an approximate technique that permits the use of non-local features for inside DP algorithms (Gimpel and Smith, 2009).",0.4615294762427546,reference_177
"If, for example, we require that, for all j, a(τt(j)) = τs(a(j)) or a(j) = 0, and that the root of τt must align to the root of τs or to NULL, then strict isomorphism must hold between τs and τt, and we have implemented a synchronous CF dependency grammar (Alshawi et al., 2000; Ding and Palmer, 2005).",0.4649859622012207,reference_86
"Our findings show that phrase features and dependency syntax produce complementary improvements to translation quality, that tree-to- tree configurations (a new feature in MT) are helpful for translation, and that substantial gains can be obtained by permitting certain types of non- isomorphism.",0.4762975055776535,reference_254
