ref,citation_7,reference_id
"The core of the approach is a novel decoder based on lattice parsing with quasi- synchronous grammar (Smith and Eisner, 2006), a syntactic formalism that does not require source and target trees to be isomorphic.",0.3870378001665637,reference_1
"Bigram and trigam language model features, f 2 and f 3, are estimated using the SRI toolkit (Stolcke, 2002) with modified KneserNey smoothing (Chen and Goodman, 1998).Our approach permits an alternative to mini mum error-rate training (MERT; Och, 2003); it is For our target-language syntactic features g syn , discriminative but handles latent structure and regularization in more principled ways.",0.4245948022939175,reference_189
"Our decoding framework allows us to perform many experiments with the same feature representation and inference algorithms, including combining and comparing phrase-based and syntax-based features and examining how isomorphism constraints of synchronous formalisms affect translation output.",0.4647766983342296,reference_191
"We have seen rapid recent progress in machine translation through the use of rich features and the development of improved decoding algorithms, often based on grammatical formalisms.1 If we view MT as a machine learning problem, features and formalisms imply structural independence assumptions, which are in turn exploited by efficient inference algorithms, including decoders (Koehn et al., 2003; Yamada and Knight, 2001).",0.4733737116537091,reference_5
"We note that these results are not state-of-the- art on this dataset (on this task, Moses/MERT achieves 0.6838 BLEU and 0.8523 METEOR with maximum phrase length 3).14 Our aim has been to 13 In fact, the strictest “synchronous” model used the almost-forbidden configurations in 2% of test sentences; this behavior disappears as configurations are legalized.",0.4790092330940145,reference_251
