ref,citation_11,reference_id
"We compare lexical phrase and dependency syntax features, as well as a novel com 2 To date, QG has been used for word alignment (Smith and Eisner, 2006), adaptation and projection in parsing (Smith and Eisner, 2009), and various monolingual recognition and scoring tasks (Wang et al., 2007; Das and Smith, 2009); this paper represents its first application to MT. 219 Proceedings of the 2009 Conference on Empirical Methods in Natural Language Processing, pages 219–228, Singapore, 67 August 2009.",0.4141925647499763,reference_16
"The base model contains f lex , glm , greor , and 12 We made this choice both for similarity to standard MT. 0.30 0.25 0.20 Phrase Syntactic Neither 0 5 10 15 20 Value of k for Decoding systems and a more rapid experiment cycle.",0.4335089564115811,reference_237
"Bigram and trigam language model features, f 2 and f 3, are estimated using the SRI toolkit (Stolcke, 2002) with modified KneserNey smoothing (Chen and Goodman, 1998).Our approach permits an alternative to mini mum error-rate training (MERT; Och, 2003); it is For our target-language syntactic features g syn , discriminative but handles latent structure and regularization in more principled ways.",0.43722997248869183,reference_189
"We have seen rapid recent progress in machine translation through the use of rich features and the development of improved decoding algorithms, often based on grammatical formalisms.1 If we view MT as a machine learning problem, features and formalisms imply structural independence assumptions, which are in turn exploited by efficient inference algorithms, including decoders (Koehn et al., 2003; Yamada and Knight, 2001).",0.4708709608874082,reference_5
"Decoding as QG parsing (§3–4): We present anovel decoder based on lattice parsing with quasi synchronous grammar (QG; Smith and Eisner, 2006).2 Further, we exploit generic approximate inference techniques to incorporate arbitrary “non- local” features in the dynamic programming algorithm (Chiang, 2007; Gimpel and Smith, 2009).Parameter estimation (§5): We exploit simi lar approximate inference methods in regularized pseudolikelihood estimation (Besag, 1975) with hidden variables to discriminatively and efficiently train our model.",0.4796171623749096,reference_13
