ref,citation_1,reference_id
"The core of the approach is a novel decoder based on lattice parsing with quasi- synchronous grammar (Smith and Eisner, 2006), a syntactic formalism that does not require source and target trees to be isomorphic.",0.4744402650104891,reference_1
"2.4 Reordering Reordering features take many forms in MT. In phrase-based systems, reordering is accomplished both within phrase pairs (local reordering) as well as through distance-based distortion models (Koehn et al., 2003) and lexicalized reordering models (Koehn et al., 2007).",0.5113182359628031,reference_74
"We have seen rapid recent progress in machine translation through the use of rich features and the development of improved decoding algorithms, often based on grammatical formalisms.1 If we view MT as a machine learning problem, features and formalisms imply structural independence assumptions, which are in turn exploited by efficient inference algorithms, including decoders (Koehn et al., 2003; Yamada and Knight, 2001).",0.5124718318866839,reference_5
"Lopez (2009) recently argued for a separation between features/formalisms (and the indepen 1 Informally, features are “parts” of a parallel sentence pair and/or their mutual derivation structure (trees, alignments, etc.).",0.5303716752364114,reference_7
"We compare lexical phrase and dependency syntax features, as well as a novel com 2 To date, QG has been used for word alignment (Smith and Eisner, 2006), adaptation and projection in parsing (Smith and Eisner, 2009), and various monolingual recognition and scoring tasks (Wang et al., 2007; Das and Smith, 2009); this paper represents its first application to MT. 219 Proceedings of the 2009 Conference on Empirical Methods in Natural Language Processing, pages 219–228, Singapore, 67 August 2009.",0.5324806961572823,reference_16
