ref,citation_5,reference_id
We decode by performing lattice parsing on a lattice encoding the set of possible translations.,0.3443265699023976,reference_104
"Such problems are typically solved using variations of gradient ascent; in our experiments, we will use an online method called stochastic gradient ascent (SGA).",0.3642672899173918,reference_152
"We have seen rapid recent progress in machine translation through the use of rich features and the development of improved decoding algorithms, often based on grammatical formalisms.1 If we view MT as a machine learning problem, features and formalisms imply structural independence assumptions, which are in turn exploited by efficient inference algorithms, including decoders (Koehn et al., 2003; Yamada and Knight, 2001).",0.3644011269529688,reference_5
Smith and Eisner (2006) grouped all possible configurations into eight classes and explored the effects of permitting different sets of classes in word alignment.,0.3668144825317834,reference_87
"Given the lattice and Gs,τs , lattice parsing is a straightforward generalization of standard context-free dependency parsing DP algorithms τt , and the alignments a∗ that are most probable, (Eisner, 1997).",0.3740192360897751,reference_108
