ref,citation_2,reference_id
"Grammars A quasi-synchronous dependency grammar (QDG; Smith and Eisner, 2006) specifies a conditional model p(t, τt, a | s, τs).",0.37164869626684144,reference_80
"Decoding as QG parsing (§3–4): We present anovel decoder based on lattice parsing with quasi synchronous grammar (QG; Smith and Eisner, 2006).2 Further, we exploit generic approximate inference techniques to incorporate arbitrary “non- local” features in the dynamic programming algorithm (Chiang, 2007; Gimpel and Smith, 2009).Parameter estimation (§5): We exploit simi lar approximate inference methods in regularized pseudolikelihood estimation (Besag, 1975) with hidden variables to discriminatively and efficiently train our model.",0.3895495880133958,reference_13
"Cube summing is based on a slightly less greedy variation of cube pruning (Chiang, 2007) that maintains k-best lists of derivations for each DP chart item.",0.4063152934035913,reference_178
"The core of the approach is a novel decoder based on lattice parsing with quasi- synchronous grammar (Smith and Eisner, 2006), a syntactic formalism that does not require source and target trees to be isomorphic.",0.40695880171799104,reference_1
"Bigram and trigam language model features, f 2 and f 3, are estimated using the SRI toolkit (Stolcke, 2002) with modified KneserNey smoothing (Chen and Goodman, 1998).Our approach permits an alternative to mini mum error-rate training (MERT; Och, 2003); it is For our target-language syntactic features g syn , discriminative but handles latent structure and regularization in more principled ways.",0.4144140949751363,reference_189
