Reference text,similarity
"We compare lexical phrase and dependency syntax features, as well as a novel com 2 To date, QG has been used for word alignment (Smith and Eisner, 2006), adaptation and projection in parsing (Smith and Eisner, 2009), and various monolingual recognition and scoring tasks (Wang et al., 2007; Das and Smith, 2009); this paper represents its first application to MT. 219 Proceedings of the 2009 Conference on Empirical Methods in Natural Language Processing, pages 219–228, Singapore, 67 August 2009.",0.4416586303279724,reference_16
"These probabilities are estimated on the training corpus parsed using the Stanford factored parser (Klein and Manning, 2003).",0.4864582003926377,reference_198
"This requires us to calculate the function’s gradient (vector of first derivatives) with respect to θ.11 Computing the numerator in Eq. 9 involves summing over all possible alignments; with QDG and a hard bound of 1 on |a(j)| for all j, a fast “inside” DP solution is known (Smith and Eisner, 2006; Wang et al., 2007).",0.5074037057094841,reference_153
"We recently proposed “cube summing,” an approximate technique that permits the use of non-local features for inside DP algorithms (Gimpel and Smith, 2009).",0.5164101631776491,reference_177
"Decoding as QG parsing (§3–4): We present anovel decoder based on lattice parsing with quasi synchronous grammar (QG; Smith and Eisner, 2006).2 Further, we exploit generic approximate inference techniques to incorporate arbitrary “non- local” features in the dynamic programming algorithm (Chiang, 2007; Gimpel and Smith, 2009).Parameter estimation (§5): We exploit simi lar approximate inference methods in regularized pseudolikelihood estimation (Besag, 1975) with hidden variables to discriminatively and efficiently train our model.",0.5191722056890066,reference_13
"The core of the approach is a novel decoder based on lattice parsing with quasi- synchronous grammar (Smith and Eisner, 2006), a syntactic formalism that does not require source and target trees to be isomorphic.",0.4744402650104891,reference_1
"2.4 Reordering Reordering features take many forms in MT. In phrase-based systems, reordering is accomplished both within phrase pairs (local reordering) as well as through distance-based distortion models (Koehn et al., 2003) and lexicalized reordering models (Koehn et al., 2007).",0.5113182359628031,reference_74
"We have seen rapid recent progress in machine translation through the use of rich features and the development of improved decoding algorithms, often based on grammatical formalisms.1 If we view MT as a machine learning problem, features and formalisms imply structural independence assumptions, which are in turn exploited by efficient inference algorithms, including decoders (Koehn et al., 2003; Yamada and Knight, 2001).",0.5124718318866839,reference_5
"Lopez (2009) recently argued for a separation between features/formalisms (and the indepen 1 Informally, features are “parts” of a parallel sentence pair and/or their mutual derivation structure (trees, alignments, etc.).",0.5303716752364114,reference_7
"Grammars A quasi-synchronous dependency grammar (QDG; Smith and Eisner, 2006) specifies a conditional model p(t, τt, a | s, τs).",0.37164869626684144,reference_80
"Cube summing is based on a slightly less greedy variation of cube pruning (Chiang, 2007) that maintains k-best lists of derivations for each DP chart item.",0.4063152934035913,reference_178
"Bigram and trigam language model features, f 2 and f 3, are estimated using the SRI toolkit (Stolcke, 2002) with modified KneserNey smoothing (Chen and Goodman, 1998).Our approach permits an alternative to mini mum error-rate training (MERT; Och, 2003); it is For our target-language syntactic features g syn , discriminative but handles latent structure and regularization in more principled ways.",0.4144140949751363,reference_189
"11–13: Recursive DP equations for summing over t and a. alignments are treated as a hidden variable to be marginalized out.10 Optimization problems of this form are by now widely known in NLP (Koo and Collins, 2005), and have recently been used for machine translation as well (Blunsom et al., 2008).",0.4435960464995381,reference_151
"If, for example, we require that, for all j, a(τt(j)) = τs(a(j)) or a(j) = 0, and that the root of τt must align to the root of τs or to NULL, then strict isomorphism must hold between τs and τt, and we have implemented a synchronous CF dependency grammar (Alshawi et al., 2000; Ding and Palmer, 2005).",0.4649859622012207,reference_86
"Our findings show that phrase features and dependency syntax produce complementary improvements to translation quality, that tree-to- tree configurations (a new feature in MT) are helpful for translation, and that substantial gains can be obtained by permitting certain types of non- isomorphism.",0.4762975055776535,reference_254
"We perform word alignment using GIZA++ (Och and Ney, 2003), symmetrize the alignments using the “grow-diag-final-and” heuristic, and extract phrases up to length 3.",0.4675792728387214,reference_186
We decode by performing lattice parsing on a lattice encoding the set of possible translations.,0.3443265699023976,reference_104
"Such problems are typically solved using variations of gradient ascent; in our experiments, we will use an online method called stochastic gradient ascent (SGA).",0.3642672899173918,reference_152
Smith and Eisner (2006) grouped all possible configurations into eight classes and explored the effects of permitting different sets of classes in word alignment.,0.3668144825317834,reference_87
"Given the lattice and Gs,τs , lattice parsing is a straightforward generalization of standard context-free dependency parsing DP algorithms τt , and the alignments a∗ that are most probable, (Eisner, 1997).",0.3740192360897751,reference_108
"Qc 2009 ACL and AFNLP Σ, T Trans : Σ ∪ {NULL} → 2T s = (s0 , . . .",1.1692059531629972,reference_17
3 in Smith and Eisner (2006) for illustrations of the rest.),1.3117243398441203,reference_89
"There is also substantial work in the use of target-side syntax (Galley et al., 2006; Marcu et al., 2006; Shen et al., 2008).",1.338120935260877,reference_67
"QD G Co nfi gu rati on s BL E U M ET E O R sy nc hr on ou s + nul ls, root an y + child par ent , sa me no de + sib lin g + gr an dp ar ent /ch ild + c co m ma nd + oth er 0.4 00 8 0.4 10 8 0.4 33 7 0.4 88 1 0.5 01 5 0.5 15 6 0.5 14 2 0 . 6 9 4 9 0 . 6 9 3 1 0 . 6 8 1 5 0 . 7 2 1 6 0 . 7 3 6 5 0 . 7 4 4 1 0 . 7 4 7 2 Table 5: QG configuration comparison.",1.346221056317102,reference_239
4.1 Translation as Monolingual Parsing.,1.4057273416394018,reference_103
"Our decoding framework allows us to perform many experiments with the same feature representation and inference algorithms, including combining and comparing phrase-based and syntax-based features and examining how isomorphism constraints of synchronous formalisms affect translation output.",0.4647766983342296,reference_191
"We note that these results are not state-of-the- art on this dataset (on this task, Moses/MERT achieves 0.6838 BLEU and 0.8523 METEOR with maximum phrase length 3).14 Our aim has been to 13 In fact, the strictest “synchronous” model used the almost-forbidden configurations in 2% of test sentences; this behavior disappears as configurations are legalized.",0.4790092330940145,reference_251
"Here we take first steps toward such a “universal” decoder, making the following contributions:Arbitrary feature model (§2): We define a sin gle, direct log-linear translation model (Papineni et al., 1997; Och and Ney, 2002) that encodes most popular MT features and can be used to encode any features on source and target sentences, dependency trees, and alignments.",0.4864308554614514,reference_10
"The base model contains f lex , glm , greor , and 12 We made this choice both for similarity to standard MT. 0.30 0.25 0.20 Phrase Syntactic Neither 0 5 10 15 20 Value of k for Decoding systems and a more rapid experiment cycle.",0.4689425589070286,reference_237
