[
    {
        "reference_article": "D10-1058",
        "citing_article": "C16-1060",
        "citing_text": [
            "Zhao and Gildea (2010) explored a model with a word order and fertility model as described above, but based their work on the EM algorithm, using Gibbs sampling only for approximating the expectations."
        ]
    },
    {
        "reference_article": "D10-1058",
        "citing_article": "P13-2002",
        "citing_text": [
            "Recent work (Zhao and Gildea, 2010) described an extension to the HMM with a fertility model, using MCMC techniques for parameter estimation."
        ]
    },
    {
        "reference_article": "D10-1058",
        "citing_article": "P13-2002",
        "citing_text": [
            ", fJ and word alignment vectors a = estimate the posterior distribution using Markov chain Monte Carlo methods such as Gibbs sampling (Zhao and Gildea, 2010)."
        ]
    },
    {
        "reference_article": "D10-1058",
        "citing_article": "P13-2002",
        "citing_text": [
            "Following prior work (Zhao and Gildea, 2010), we augment the standard HMM with a fertility distribution."
        ]
    },
    {
        "reference_article": "D10-1058",
        "citing_article": "P13-2002",
        "citing_text": [
            "Prior work addressed this by using the single parameter Poisson distribution, forcing infrequent words to share a global parameter estimated from the fertility of all words in the corpus (Zhao and Gildea, 2010)."
        ]
    },
    {
        "reference_article": "D10-1058",
        "citing_article": "P13-2002",
        "citing_text": [
            "The prior work compared Viterbi with a form of local search (sampling repeatedly and keeping the max), finding little difference between the two (Zhao and Gildea, 2010)."
        ]
    },
    {
        "reference_article": "D10-1058",
        "citing_article": "P59105ca",
        "citing_text": [
            "Zhao and Gildea [15] use sampling in their proposed fertility extensions to IBM Model 1 and HMM, but they do not place any prior on the parameters."
        ]
    },
    {
        "reference_article": "D10-1058",
        "citing_article": "P87-94",
        "citing_text": [
            "Zhao proposes a brief fertility based HMM model,8 which also decreases the complexity of Model A Fully Bayesian Inference for Word Alignment 93 Table 2."
        ]
    },
    {
        "reference_article": "D10-1058",
        "citing_article": "Pbulletin",
        "citing_text": [
            "For models with fertility computing the expectations instead becomes intractable, and previous authors have solved this by using approximative 2 The approximation consists of ignoring the dependence between the two draws from the word order jump distribution (second and third factors).",
            "134 R. stling, J. Tiedemann Ecient Word Alignment with MCMC (125146) greedy optimization techniques (Brown et al., 1993) or local Gibbs sampling (Zhao and Gildea, 2010)."
        ]
    },
    {
        "reference_article": "D10-1058",
        "citing_article": "Pbulletin",
        "citing_text": [
            "Zhao and Gildea (2010) instead chose to use Gibbs sampling to approximate these expectations, which allowed them to perform efficient inference with EM for a HMM model with fertility."
        ]
    },
    {
        "reference_article": "D10-1058",
        "citing_article": "Pcoling_D10",
        "citing_text": [
            "Another interesting extension of the HMM alignment is presented in Zhao and Gildea (2010) who added a fertility distribution to the HMM."
        ]
    },
    {
        "reference_article": "D10-1058",
        "citing_article": "Pproc_D10",
        "citing_text": [
            "Recent work (Zhao and Gildea, 2010) described an extension to the HMM with a fertility model, using MCMC techniques for parameter es timation."
        ]
    },
    {
        "reference_article": "D10-1058",
        "citing_article": "Pproc_D10",
        "citing_text": [
            "Following prior work (Zhao and Gildea, 2010), we augment the standard HMM with a fertility dis tribution."
        ]
    },
    {
        "reference_article": "D10-1058",
        "citing_article": "Pproc_D10",
        "citing_text": [
            "I Pr(f, ale) =p(JII) ITP(cPilei) estimate the posterior distribution using Markov chain Monte Carlo methods such as Gibbs sam pling (Zhao and Gildea, 2010)."
        ]
    },
    {
        "reference_article": "D10-1058",
        "citing_article": "Pproc_D10",
        "citing_text": [
            "Prior work addressed this by using the single parameter Pois son distribution, forcing infrequent words to share a global parameter estimated from the fertility of all words in the corpus (Zhao and Gildea, 2010)."
        ]
    },
    {
        "reference_article": "D10-1058",
        "citing_article": "Pproc_D10",
        "citing_text": [
            "The prior work compared Viterbi with a form of local search (sampling repeatedly and keeping the max), finding little difference between the two (Zhao and Gildea, 2010)."
        ]
    },
    {
        "reference_article": "D10-1058",
        "citing_article": "Q13-1024",
        "citing_text": [
            "The sequence-based model is easier to implement, and recent experiments have shown that appropriately modified sequence-based model can produce comparable performance with fertility-based models (Lopez and Resnik, 2005; Liang et al., 2006; DeNero and Klein, 2007; Zhao and Gildea, 2010; Bansal et al., 2011)."
        ]
    },
    {
        "reference_article": "D10-1058",
        "citing_article": "Q13-1024",
        "citing_text": [
            "Our Gibbs sampler is similar to the MCMC algorithm in Zhao and Gildea (2010), but we assume Dirichlet priors when sampling model parameters and take a different sampling approach based on the source side dependency tree."
        ]
    }
]