ref,citation_6,reference_id
We propose the following solution that helps both in distinguishing generic patterns from incorrect patterns and also in filtering incorrect instances produced by generic patterns.,0.7568755268239176,reference_183
Phase 2: Pattern filtering.,0.7816454161591002,reference_64
"The recall of a pattern p can be approximated by the fraction of input instances in I' that are extracted by p. Since it is difficult at run-time to estimate the precision of a pattern, we are weary of keeping patterns that generate many instances (i.e., patterns that generate high recall but potentially disastrous precision).",0.7929167539153,reference_67
Clustering approaches to relation extraction are less common and have insofar been applied only to is-a extraction.,0.7939820838886007,reference_33
"In order to induce P, we apply a slight modification to the approach presented in [20].",0.7950492447012093,reference_56
