ref,citation_9,reference_id
Clustering approaches to relation extraction are less common and have insofar been applied only to is-a extraction.,0.3697610795666673,reference_33
We propose the following solution that helps both in distinguishing generic patterns from incorrect patterns and also in filtering incorrect instances produced by generic patterns.,0.3801212460187531,reference_183
"As underlined in Section 3.2, the ambiguity of generic patterns often introduces much noise in the system (e.g, the pattern [X of Y] can ambiguously refer to a part-of, is-a or possession relation).",0.3888833907762312,reference_178
"From the one side, Espresso is intended as a general-purpose system able to extract a wide variety of binary semantic relations, from the classical is-a and part-of relations, to more specific and domain oriented ones like chemical reactants in a chemistry domain and position succession in political texts.",0.4386169529021482,reference_7
"We also plan to investigate the use of WordNet selectional constraints, as proposed by [11].",0.43969809932809306,reference_201
