ref,citation_8,reference_id
"The recall of a pattern p can be approximated by the fraction of input instances in I' that are extracted by p. Since it is difficult at run-time to estimate the precision of a pattern, we are weary of keeping patterns that generate many instances (i.e., patterns that generate high recall but potentially disastrous precision).",0.2993418387050519,reference_67
"The set of highest n scoring patterns P', according to rπ(p), are then selected and retained for the next phase, where n is the number of patterns of the previous iteration incremented by 1.",0.3941842597454288,reference_75
Hearst [12] pioneered using patterns to extract hyponym (is-a) relations.,0.4225345079161713,reference_17
"At a given iteration in Espresso, the intuition behind our solution is that the Web is large enough that correct instances will be instantiated by many of the currently accepted patterns P. Hence, we can distinguish between generic patterns and incorrect patterns by inspecting the relative frequency distribution of their instances using the patterns in P. More formally, given an instance i produced by a generic or incorrect pattern, we count how many times i instantiates on the Web with every pattern in P, using Google.",0.4495794295080094,reference_185
"In small corpora, the number of extracted instances can be too low to guarantee sufficient statistical evidence for the pattern discovery phase of the next iteration.",0.4518598732961542,reference_90
