ref,citation_1,reference_id
" PR04: This is-a extraction algorithm from Pantel and Ravichandran [16] first automatically induces concepts (clusters) from a raw corpus, names the concepts, and then extracts an is-a relation between each cluster member and its cluster label.",0.5483015188697754,reference_115
"Other pattern-based algorithms include Riloff and Shepherd [21], who used a semiautomatic method for discovering similar words using a few seed examples by using pattern-based techniques and human supervision, KnowItAll [7] that performs large-scale extraction of facts from the Web, Mann [15] and Fleischman et al. [9] who used part of speech patterns to extract a subset of is-a relations involving proper nouns, and Downey et al. [6] who formalized the problem of relation extraction in a coherent and effective combinatorial model that is shown to outperform previous probabilistic frameworks.",0.5526716051207321,reference_32
"For a specific semantic binary relation (e.g., is-a), the algorithm requires as input a small set of seed instances Is and a corpus C. An instance is a pair of terms x and y governed by the relation at hand (e.g., Pablo Picasso is-a artist).",0.5645114592102355,reference_39
We randomly sample 200 of these instances and then queried Google for these instances using the pattern [X consists of Y].,0.5754272936815157,reference_190
"For each output set, per relation, we evaluate the precision of the system by extracting a random sample of instances (50 for the TREC corpus and 20 for the 1 PR04 does not require any seeds..",0.5939741717915721,reference_136
