ref,citation_11,reference_id
" PR04: This is-a extraction algorithm from Pantel and Ravichandran [16] first automatically induces concepts (clusters) from a raw corpus, names the concepts, and then extracts an is-a relation between each cluster member and its cluster label.",0.4203194618588376,reference_115
Clustering approaches to relation extraction are less common and have insofar been applied only to is-a extraction.,0.4347526510548253,reference_33
"Moreover, to cope with data sparsity, a syntactic expansion phase is also carried out.",0.4755873486005688,reference_95
"Caraballo [3] proposed the first attempt, which used conjunction and apposition features to build noun clusters.",0.4920572041190882,reference_35
Approaches fall into two main categories: pattern- and clustering-based.,0.4958460786019036,reference_15
