ref,citation_2,reference_id
Example instances that were judged partially correct include “analyst is-a manager” and “pilot is-a teacher”.,0.5631067197204778,reference_142
"Pantel et al. [17] proposed a similar, highly scalable approach, based on an edit-distance technique, to learn lexicoPOS patterns, showing both good performances and efficiency.",0.575318178845364,reference_30
We randomly sample 200 of these instances and then queried Google for these instances using the pattern [X consists of Y].,0.5758763890985156,reference_190
"In order to induce P, we apply a slight modification to the approach presented in [20].",0.5935979433737383,reference_56
"For each instance, the judge may assign a score of 1 for correct, 0 for incorrect, and ½ for partially correct.",0.6068057264030138,reference_141
