ref,citation_10,reference_id
"Experimental results, for all relations and the two different corpus sizes, show that Espresso greatly outperforms the other two methods on precision.",0.4637075479389737,reference_175
"In the first phase, the algorithm infers a set of patterns P that captures as many of the seed instances as possible in C. In the second phase, we define a reliability measure to select the best set of patterns P'⊆P. In phase three, the patterns in P' are used to extract a set of instances I. Finally, in phase four, Espresso scores each instance and then selects the best instances I' as input seeds for the next iteration.",0.4685690429269778,reference_41
Approaches fall into two main categories: pattern- and clustering-based.,0.4917556802707339,reference_15
"Pantel et al. [17] proposed a similar, highly scalable approach, based on an edit-distance technique, to learn lexicoPOS patterns, showing both good performances and efficiency.",0.4996017986190539,reference_30
"From the one side, Espresso is intended as a general-purpose system able to extract a wide variety of binary semantic relations, from the classical is-a and part-of relations, to more specific and domain oriented ones like chemical reactants in a chemistry domain and position succession in political texts.",0.5157777615940646,reference_7
