ref,citation_3,reference_id
SYSTEM INSTANCES PRECISION* REL RECALL† RH02 197 57.5% 0.80 ESP 196 72.5% 1.00 * Precision estimated from 20 randomly sampled instances.,0.6821195375107693,reference_170
"Other pattern-based algorithms include Riloff and Shepherd [21], who used a semiautomatic method for discovering similar words using a few seed examples by using pattern-based techniques and human supervision, KnowItAll [7] that performs large-scale extraction of facts from the Web, Mann [15] and Fleischman et al. [9] who used part of speech patterns to extract a subset of is-a relations involving proper nouns, and Downey et al. [6] who formalized the problem of relation extraction in a coherent and effective combinatorial model that is shown to outperform previous probabilistic frameworks.",0.6913768287285535,reference_32
"Improving upon Berland and Charniak [1], Girju et al. [11] employ machine learning algorithms and WordNet [8] to disambiguate part-of generic patterns, like [whole-NP’s part- NP].",0.7263075851728381,reference_22
We randomly sample 200 of these instances and then queried Google for these instances using the pattern [X consists of Y].,0.7335972546124881,reference_190
"The advantage of clustering approaches is that they permit algorithms to identify is-a relations that do not explicitly appear in text, however they generally fail to produce coherent clusters from fewer than 100 million words; hence they are unreliable for small corpora.",0.734909331268865,reference_37
