ref,citation_0,reference_id
"For a specific semantic binary relation (e.g., is-a), the algorithm requires as input a small set of seed instances Is and a corpus C. An instance is a pair of terms x and y governed by the relation at hand (e.g., Pablo Picasso is-a artist).",0.3873708685874374,reference_39
"Espresso finally selects the highest scoring m instances, I', and retains them as input for the subsequent iteration.",0.4162176200585096,reference_103
"Then, the Web counts can also be used to filter out incorrect instances from the generic patterns’ instantiations.",0.4280744555153548,reference_85
"At a given iteration in Espresso, the intuition behind our solution is that the Web is large enough that correct instances will be instantiated by many of the currently accepted patterns P. Hence, we can distinguish between generic patterns and incorrect patterns by inspecting the relative frequency distribution of their instances using the patterns in P. More formally, given an instance i produced by a generic or incorrect pattern, we count how many times i instantiates on the Web with every pattern in P, using Google.",0.433163806562102,reference_185
"Given a small set of seed instances for a particular relation, the system learns lexical patterns, applies them to extract new instances, and then uses the Web to filter and expand the instances.",0.4411401557213693,reference_1
