ref,citation_4,reference_id
"As mentioned above in Section 4.3, we are working on improving system recall with a web-based method to identify generic patterns and filter their instances.",0.5390435165537706,reference_199
We propose the following solution that helps both in distinguishing generic patterns from incorrect patterns and also in filtering incorrect instances produced by generic patterns.,0.5410370184407677,reference_183
"Other pattern-based algorithms include Riloff and Shepherd [21], who used a semiautomatic method for discovering similar words using a few seed examples by using pattern-based techniques and human supervision, KnowItAll [7] that performs large-scale extraction of facts from the Web, Mann [15] and Fleischman et al. [9] who used part of speech patterns to extract a subset of is-a relations involving proper nouns, and Downey et al. [6] who formalized the problem of relation extraction in a coherent and effective combinatorial model that is shown to outperform previous probabilistic frameworks.",0.5462470152015342,reference_32
"Indeed, the filtering of unreliable patterns and instances during the bootstrapping algorithm not only discards the patterns that are unrelated to the actual relation, but also patterns that are too generic and ambiguous – hence resulting in a loss of recall.",0.5579937772682814,reference_177
"For our preliminary evaluation, we consider the standard is-a and part-of relations as well as three novel relations:  succession: This relation indicates that one proper noun succeeds another in a position or title.",0.5588885916174697,reference_121
