ref,citation_7,reference_id
"In the first phase, the algorithm infers a set of patterns P that captures as many of the seed instances as possible in C. In the second phase, we define a reliability measure to select the best set of patterns P'⊆P. In phase three, the patterns in P' are used to extract a set of instances I. Finally, in phase four, Espresso scores each instance and then selects the best instances I' as input seeds for the next iteration.",0.450110468052266,reference_41
"Adding these instances to the results from Table 5 decreases the system precision from 60% to 51%, but dramatically increases Espresso’s recall by a factor of 8.16.",0.488721546798265,reference_192
 ESP: This is the algorithm described in this paper (details in Section 3).,0.4971126507186244,reference_118
A simple and effective algorithm is proposed to infer surface patterns from a small set of instance seeds by extracting all substrings relating seeds in corpus sentences.,0.5197854245301723,reference_27
We implemented each of the three systems outlined in Section 4.1.2 and applied them to the TREC and CHEM datasets.,0.5259889526079481,reference_135
