Reference text
"For a specific semantic binary relation (e.g., is-a), the algorithm requires as input a small set of seed instances Is and a corpus C. An instance is a pair of terms x and y governed by the relation at hand (e.g., Pablo Picasso is-a artist)."
"Espresso finally selects the highest scoring m instances, I', and retains them as input for the subsequent iteration."
"Then, the Web counts can also be used to filter out incorrect instances from the generic patterns’ instantiations."
"At a given iteration in Espresso, the intuition behind our solution is that the Web is large enough that correct instances will be instantiated by many of the currently accepted patterns P. Hence, we can distinguish between generic patterns and incorrect patterns by inspecting the relative frequency distribution of their instances using the patterns in P. More formally, given an instance i produced by a generic or incorrect pattern, we count how many times i instantiates on the Web with every pattern in P, using Google."
"Given a small set of seed instances for a particular relation, the system learns lexical patterns, applies them to extract new instances, and then uses the Web to filter and expand the instances."
" PR04: This is-a extraction algorithm from Pantel and Ravichandran [16] first automatically induces concepts (clusters) from a raw corpus, names the concepts, and then extracts an is-a relation between each cluster member and its cluster label."
"Other pattern-based algorithms include Riloff and Shepherd [21], who used a semiautomatic method for discovering similar words using a few seed examples by using pattern-based techniques and human supervision, KnowItAll [7] that performs large-scale extraction of facts from the Web, Mann [15] and Fleischman et al. [9] who used part of speech patterns to extract a subset of is-a relations involving proper nouns, and Downey et al. [6] who formalized the problem of relation extraction in a coherent and effective combinatorial model that is shown to outperform previous probabilistic frameworks."
We randomly sample 200 of these instances and then queried Google for these instances using the pattern [X consists of Y].
"For each output set, per relation, we evaluate the precision of the system by extracting a random sample of instances (50 for the TREC corpus and 20 for the 1 PR04 does not require any seeds.."
Example instances that were judged partially correct include “analyst is-a manager” and “pilot is-a teacher”.
"Pantel et al. [17] proposed a similar, highly scalable approach, based on an edit-distance technique, to learn lexicoPOS patterns, showing both good performances and efficiency."
"In order to induce P, we apply a slight modification to the approach presented in [20]."
"For each instance, the judge may assign a score of 1 for correct, 0 for incorrect, and ½ for partially correct."
SYSTEM INSTANCES PRECISION* REL RECALL† RH02 197 57.5% 0.80 ESP 196 72.5% 1.00 * Precision estimated from 20 randomly sampled instances.
"Improving upon Berland and Charniak [1], Girju et al. [11] employ machine learning algorithms and WordNet [8] to disambiguate part-of generic patterns, like [whole-NP’s part- NP]."
"The advantage of clustering approaches is that they permit algorithms to identify is-a relations that do not explicitly appear in text, however they generally fail to produce coherent clusters from fewer than 100 million words; hence they are unreliable for small corpora."
"As mentioned above in Section 4.3, we are working on improving system recall with a web-based method to identify generic patterns and filter their instances."
We propose the following solution that helps both in distinguishing generic patterns from incorrect patterns and also in filtering incorrect instances produced by generic patterns.
"Indeed, the filtering of unreliable patterns and instances during the bootstrapping algorithm not only discards the patterns that are unrelated to the actual relation, but also patterns that are too generic and ambiguous – hence resulting in a loss of recall."
"For our preliminary evaluation, we consider the standard is-a and part-of relations as well as three novel relations:  succession: This relation indicates that one proper noun succeeds another in a position or title."
"In small corpora, the number of extracted instances can be too low to guarantee sufficient statistical evidence for the pattern discovery phase of the next iteration."
"We proposed a weakly supervised bootstrapping algorithm, called Espresso, for automatically extracting a wide variety of binary semantic relations from raw text."
"The recall of a pattern p can be approximated by the fraction of input instances in I' that are extracted by p. Since it is difficult at run-time to estimate the precision of a pattern, we are weary of keeping patterns that generate many instances (i.e., patterns that generate high recall but potentially disastrous precision)."
Phase 2: Pattern filtering.
Clustering approaches to relation extraction are less common and have insofar been applied only to is-a extraction.
"In the first phase, the algorithm infers a set of patterns P that captures as many of the seed instances as possible in C. In the second phase, we define a reliability measure to select the best set of patterns P'⊆P. In phase three, the patterns in P' are used to extract a set of instances I. Finally, in phase four, Espresso scores each instance and then selects the best instances I' as input seeds for the next iteration."
"Adding these instances to the results from Table 5 decreases the system precision from 60% to 51%, but dramatically increases Espresso’s recall by a factor of 8.16."
 ESP: This is the algorithm described in this paper (details in Section 3).
A simple and effective algorithm is proposed to infer surface patterns from a small set of instance seeds by extracting all substrings relating seeds in corpus sentences.
We implemented each of the three systems outlined in Section 4.1.2 and applied them to the TREC and CHEM datasets.
"The set of highest n scoring patterns P', according to rπ(p), are then selected and retained for the next phase, where n is the number of patterns of the previous iteration incremented by 1."
Hearst [12] pioneered using patterns to extract hyponym (is-a) relations.
"As underlined in Section 3.2, the ambiguity of generic patterns often introduces much noise in the system (e.g, the pattern [X of Y] can ambiguously refer to a part-of, is-a or possession relation)."
"From the one side, Espresso is intended as a general-purpose system able to extract a wide variety of binary semantic relations, from the classical is-a and part-of relations, to more specific and domain oriented ones like chemical reactants in a chemistry domain and position succession in political texts."
"We also plan to investigate the use of WordNet selectional constraints, as proposed by [11]."
"Experimental results, for all relations and the two different corpus sizes, show that Espresso greatly outperforms the other two methods on precision."
Approaches fall into two main categories: pattern- and clustering-based.
"Moreover, to cope with data sparsity, a syntactic expansion phase is also carried out."
"Caraballo [3] proposed the first attempt, which used conjunction and apposition features to build noun clusters."
