<PAPER>
<S sid ="0" ssid = "0">Text Segmentation Using Reiteration and Collocation</S>
	<ABSTRACT>
		<S sid ="1" ssid = "1">A method is presented for segmenting text into subtopic areas.</S>
		<S sid ="2" ssid = "2">The proportion of related pairwise words is calculated between adjacent windows of text to determine their lexical similarity.</S>
		<S sid ="3" ssid = "3">The lexical cohesion relations of reiteration and collocation are used to identify related words.</S>
		<S sid ="4" ssid = "4">These relations are automatically located using a combination of three linguistic features: word repetition, collocation and relation weights.</S>
		<S sid ="5" ssid = "5">This method is shown to successfully detect known subject changes in text and corresponds well to the segmentations placed by test subjects.</S>
	</ABSTRACT>
	<SECTION title="Introduction" number = "1">
			<S sid ="6" ssid = "6">Many examples of heterogeneous data can be found in daily life.</S>
			<S sid ="7" ssid = "7">The Wall Street Journal archives, for example, consist of a series of articles about different subject areas.</S>
			<S sid ="8" ssid = "8">Segmenting such data into distinct topics is useful for information retrieval, where only those segments relevant to a user&apos;s query can be retrieved.</S>
			<S sid ="9" ssid = "9">Text segmentation could also be used as a pre-processing step in automatic summarisation.</S>
			<S sid ="10" ssid = "10">Each segment could be summarised individually and then combined to provide an abstract for a document.</S>
			<S sid ="11" ssid = "11">Previous work on text segmentation has used term matching to identify clusters of related text.</S>
			<S sid ="12" ssid = "12">Salton and Buckley (1992) and later, Hearst (1994) extracted related text pmtions by matching high frequency terms.</S>
			<S sid ="13" ssid = "13">Yaari ( 1997) segmented text into a hierarchical structure, identifying sub-segments of larger segments.</S>
			<S sid ="14" ssid = "14">Ponte and Croft ( 1997) used word co-occurrences to expand the number of terms for matching.</S>
			<S sid ="15" ssid = "15">Reynar ( 1994) compared all Lindsay J. Evett Department of Computing Nottingham Trent University Nottingham NGI 4BU, UK lje@doc.ntu.ac.uk words across a text rather than the more usual nearest neighbours.</S>
			<S sid ="16" ssid = "16">A problem with using word repetition is that inappropriate matches can be made because of the lack of contextual information (Salton et al., 1994).</S>
			<S sid ="17" ssid = "17">Another approach to text segmentation is the detection of semantically related words.</S>
			<S sid ="18" ssid = "18">Hearst (1993) incorporated semantic information derived from WordNet but in later work reported that this information actually degraded word repetition results (Hearst, 1994).</S>
			<S sid ="19" ssid = "19">Related words have been located using spreading activation on a semantic network (Kozima, 1993), although only one text was segmented.</S>
			<S sid ="20" ssid = "20">Another approach extracted semantic information from Roget&apos;s Thesaurus (RT).</S>
			<S sid ="21" ssid = "21">Lexical cohesion relations (Halliday and Hasan, 1976) between words were identified in RT and used to construct lexical chains of related words in five texts (Morris and Hirst, 1991 ).</S>
			<S sid ="22" ssid = "22">It was reported that the lexical chains closely correlated to the intentional structure (Grosz and Sidner, 1986) of the texts, where the start and end of chains coincided with the intention ranges.</S>
			<S sid ="23" ssid = "23">However, RT does not capture all types of lexical cohesion relations.</S>
			<S sid ="24" ssid = "24">In previous work, it was found that collocation (a lexical cohesion relation) was under-represented in the thesaurus.</S>
			<S sid ="25" ssid = "25">Furthermore, this process was not automated and relied on subjective decision making.</S>
			<S sid ="26" ssid = "26">Following Morris and Hirst&apos;s work, a segmentation algorithm was developed based on identifying lexical cohesion relations across a text.</S>
			<S sid ="27" ssid = "27">The proposed algorithm is fully automated, and a quantitative measure of the association between words is calculated.</S>
			<S sid ="28" ssid = "28">This algorithm utilises linguistic features additional to those captured in the thesaurus to identify the other types of lexical cohesion relations that can exist in text.</S>
			<S sid ="29" ssid = "29">1 Background Theory: Lexical Cohesion.</S>
			<S sid ="30" ssid = "30">Cohesion concerns how words in a text are related.</S>
			<S sid ="31" ssid = "31">The major work on cohesion in English was conducted by Halliday and Hasan (1976).</S>
			<S sid ="32" ssid = "32">An instance of cohesion between a pair of elements is referred to as a tie.</S>
			<S sid ="33" ssid = "33">Ties can be anaphoric or cataphoric, and located at both the sentential and suprasentential level.</S>
			<S sid ="34" ssid = "34">Halliday and Hasan classified cohesion under two types: grammatical and lexical.</S>
			<S sid ="35" ssid = "35">Grammatical cohesion is expressed through the grammatical relations in text such as ellipsis and conjunction.</S>
			<S sid ="36" ssid = "36">Lexical cohesion is expressed through the vocabulary used in text and the semantic relations between those words.</S>
			<S sid ="37" ssid = "37">Identifying semantic relations in a text can be a useful indicator of its conceptual structure.</S>
			<S sid ="38" ssid = "38">Lexical cohesion is divided into three classes: general noun, reiteration and collocation.</S>
			<S sid ="39" ssid = "39">General noun&apos;s cohesive function is both grammatical and lexical, although Halliday and Hasan&apos;s analysis showed that this class plays a minor cohesive role.</S>
			<S sid ="40" ssid = "40">Consequently, it was not further considered.</S>
			<S sid ="41" ssid = "41">Reiteration is subdivided into four cohesive effects: word repetition (e.g. ascent and ascent), synonym (e.g. ascent and climb) which includes near-synonym and hyponym, superordinate (e.g. ascent and task) and general word (e.g. ascent and thing).</S>
			<S sid ="42" ssid = "42">The effect of general word is difficult to automatically identify because no common referent exists between the general word and the word to which it refers.</S>
			<S sid ="43" ssid = "43">A collocation is a predisposed combination of words, typically pairwise words, that tend to regularly co-occur (e.g. orange and peel).</S>
			<S sid ="44" ssid = "44">All semantic relations not classified under the class of reiteration are attributed to the class of collocation.</S>
	</SECTION>
	<SECTION title="Identifying Lexical Cohesion. " number = "2">
			<S sid ="45" ssid = "1">To automatically detect lexical cohesion tics between pairwise words, three linguistic features were considered: word repetition, collocation and relation weights.</S>
			<S sid ="46" ssid = "2">The first two methods represent lexical cohesion relations.</S>
			<S sid ="47" ssid = "3">Word repetition is a component of the lexical cohesion class of reiteration, and collocation is a lexical cohesion class in its entirety.</S>
			<S sid ="48" ssid = "4">The remaining types of lexical cohesion considered, include synonym and superordinate (the cohesive effect of general word was not included).</S>
			<S sid ="49" ssid = "5">These types can be identified using relation weights (Jobbins and Evett, 1998).</S>
			<S sid ="50" ssid = "6">Word repetition: Word repetition ties in lexical cohesion are identified by same word matches and matches on inflections derived from the same stem.</S>
			<S sid ="51" ssid = "7">An inflected word was reduced to its stem by look­ up in a lexicon (Keenan and Evett, 1989) comprising inflection and stem word pair records (e.g. &quot;orange oranges&quot;).</S>
			<S sid ="52" ssid = "8">Collocation: Collocations were extracted from a seven million word sample of the Longman English Language Corpus using the association ratio (Church and Hanks, 1990) and outputted to a lexicon.</S>
			<S sid ="53" ssid = "9">Collocations were automatically located in a text by looking up pairwise words in this lexicon.</S>
			<S sid ="54" ssid = "10">Figure 1 shows the record for the headword orange followed by its collocates.</S>
			<S sid ="55" ssid = "11">For example, the pairwise words orange and peel form a collocation.</S>
			<S sid ="56" ssid = "12">orange free green lemon peel red state yellow Figure 1.</S>
			<S sid ="57" ssid = "13">Excerpt from the collocation lexicon.</S>
			<S sid ="58" ssid = "14">Relation Weights: Relation weights quantify the amount of semantic relation between words based on the lexical organisation of RT (Jobbins and Evett, 1995).</S>
			<S sid ="59" ssid = "15">A thesaurus is a collection of synonym groups, indicating that synonym relations are captured, and the hierarchical structure of RT implies that superordinate relations are also captured.</S>
			<S sid ="60" ssid = "16">An alphabetically-ordered index of RT was generated, referred to as the Thesaurus Lexicon (TLex).</S>
			<S sid ="61" ssid = "17">Relation weights for pairwise words are calculated based on the satisfaction of one or more of four possible connections in TLex.</S>
	</SECTION>
	<SECTION title="Proposed Segmentation Algorithm. " number = "3">
			<S sid ="62" ssid = "1">The proposed segmentation algorithm compares adjacent windows of sentences and determines their lexical similarity.</S>
			<S sid ="63" ssid = "2">A window size of three sentences was found to produce the best results.</S>
			<S sid ="64" ssid = "3">Multiple sentences were compared because calculating lexical similarity between words is too fine (Rotondo, 1984) and between individual sentences is unreliable (Salton and Buckley, 1991).</S>
			<S sid ="65" ssid = "4">Lexical similarity is calculated for each window comparison based on the proportion of related words, and is given as a normalised score.</S>
			<S sid ="66" ssid = "5">Word repetitions are identified between identical words and words derived from the same stem.</S>
			<S sid ="67" ssid = "6">troughs placed subject change linguistic feature points located average std.</S>
			<S sid ="68" ssid = "7">dev.</S>
			<S sid ="69" ssid = "8">(out of 42 poss.)</S>
			<S sid ="70" ssid = "9">word repetition 7.1 3.16 41 collocation (97.6%) word repetition 7.3 5.22 41 relation weights (97.6%) 41 Collocations are located by looking up word pairs in the collocation lexicon.</S>
			<S sid ="71" ssid = "10">Relation weights are word repetition 8.5 3.62 (97.6%) calculated between pairwise words according to their location in RT.</S>
			<S sid ="72" ssid = "11">The lexical similarity score indicates the amount of lexical cohesion demonstrated by two windows.</S>
			<S sid ="73" ssid = "12">Scores plotted on a graph show a series of peaks (high scores) and troughs (low scores).</S>
			<S sid ="74" ssid = "13">Low scores indicate a weak collocation 5.8 3.70 40 relation weights (95.2%) word repetition 40 collocation 6.4 4.72 (95.2%) relation weights 39 level of cohesion.</S>
			<S sid ="75" ssid = "14">Hence, a trough signals a potential subject change and texts can be relation weights 7 4.23 (92.9%) segmented at these points.</S>
	</SECTION>
	<SECTION title="Experiment 1: Locating Subject Change. " number = "4">
			<S sid ="76" ssid = "1">An investigation was conducted to determine whether the segmentation algorithm could reliably locate subject change in text.</S>
			<S sid ="77" ssid = "2">Method: Seven topical articles of between 250 to 450 words in length were extracted from the World Wide Web.</S>
			<S sid ="78" ssid = "3">A total of 42 texts for test data were generated by concatenating pairs of these articles.</S>
			<S sid ="79" ssid = "4">Hence, each generated text consisted of two articles.</S>
			<S sid ="80" ssid = "5">The transition from the first article to the second represented a known subject change point.</S>
			<S sid ="81" ssid = "6">Previous work has identified the breaks between concatenated texts to evaluate the performance of text segmentation algorithms (Reynar, 1994; Stairmand, 1997).</S>
			<S sid ="82" ssid = "7">For each text, the troughs placed by the segmentation algorithm were compared to the location of the known subject change point in that text.</S>
			<S sid ="83" ssid = "8">An error margin of one sentence either side of this point, determined by empirical analysis, was allowed.</S>
			<S sid ="84" ssid = "9">Results: Table I gives the results for the comparison of the troughs placed by the segmentation algorithm to the known subject change points.</S>
			<S sid ="85" ssid = "10">collocation 6.3 3.83 35 (83.3%) Table 1.</S>
			<S sid ="86" ssid = "11">Comparison of segmentation algorithm using different linguistic features.</S>
			<S sid ="87" ssid = "12">Discussion: The segmentation algorithm using the linguistic features word repetition and collocation in combination achieved the best result.</S>
			<S sid ="88" ssid = "13">A total of 41 out of a possible 42 known subject change points were identified from the least number of troughs placed per text (7.I).</S>
			<S sid ="89" ssid = "14">For the text where the known subject change point went undetected, a total of three troughs were placed at sentences 6, 11 and 18.</S>
			<S sid ="90" ssid = "15">The subject change point occurred at sentence 13, just two sentences after a predicted subject change at sentence 11.</S>
			<S sid ="91" ssid = "16">In this investigation, word repetition alone achieved better results than using either collocation or relation weights individually.</S>
			<S sid ="92" ssid = "17">The combination of word repetition with another linguistic feature improved on its individual result, where less troughs were placed per text.</S>
	</SECTION>
	<SECTION title="Experiment 2: Test Subject Evaluation. " number = "5">
			<S sid ="93" ssid = "1">The objective of the current investigation was to determine whether all troughs coincide with a subject change.</S>
			<S sid ="94" ssid = "2">The troughs placed by the algorithm were compared to the segmentations identified by test subjects for the same texts.</S>
			<S sid ="95" ssid = "3">Method: Twenty texts were randomly selected for test data each consisting of approximately 500 words.</S>
			<S sid ="96" ssid = "4">These texts were presented to seven test subjects who were instructed to identify the sentences at which a new subject area commenced.</S>
			<S sid ="97" ssid = "5">No restriction was placed on the number of subject changes that could be identified.</S>
			<S sid ="98" ssid = "6">Segmentation points, indicating a change of subject, were determined by the agreement of three or more test subjects (Litman ami Passonneau, 1996).</S>
			<S sid ="99" ssid = "7">Adjacent segmentation points were treated as one point because it is likely that they refer to the same subject change.</S>
			<S sid ="100" ssid = "8">The troughs placed by the segmentation algorithm were compared to the segmentation points identified by the test subjects.</S>
			<S sid ="101" ssid = "9">In Experiment 1, the top five approaches investigated identified at least 40 out of 42 known subject change points.</S>
			<S sid ="102" ssid = "10">Due to that success, these five approaches were applied in this experiment.</S>
			<S sid ="103" ssid = "11">To evaluate the results, the information retrieval metrics precision and recall were used.</S>
			<S sid ="104" ssid = "12">These metrics have tended to be adopted for the assessment of text segmentation algorithms, but they do not provide a scale of correctness (Beeferman et al., 1997).</S>
			<S sid ="105" ssid = "13">The degree to which a segmentation point was &apos;missed&apos; by a trough, for instance, is not considered.</S>
			<S sid ="106" ssid = "14">Allowing an error margin provides some degree of flexibility.</S>
			<S sid ="107" ssid = "15">An error margin of two sentences either side of a segmentation point was used by Hearst (1993) and Reynar ( 1994) allowed three sentences.</S>
			<S sid ="108" ssid = "16">In this investigation, an error margin of two sentences was considered.</S>
			<S sid ="109" ssid = "17">Results: Table 2 gives the mean values for the comparison of troughs placed by the segmentation algorithm to the segmentation points identified by the test subjects for all the texts.</S>
			<S sid ="110" ssid = "18">Discussion: The segmentation algorithm usmg word repetition and relation weights in combination achieved mean precision and recall rates of 0.80 and 0.69, respectively.</S>
			<S sid ="111" ssid = "19">For 9 out of the 20 texts segmented, all troughs were relevant.</S>
			<S sid ="112" ssid = "20">Therefore, many of the troughs placed by the segmentation algorithm represented valid subject Table 2.</S>
			<S sid ="113" ssid = "21">Comparison of troughs to segmentation points placed by the test subjects.</S>
			<S sid ="114" ssid = "22">changes.</S>
			<S sid ="115" ssid = "23">Both word repetition in combination with collocation and all three features in combination also achieved a precision rate of 0.80 but attained a lower recall rate of 0.62.</S>
			<S sid ="116" ssid = "24">These results demonstrate that supplementing word repetition with other linguistic features can improve text segmentation.</S>
			<S sid ="117" ssid = "25">As an example, a text segmentation algorithm developed by Hearst ( 1994) based on word repetition alone attained inferior precision and recall rates of 0.66 and 0.61.</S>
			<S sid ="118" ssid = "26">In this investigation, recall rates tended to be lower than precision rates because the algorithm identified fewer segments (4.1 per text) than the test subjects (4.5).</S>
			<S sid ="119" ssid = "27">Each text was only 500 words in length and was related to a specific subject area.</S>
			<S sid ="120" ssid = "28">These factors limited the degree of subject change that occurred.</S>
			<S sid ="121" ssid = "29">Consequently, the test subjects tended to identify subject changes that were more subtle than the algorithm could detect.</S>
			<S sid ="122" ssid = "30">Conclusion The text segmentation algorithm developed used three linguistic features to automatically detect lexical cohesion relations across windows.</S>
			<S sid ="123" ssid = "31">The combination of features word repetition and relation weights produced the best precision and recall rates of 0.80 and 0.69.</S>
			<S sid ="124" ssid = "32">When used in isolation, the performance of each feature was inferior to a combined approach.</S>
			<S sid ="125" ssid = "33">This fact provides evidence that different lexical relations are detected by each linguistic feature considered.</S>
			<S sid ="126" ssid = "34">Areas for improving the segmentation algorithm include incorporation of a threshold for troughs.</S>
			<S sid ="127" ssid = "35">Currently, all troughs indicate a subject change, however, minor fluctuations in scores may be discounted.</S>
			<S sid ="128" ssid = "36">Future work with this algorithm should include application to longer documents.</S>
			<S sid ="129" ssid = "37">With trough thresholding the segments identified in longer documents could detect significant subject changes.</S>
			<S sid ="130" ssid = "38">Having located the related segments in text, a method of determining the subject of each segment could be developed, for example, for information retrieval purposes.</S>
	</SECTION>
</PAPER>
