Index,Reference,Reference Text
0,C02-1033,['Hybrid systems that combine the approaches we have presented were also developed and illustrated the interest of such a combination']
1,C02-1033,"['Thus, Table 1 confirms the fact reported in (Jobbins and Evett, 1998) that using collocations together with word recurrence is an interesting approach for text segmentation.']"
2,ICDAR99,"['In earlier work [11] a text segmentation algorithm was described that captured all types of lexical cohesion ties.', 'To automatically find ties between pairwise words three features were developed']"
3,P07-1061,['Hybrid systems that combine the approaches we have presented were also developed and illustrated the interest of such a combination']
4,P07-1061,"['When no external knowledge is used, this similarity is only based on the strict reiteration of words.', 'But it can be enhanced by taking into account semantic relations between words.', 'This was done for instance in (Jobbins and Evett, 1998) by taking semantic relations from Rogets Thesaurus.']"
5,P07-1061,"['The cohesion in the part of text delimited by this window is evaluated by measuring the word reiteration between its two sides.', 'This is done in our case by applying the Dice coefficient between the two sides of the focus window, following (Jobbins and Evett, 1998).']"
6,P07-1061,"['This evaluation is also a weak point as card(Wl  Wr ) only relies on word reiteration.', 'As a consequence, two different words that respectively belongs to Wl and Wr but also belong to the same text topic cannot contribute l r to the identification of a possible topical similarity This measure was adopted instead of the Cosine measure used in TextTiling because its definition in terms of sets makes it easier to extend for taking into account other types of relations, as in (Jobbins and Evett, 1998).']"
7,P07-1061,"['In fact, the way we use relations between words is closer to (Jobbins and Evett, 1998), even if the relations in this work come from a network of co-occurrences or a thesaurus rather than from text topics.', 'In both cases the similarity of two text units is determined by the proportion of their words that are part of a relation across the two units.']"
8,P07-1061,"['This network could also be used more directly for topic segmentation as in (Job- bins and Evett, 1998).']"
9,P04470,"['In other words, meaning of UW can be found generally through co- occurrence words [5].']"
10,P06128,"['In information retrieval, to segment a long document into distinct topics is useful because only the topical segments relevant to the users needs are retrieved [1].']"
11,S0885,"['Indeed, the primary goal of semantic relations is obviously to ensure that two semantically related words, e.g., car and drive, contribute to the lexical cohesion, thus avoiding erroneous topic boundaries between two such words.', 'These different methods can use semantic relations that are manually defined by experts, as in Morris and Hirst (1991), or extracted automatically from corpora (Ferret, 2006; Jobbins and Evett, 1998).']"
