Reference,Reference Text
ABSTRACT,a method is presented for segmenting text into subtopic areas.
ABSTRACT,the proportion of related pairwise words is calculated between adjacent windows of text to determine their lexical similarity.
ABSTRACT,the lexical cohesion relations of reiteration and collocation are used to identify related words.
ABSTRACT,"these relations are automatically located using a combination of three linguistic features: word repetition, collocation and relation weights."
ABSTRACT,this method is shown to successfully detect known subject changes in text and corresponds well to the segmentations placed by test subjects.
Introduction,many examples of heterogeneous data can be found in daily life.
Introduction,"the wall street journal archives, for example, consist of a series of articles about different subject areas."
Introduction,"segmenting such data into distinct topics is useful for information retrieval, where only those segments relevant to a user's query can be retrieved."
Introduction,text segmentation could also be used as a pre-processing step in automatic summarisation.
Introduction,each segment could be summarised individually and then combined to provide an abstract for a document.
Introduction,previous work on text segmentation has used term matching to identify clusters of related text.
Introduction,"salton and buckley (1992) and later, hearst (1994) extracted related text pmtions by matching high frequency terms."
Introduction,"yaari ( 1997) segmented text into a hierarchical structure, identifying sub-segments of larger segments."
Introduction,ponte and croft ( 1997) used word co-occurrences to expand the number of terms for matching.
Introduction,reynar ( 1994) compared all lindsay j
Introduction,"evett department of computing nottingham trent university nottingham ngi 4bu, uk lje@doc.ntu.ac.uk words across a text rather than the more usual nearest neighbours."
Introduction,"a problem with using word repetition is that inappropriate matches can be made because of the lack of contextual information (salton et al., 1994)."
Introduction,another approach to text segmentation is the detection of semantically related words.
Introduction,"hearst (1993) incorporated semantic information derived from wordnet but in later work reported that this information actually degraded word repetition results (hearst, 1994)."
Introduction,"related words have been located using spreading activation on a semantic network (kozima, 1993), although only one text was segmented."
Introduction,another approach extracted semantic information from roget's thesaurus (rt).
Introduction,"lexical cohesion relations (halliday and hasan, 1976) between words were identified in rt and used to construct lexical chains of related words in five texts (morris and hirst, 1991 )."
Introduction,"it was reported that the lexical chains closely correlated to the intentional structure (grosz and sidner, 1986) of the texts, where the start and end of chains coincided with the intention ranges."
Introduction,"however, rt does not capture all types of lexical cohesion relations."
Introduction,"in previous work, it was found that collocation (a lexical cohesion relation) was under-represented in the thesaurus."
Introduction,"furthermore, this process was not automated and relied on subjective decision making."
Introduction,"following morris and hirst's work, a segmentation algorithm was developed based on identifying lexical cohesion relations across a text."
Introduction,"the proposed algorithm is fully automated, and a quantitative measure of the association between words is calculated."
Introduction,this algorithm utilises linguistic features additional to those captured in the thesaurus to identify the other types of lexical cohesion relations that can exist in text.
Introduction,1 background theory: lexical cohesion.
Introduction,cohesion concerns how words in a text are related.
Introduction,the major work on cohesion in english was conducted by halliday and hasan (1976).
Introduction,an instance of cohesion between a pair of elements is referred to as a tie.
Introduction,"ties can be anaphoric or cataphoric, and located at both the sentential and suprasentential level."
Introduction,halliday and hasan classified cohesion under two types: grammatical and lexical.
Introduction,grammatical cohesion is expressed through the grammatical relations in text such as ellipsis and conjunction.
Introduction,lexical cohesion is expressed through the vocabulary used in text and the semantic relations between those words.
Introduction,identifying semantic relations in a text can be a useful indicator of its conceptual structure.
Introduction,"lexical cohesion is divided into three classes: general noun, reiteration and collocation."
Introduction,"general noun's cohesive function is both grammatical and lexical, although halliday and hasan's analysis showed that this class plays a minor cohesive role."
Introduction,"consequently, it was not further considered."
Introduction,reiteration is subdivided into four cohesive effects: word repetition (e.g
Introduction,"ascent and ascent), synonym (e.g"
Introduction,"ascent and climb) which includes near-synonym and hyponym, superordinate (e.g"
Introduction,ascent and task) and general word (e.g
Introduction,ascent and thing).
Introduction,the effect of general word is difficult to automatically identify because no common referent exists between the general word and the word to which it refers.
Introduction,"a collocation is a predisposed combination of words, typically pairwise words, that tend to regularly co-occur (e.g"
Introduction,orange and peel).
Introduction,all semantic relations not classified under the class of reiteration are attributed to the class of collocation.
Identifying Lexical Cohesion. ,"to automatically detect lexical cohesion tics between pairwise words, three linguistic features were considered: word repetition, collocation and relation weights."
Identifying Lexical Cohesion. ,the first two methods represent lexical cohesion relations.
Identifying Lexical Cohesion. ,"word repetition is a component of the lexical cohesion class of reiteration, and collocation is a lexical cohesion class in its entirety."
Identifying Lexical Cohesion. ,"the remaining types of lexical cohesion considered, include synonym and superordinate (the cohesive effect of general word was not included)."
Identifying Lexical Cohesion. ,"these types can be identified using relation weights (jobbins and evett, 1998)."
Identifying Lexical Cohesion. ,word repetition: word repetition ties in lexical cohesion are identified by same word matches and matches on inflections derived from the same stem.
Identifying Lexical Cohesion. ,"an inflected word was reduced to its stem by look­ up in a lexicon (keenan and evett, 1989) comprising inflection and stem word pair records (e.g"
Identifying Lexical Cohesion. ,"""orange oranges"")."
Identifying Lexical Cohesion. ,"collocation: collocations were extracted from a seven million word sample of the longman english language corpus using the association ratio (church and hanks, 1990) and outputted to a lexicon."
Identifying Lexical Cohesion. ,collocations were automatically located in a text by looking up pairwise words in this lexicon.
Identifying Lexical Cohesion. ,figure 1 shows the record for the headword orange followed by its collocates.
Identifying Lexical Cohesion. ,"for example, the pairwise words orange and peel form a collocation."
Identifying Lexical Cohesion. ,orange free green lemon peel red state yellow figure 1.
Identifying Lexical Cohesion. ,excerpt from the collocation lexicon.
Identifying Lexical Cohesion. ,"relation weights: relation weights quantify the amount of semantic relation between words based on the lexical organisation of rt (jobbins and evett, 1995)."
Identifying Lexical Cohesion. ,"a thesaurus is a collection of synonym groups, indicating that synonym relations are captured, and the hierarchical structure of rt implies that superordinate relations are also captured."
Identifying Lexical Cohesion. ,"an alphabetically-ordered index of rt was generated, referred to as the thesaurus lexicon (tlex)."
Identifying Lexical Cohesion. ,relation weights for pairwise words are calculated based on the satisfaction of one or more of four possible connections in tlex.
Proposed Segmentation Algorithm. ,the proposed segmentation algorithm compares adjacent windows of sentences and determines their lexical similarity.
Proposed Segmentation Algorithm. ,a window size of three sentences was found to produce the best results.
Proposed Segmentation Algorithm. ,"multiple sentences were compared because calculating lexical similarity between words is too fine (rotondo, 1984) and between individual sentences is unreliable (salton and buckley, 1991)."
Proposed Segmentation Algorithm. ,"lexical similarity is calculated for each window comparison based on the proportion of related words, and is given as a normalised score."
Proposed Segmentation Algorithm. ,word repetitions are identified between identical words and words derived from the same stem.
Proposed Segmentation Algorithm. ,troughs placed subject change linguistic feature points located average std.
Proposed Segmentation Algorithm. ,(out of 42 poss.)
Proposed Segmentation Algorithm. ,word repetition 7.1 3.16 41 collocation (97.6%) word repetition 7.3 5.22 41 relation weights (97.6%) 41 collocations are located by looking up word pairs in the collocation lexicon.
Proposed Segmentation Algorithm. ,relation weights are word repetition 8.5 3.62 (97.6%) calculated between pairwise words according to their location in rt.
Proposed Segmentation Algorithm. ,the lexical similarity score indicates the amount of lexical cohesion demonstrated by two windows.
Proposed Segmentation Algorithm. ,scores plotted on a graph show a series of peaks (high scores) and troughs (low scores).
Proposed Segmentation Algorithm. ,low scores indicate a weak collocation 5.8 3.70 40 relation weights (95.2%) word repetition 40 collocation 6.4 4.72 (95.2%) relation weights 39 level of cohesion.
Proposed Segmentation Algorithm. ,"hence, a trough signals a potential subject change and texts can be relation weights 7 4.23 (92.9%) segmented at these points."
Experiment 1: Locating Subject Change. ,an investigation was conducted to determine whether the segmentation algorithm could reliably locate subject change in text.
Experiment 1: Locating Subject Change. ,method: seven topical articles of between 250 to 450 words in length were extracted from the world wide web.
Experiment 1: Locating Subject Change. ,a total of 42 texts for test data were generated by concatenating pairs of these articles.
Experiment 1: Locating Subject Change. ,"hence, each generated text consisted of two articles."
Experiment 1: Locating Subject Change. ,the transition from the first article to the second represented a known subject change point.
Experiment 1: Locating Subject Change. ,"previous work has identified the breaks between concatenated texts to evaluate the performance of text segmentation algorithms (reynar, 1994; stairmand, 1997)."
Experiment 1: Locating Subject Change. ,"for each text, the troughs placed by the segmentation algorithm were compared to the location of the known subject change point in that text."
Experiment 1: Locating Subject Change. ,"an error margin of one sentence either side of this point, determined by empirical analysis, was allowed."
Experiment 1: Locating Subject Change. ,results: table i gives the results for the comparison of the troughs placed by the segmentation algorithm to the known subject change points.
Experiment 1: Locating Subject Change. ,collocation 6.3 3.83 35 (83.3%) table 1.
Experiment 1: Locating Subject Change. ,comparison of segmentation algorithm using different linguistic features.
Experiment 1: Locating Subject Change. ,discussion: the segmentation algorithm using the linguistic features word repetition and collocation in combination achieved the best result.
Experiment 1: Locating Subject Change. ,a total of 41 out of a possible 42 known subject change points were identified from the least number of troughs placed per text (7.i).
Experiment 1: Locating Subject Change. ,"for the text where the known subject change point went undetected, a total of three troughs were placed at sentences 6, 11 and 18."
Experiment 1: Locating Subject Change. ,"the subject change point occurred at sentence 13, just two sentences after a predicted subject change at sentence 11."
Experiment 1: Locating Subject Change. ,"in this investigation, word repetition alone achieved better results than using either collocation or relation weights individually."
Experiment 1: Locating Subject Change. ,"the combination of word repetition with another linguistic feature improved on its individual result, where less troughs were placed per text."
Experiment 2: Test Subject Evaluation. ,the objective of the current investigation was to determine whether all troughs coincide with a subject change.
Experiment 2: Test Subject Evaluation. ,the troughs placed by the algorithm were compared to the segmentations identified by test subjects for the same texts.
Experiment 2: Test Subject Evaluation. ,method: twenty texts were randomly selected for test data each consisting of approximately 500 words.
Experiment 2: Test Subject Evaluation. ,these texts were presented to seven test subjects who were instructed to identify the sentences at which a new subject area commenced.
Experiment 2: Test Subject Evaluation. ,no restriction was placed on the number of subject changes that could be identified.
Experiment 2: Test Subject Evaluation. ,"segmentation points, indicating a change of subject, were determined by the agreement of three or more test subjects (litman ami passonneau, 1996)."
Experiment 2: Test Subject Evaluation. ,adjacent segmentation points were treated as one point because it is likely that they refer to the same subject change.
Experiment 2: Test Subject Evaluation. ,the troughs placed by the segmentation algorithm were compared to the segmentation points identified by the test subjects.
Experiment 2: Test Subject Evaluation. ,"in experiment 1, the top five approaches investigated identified at least 40 out of 42 known subject change points."
Experiment 2: Test Subject Evaluation. ,"due to that success, these five approaches were applied in this experiment."
Experiment 2: Test Subject Evaluation. ,"to evaluate the results, the information retrieval metrics precision and recall were used."
Experiment 2: Test Subject Evaluation. ,"these metrics have tended to be adopted for the assessment of text segmentation algorithms, but they do not provide a scale of correctness (beeferman et al., 1997)."
Experiment 2: Test Subject Evaluation. ,"the degree to which a segmentation point was 'missed' by a trough, for instance, is not considered."
Experiment 2: Test Subject Evaluation. ,allowing an error margin provides some degree of flexibility.
Experiment 2: Test Subject Evaluation. ,an error margin of two sentences either side of a segmentation point was used by hearst (1993) and reynar ( 1994) allowed three sentences.
Experiment 2: Test Subject Evaluation. ,"in this investigation, an error margin of two sentences was considered."
Experiment 2: Test Subject Evaluation. ,results: table 2 gives the mean values for the comparison of troughs placed by the segmentation algorithm to the segmentation points identified by the test subjects for all the texts.
Experiment 2: Test Subject Evaluation. ,"discussion: the segmentation algorithm usmg word repetition and relation weights in combination achieved mean precision and recall rates of 0.80 and 0.69, respectively."
Experiment 2: Test Subject Evaluation. ,"for 9 out of the 20 texts segmented, all troughs were relevant."
Experiment 2: Test Subject Evaluation. ,"therefore, many of the troughs placed by the segmentation algorithm represented valid subject table 2."
Experiment 2: Test Subject Evaluation. ,comparison of troughs to segmentation points placed by the test subjects.
Experiment 2: Test Subject Evaluation. ,both word repetition in combination with collocation and all three features in combination also achieved a precision rate of 0.80 but attained a lower recall rate of 0.62.
Experiment 2: Test Subject Evaluation. ,these results demonstrate that supplementing word repetition with other linguistic features can improve text segmentation.
Experiment 2: Test Subject Evaluation. ,"as an example, a text segmentation algorithm developed by hearst ( 1994) based on word repetition alone attained inferior precision and recall rates of 0.66 and 0.61."
Experiment 2: Test Subject Evaluation. ,"in this investigation, recall rates tended to be lower than precision rates because the algorithm identified fewer segments (4.1 per text) than the test subjects (4.5)."
Experiment 2: Test Subject Evaluation. ,each text was only 500 words in length and was related to a specific subject area.
Experiment 2: Test Subject Evaluation. ,these factors limited the degree of subject change that occurred.
Experiment 2: Test Subject Evaluation. ,"consequently, the test subjects tended to identify subject changes that were more subtle than the algorithm could detect."
Experiment 2: Test Subject Evaluation. ,conclusion the text segmentation algorithm developed used three linguistic features to automatically detect lexical cohesion relations across windows.
Experiment 2: Test Subject Evaluation. ,the combination of features word repetition and relation weights produced the best precision and recall rates of 0.80 and 0.69.
Experiment 2: Test Subject Evaluation. ,"when used in isolation, the performance of each feature was inferior to a combined approach."
Experiment 2: Test Subject Evaluation. ,this fact provides evidence that different lexical relations are detected by each linguistic feature considered.
Experiment 2: Test Subject Evaluation. ,areas for improving the segmentation algorithm include incorporation of a threshold for troughs.
Experiment 2: Test Subject Evaluation. ,"currently, all troughs indicate a subject change, however, minor fluctuations in scores may be discounted."
Experiment 2: Test Subject Evaluation. ,future work with this algorithm should include application to longer documents.
Experiment 2: Test Subject Evaluation. ,with trough thresholding the segments identified in longer documents could detect significant subject changes.
Experiment 2: Test Subject Evaluation. ,"having located the related segments in text, a method of determining the subject of each segment could be developed, for example, for information retrieval purposes."
