ref,citation_10,reference_id
"The source descriptions may also be written in higher-level notations (e.g. lexc (Karttunen, 1993), twolc (Karttunen and Beesley, 1992) and Replace Rules (Karttunen, 1995; Karttunen, 1996; Kempe and Karttunen, 1996)) that are simply helpful short- hands for regular expressions and that compile, using their dedicated compilers, into finite-state networks.",0.2747531298926986,reference_39
"All the finite-state operations (concatenation, union, intersection, composition, etc.) can be simulated by an apply routine at runtime.",0.23211917272131485,reference_49
"Finite-state morphology in the tradition of the Two-Level (Koskenniemi, 1983) and Xerox implementations (Karttunen, 1991; Karttunen, 1994; Beesley and Karttunen, 2000) has been very successful in implementing large-scale, robust and efficient morphological analyzergenerators for concatenative languages, includ ing the commercially important European languages and non-Indo-European examples like 1 I wish to thank Stuart Newton for this example.",0.2292273020245011,reference_7
"This insight of Kataja and Koskenniemi was applied by Beesley in a large-scale morphological analyzer for Arabic, first using an implementation that simulated the intersection of stems in code at runtime (Beesley, 1989; Beesley et al., 1989; Beesley, 1990; Beesley, 1991), and ran rather slowly; and later, using Xerox finite-state technology (Beesley, 1996; Beesley, 1998a), a new implementation that intersected the stems at compile time and performed well at runtime.",0.2265461887154396,reference_122
"Analyzer/Generator The current Arabic system has been described in some detail in previous publications (Beesley, 1996; Beesley, 1998a; Beesley, 1998b) and is available for testing on the Internet.7 The modification of the system to use the compile-replace algorithm has not changed the size or the behavior of the system in any way, but it has reduced the compilation time from hours to minutes.",0.2229254143544687,reference_198
