ref,citation_8,reference_id
We describe a new technique for constructing finite- state transducers that involves reapplying the regular-expression compiler to its own output.,0.5976143046671968,reference_2
"The technique described here, implemented in the compile-replace algorithm, allows the regular-expression compiler to reapply to and modify its own output, effectively freeing morphotactic description to use any finite-state operation.",0.34156502553198664,reference_201
"Regular-expression descriptions are compiled into finite-state automata or transducers (collectively called networks) as usual, and then the compiler is reapplied to its own output, producing a modified but still finite- state network.",0.3263766828841098,reference_14
The technique implemented in compile-replace is a general way of allowing the regular-expression compiler to reapply to and modify its own output.,0.31008683647302115,reference_107
The implementation is described in Kiraz and GrimleyEvans (1999).,0.298142396999972,reference_117
