ref,citation_2,reference_id
A].,0.2970442628930023,reference_168
"That is, we redefine L as ""^["" ""["" L XX ""]"" ""^"" 2 ""^]"", and apply the compile-replace operation.",0.2656844656620286,reference_220
"Finite-state morphology in the tradition of the Two-Level (Koskenniemi, 1983) and Xerox implementations (Karttunen, 1991; Karttunen, 1994; Beesley and Karttunen, 2000) has been very successful in implementing large-scale, robust and efficient morphological analyzergenerators for concatenative languages, includ ing the commercially important European languages and non-Indo-European examples like 1 I wish to thank Stuart Newton for this example.",0.21170244960998524,reference_7
"When a ^[ is encountered, the algorithm looks for a closing ^] and extracts the path between the delimiters to be handled in a special way: 1.",0.20211302086361085,reference_65
"For example, we could choose .m. as the operator and decide by convention which of the two operands plays which role in expressions such as [A .m. B].",0.19672236884115846,reference_164
