ref,citation_5,reference_id
A].,0.2721655269759087,reference_168
"Some extensions or revisions will be necessary for an adequate description of languages possessing extensive infixation or reduplication” (Koskenniemi, 1983, 27).",0.2703690352179376,reference_10
"Finite-state morphology in the tradition of the Two-Level (Koskenniemi, 1983) and Xerox implementations (Karttunen, 1991; Karttunen, 1994; Beesley and Karttunen, 2000) has been very successful in implementing large-scale, robust and efficient morphological analyzergenerators for concatenative languages, includ ing the commercially important European languages and non-Indo-European examples like 1 I wish to thank Stuart Newton for this example.",0.2545875386086578,reference_7
The implementation is described in Kiraz and GrimleyEvans (1999).,0.23570226039551584,reference_117
"The source descriptions may also be written in higher-level notations (e.g. lexc (Karttunen, 1993), twolc (Karttunen and Beesley, 1992) and Replace Rules (Karttunen, 1995; Karttunen, 1996; Kempe and Karttunen, 1996)) that are simply helpful short- hands for regular expressions and that compile, using their dedicated compilers, into finite-state networks.",0.23249527748763854,reference_39
