ref,citation_0,reference_id
We describe a new technique for constructing finite- state transducers that involves reapplying the regular-expression compiler to its own output.,0.5248906591678238,reference_2
The technique implemented in compile-replace is a general way of allowing the regular-expression compiler to reapply to and modify its own output.,0.3631365196012815,reference_107
"The technique described here, implemented in the compile-replace algorithm, allows the regular-expression compiler to reapply to and modify its own output, effectively freeing morphotactic description to use any finite-state operation.",0.3333333333333333,reference_201
"Regular-expression descriptions are compiled into finite-state automata or transducers (collectively called networks) as usual, and then the compiler is reapplied to its own output, producing a modified but still finite- state network.",0.31851102863530306,reference_14
"There is nothing to stop the linguist from inserting delimiters multiple times, including via composition, and reapplying compile-replace multiple times (see the Appendix).",0.3003757045930553,reference_106
