ref,citation_4,reference_id
"Finite-state morphology in the tradition of the Two-Level (Koskenniemi, 1983) and Xerox implementations (Karttunen, 1991; Karttunen, 1994; Beesley and Karttunen, 2000) has been very successful in implementing large-scale, robust and efficient morphological analyzergenerators for concatenative languages, includ ing the commercially important European languages and non-Indo-European examples like 1 I wish to thank Stuart Newton for this example.",0.30304576336566325,reference_7
"However, it has long been recognized that these implementations have serious limitations in handling non-concatenative phenomena.",0.2631806779839076,reference_1
A].,0.2519763153394848,reference_168
"The source descriptions may also be written in higher-level notations (e.g. lexc (Karttunen, 1993), twolc (Karttunen and Beesley, 1992) and Replace Rules (Karttunen, 1995; Karttunen, 1996; Kempe and Karttunen, 1996)) that are simply helpful short- hands for regular expressions and that compile, using their dedicated compilers, into finite-state networks.",0.25112360116696136,reference_39
"In work more directly related to the current solution, it was Kataja and Koskenniemi (1988) who first demonstrated that Semitic (Akkadian) roots and patterns5 could be formalized as regular languages, and that the non-concatenative interdigitation of stems could be elegantly formalized as the intersection of those regular languages.",0.24743582965269675,reference_118
