ref,citation_6,reference_id
In the regular expression calculus there are several operators that involve concatenation.,0.298142396999972,reference_95
A].,0.2581988897471611,reference_168
The expression [A .<m. B] represents the same merge operation as [B .m>.,0.2480694691784169,reference_167
To introduce the merge operation into the Xerox regular expression calculus we need to choose an operator symbol.,0.2480694691784169,reference_162
"The next, and somewhat delicate, step is to replace the XX markers by the desired operators, intersection and reverse, and to wrap the special regular expression delimiters ^[ and ^] around the whole lexicon.",0.22360679774997896,reference_222
