ref,citation_11,reference_id
"The source descriptions may also be written in higher-level notations (e.g. lexc (Karttunen, 1993), twolc (Karttunen and Beesley, 1992) and Replace Rules (Karttunen, 1995; Karttunen, 1996; Kempe and Karttunen, 1996)) that are simply helpful short- hands for regular expressions and that compile, using their dedicated compilers, into finite-state networks.",0.3017257145618857,reference_39
"That is, we redefine L as ""^["" ""["" L XX ""]"" ""^"" 2 ""^]"", and apply the compile-replace operation.",0.2961744388795461,reference_220
We will proceed with descriptions of how Malay reduplication and Semitic stem interdigitation are handled in finite-state morphology using the new compile-replace algorithm.,0.2867696673382022,reference_59
"But this task can be accomplished, in fact quite efficiently, by using the compile-replace technique.",0.27668578554642986,reference_212
"When a ^[ is encountered, the algorithm looks for a closing ^] and extracts the path between the delimiters to be handled in a special way: 1.",0.2703690352179376,reference_65
