ref,citation_7,reference_id
"The compile-replace algorithm, applied to the lower-side of this network, recognizes each individual delimited regular-expression substring like ^[{bagi}^2^], compiles it, and replaces it with the result of the compilation, here bagibagi.",0.2745625891934577,reference_101
"If the relation is finite-state, then it can be defined using the metalanguage of regular expressions; and, with a suitable compiler, the regular expression source code can be compiled into a finite-state transducer (fst), as shown in Figure 4, that implements the relation computationally.",0.2745625891934577,reference_28
We use the networks in Figure 13 to illustrate the effect of the merge algorithm.,0.25298221281347033,reference_150
"When a ^[ is encountered, the algorithm looks for a closing ^] and extracts the path between the delimiters to be handled in a special way: 1.",0.23570226039551584,reference_65
A].,0.2309401076758503,reference_168
