ref,citation_1,reference_id
A].,0.298142396999972,reference_168
"That is, we redefine L as ""^["" ""["" L XX ""]"" ""^"" 2 ""^]"", and apply the compile-replace operation.",0.26666666666666666,reference_220
4.2 Arabic Morphological.,0.2581988897471611,reference_197
"When a ^[ is encountered, the algorithm looks for a closing ^] and extracts the path between the delimiters to be handled in a special way: 1.",0.24343224778007386,reference_65
"The reduplication of any string w can then be notated as {w}^2, and we start by defining a network where the lower-side strings are built by simple concatenation of a prefix ^[, a root enclosed in braces, and an overt-plural suffix ^2 followed by the closing ^].",0.2397316507426921,reference_99
