Reference text
We describe a new technique for constructing finite- state transducers that involves reapplying the regular-expression compiler to its own output.
The technique implemented in compile-replace is a general way of allowing the regular-expression compiler to reapply to and modify its own output.
"The technique described here, implemented in the compile-replace algorithm, allows the regular-expression compiler to reapply to and modify its own output, effectively freeing morphotactic description to use any finite-state operation."
"Regular-expression descriptions are compiled into finite-state automata or transducers (collectively called networks) as usual, and then the compiler is reapplied to its own output, producing a modified but still finite- state network."
"There is nothing to stop the linguist from inserting delimiters multiple times, including via composition, and reapplying compile-replace multiple times (see the Appendix)."
A].
"That is, we redefine L as ""^["" ""["" L XX ""]"" ""^"" 2 ""^]"", and apply the compile-replace operation."
4.2 Arabic Morphological.
"When a ^[ is encountered, the algorithm looks for a closing ^] and extracts the path between the delimiters to be handled in a special way: 1."
"The reduplication of any string w can then be notated as {w}^2, and we start by defining a network where the lower-side strings are built by simple concatenation of a prefix ^[, a root enclosed in braces, and an overt-plural suffix ^2 followed by the closing ^]."
"Finite-state morphology in the tradition of the Two-Level (Koskenniemi, 1983) and Xerox implementations (Karttunen, 1991; Karttunen, 1994; Beesley and Karttunen, 2000) has been very successful in implementing large-scale, robust and efficient morphological analyzergenerators for concatenative languages, includ ing the commercially important European languages and non-Indo-European examples like 1 I wish to thank Stuart Newton for this example."
"For example, we could choose .m. as the operator and decide by convention which of the two operands plays which role in expressions such as [A .m. B]."
"However, it has long been recognized that these implementations have serious limitations in handling non-concatenative phenomena."
"The source descriptions may also be written in higher-level notations (e.g. lexc (Karttunen, 1993), twolc (Karttunen and Beesley, 1992) and Replace Rules (Karttunen, 1995; Karttunen, 1996; Kempe and Karttunen, 1996)) that are simply helpful short- hands for regular expressions and that compile, using their dedicated compilers, into finite-state networks."
"In work more directly related to the current solution, it was Kataja and Koskenniemi (1988) who first demonstrated that Semitic (Akkadian) roots and patterns5 could be formalized as regular languages, and that the non-concatenative interdigitation of stems could be elegantly formalized as the intersection of those regular languages."
"Some extensions or revisions will be necessary for an adequate description of languages possessing extensive infixation or reduplication” (Koskenniemi, 1983, 27)."
The implementation is described in Kiraz and GrimleyEvans (1999).
In the regular expression calculus there are several operators that involve concatenation.
The expression [A .<m. B] represents the same merge operation as [B .m>.
To introduce the merge operation into the Xerox regular expression calculus we need to choose an operator symbol.
"The next, and somewhat delicate, step is to replace the XX markers by the desired operators, intersection and reverse, and to wrap the special regular expression delimiters ^[ and ^] around the whole lexicon."
"The compile-replace algorithm, applied to the lower-side of this network, recognizes each individual delimited regular-expression substring like ^[{bagi}^2^], compiles it, and replaces it with the result of the compilation, here bagibagi."
"If the relation is finite-state, then it can be defined using the metalanguage of regular expressions; and, with a suitable compiler, the regular expression source code can be compiled into a finite-state transducer (fst), as shown in Figure 4, that implements the relation computationally."
We use the networks in Figure 13 to illustrate the effect of the merge algorithm.
"This insight of Kataja and Koskenniemi was applied by Beesley in a large-scale morphological analyzer for Arabic, first using an implementation that simulated the intersection of stems in code at runtime (Beesley, 1989; Beesley et al., 1989; Beesley, 1990; Beesley, 1991), and ran rather slowly; and later, using Xerox finite-state technology (Beesley, 1996; Beesley, 1998a), a new implementation that intersected the stems at compile time and performed well at runtime."
"Analyzer/Generator The current Arabic system has been described in some detail in previous publications (Beesley, 1996; Beesley, 1998a; Beesley, 1998b) and is available for testing on the Internet.7 The modification of the system to use the compile-replace algorithm has not changed the size or the behavior of the system in any way, but it has reduced the compilation time from hours to minutes."
"All the finite-state operations (concatenation, union, intersection, composition, etc.) can be simulated by an apply routine at runtime."
We will proceed with descriptions of how Malay reduplication and Semitic stem interdigitation are handled in finite-state morphology using the new compile-replace algorithm.
"But this task can be accomplished, in fact quite efficiently, by using the compile-replace technique."
