ref,citation_23,reference_id
best score on each metric is shown in bold face fonts.,0.6762655301577299,reference_167
"In (Rosti et al., 2007), simple score was assigned to the word coming from the th- best hypothesis.",0.7675387361358295,reference_93
The LM scores should increase the total log-posterior of more grammatical hypotheses.,0.7983760722980043,reference_41
Each arc in the confusion network carries the word label and scores . The decoder outputs the hypothesis with the highest given the current set of weights.,0.8114798676678571,reference_107
"The METEOR scores are also between and , higher being better.",0.821607893026405,reference_61
