ref,citation_15,reference_id
"Qc 2007 Association for Computational Linguistics potheses in (Sim et al., 2007).",0.5655816962566644,reference_24
The LM integration should result in more grammatical combination outputs.,0.7910385708567892,reference_194
Section 3 describes confusion network decoding for MT system combination.,0.8283197602736821,reference_45
System combination has been shown to improve classification performance in various tasks.,0.8437754922261824,reference_7
"In speech recognition, confusion network decoding (Mangu et al., 2000) has become widely used in system combination.",0.8515274189830316,reference_13
