ref,citation_10,reference_id
All resulting confusion networks are connected in parallel into a joint lattice where the prior probabilities are also multiplied by the system weights.,0.4377021251681827,reference_36
The prior probabilities in the arcs leaving the first node will be multiplied by the corresponding system weights which guarantees that a path through a network generated around a -best from a system with a zero weight will not be chosen.,0.4789441204244556,reference_126
"In this work, log-posterior probabilities are estimated for each confusion network arc instead of using votes or simple word confidences.",0.4877543117374039,reference_39
"However, the optimization experiments showed that the best performance was obtained by having a smoothing factor of 1 which is equivalent to the original priors.",0.5033188315090921,reference_131
Section 6 details the weights optimization algorithm and the experimental results are reported in Section 7.,0.5315127800732686,reference_47
