ref,citation_11,reference_id
The experiments using the 2005 Arabic to English and Chinese to English NIST MT evaluation tasks show significant improvements in BLEU scores compared to earlier confusion network decoding based methods.,0.35344229710306385,reference_6
"Compared to the baseline from (Rosti et al., 2007), the new method improves the BLEU scores significantly.",0.3933470692957226,reference_199
"In (Rosti et al., 2007), the total confidence of the th best confusion network hypothesis , including NULL words, given the th source sentence was given by (5) word-level decoding.",0.41111779978503177,reference_98
"The improved system combination method was compared to a simple confusion network decoding without system weights and the method proposed in (Rosti et al., 2007) on the Arabic to English and Chinese to English NIST MT05 tasks.",0.42462455723375503,reference_152
"This example has three confusion networks with priors , and . The total number of nodes in the network is represented by . Similar combination of multiple confusion networks was presented in (Matusov et al., 2006).",0.4250113292799199,reference_134
