ref,citation_17,reference_id
"Compared to the baseline from (Rosti et al., 2007), the new method improves the BLEU scores significantly.",0.4488906709576781,reference_199
"This example has three confusion networks with priors , and . The total number of nodes in the network is represented by . Similar combination of multiple confusion networks was presented in (Matusov et al., 2006).",0.5236785744876323,reference_134
The experiments using the 2005 Arabic to English and Chinese to English NIST MT evaluation tasks show significant improvements in BLEU scores compared to earlier confusion network decoding based methods.,0.5242779901497994,reference_6
"A modified Levenshtein alignment allowing shifts as in computation of the translation edit rate (TER) (Snover et al., 2006) was used to align hy Proceedings of the 45th Annual Meeting of the Association of Computational Linguistics, pages 312–319, Prague, Czech Republic, June 2007.",0.5316363741844553,reference_23
"Six MT systems were combined: three (A,C,E) were phrase- based similar to (Koehn, 2004), two (B,D) were hierarchical similar to (Chiang, 2005) and one (F) was syntax-based similar to (Galley et al., 2006).",0.5353493913118462,reference_153
