ref,citation_24,reference_id
The cat (2) sat (1) on (2) the (2) mat (3) TER score is computed as follows 1 2 3 4 5 6 (3) hat (1) sitting (1) a (1) where is the reference length.,0.6725551896876762,reference_70
"This must be due to the higher weight on the recall compared to precision in the harmonic mean used to compute the METEOR Ch in es e tu ni ng T E R B L E U M T R s y s t e m A s y s t e m B s y s t e m C s y s t e m D s y s t e m E s y s t e m F 56 .5 6 55 .8 8 58 .3 5 57 .0 9 57 .6 9 56 .1 1 29 .3 9 30 .4 5 32 .8 8 36 .1 8 33 .8 5 36 .6 4 54 .5 4 54 .3 6 56 .7 2 57 .1 1 58 .2 8 58 .9 0 no we ig hts ba sel in e 53 .1 1 53 .4 0 37 .7 7 38 .5 2 59 .1 9 59 .5 6 T E R t u n e d B L E U t u n e d M T R t u n e d 52 .1 3 53 .0 3 70 .2 7 36 .8 7 39 .9 9 28 .6 0 57 .3 0 58 .9 7 63 .1 0 Table 3: Mixed-case TER and BLEU, and lowercase METEOR scores on Chinese NIST MT03+MT04.",0.8472519916403072,reference_174
"In (Rosti et al., 2007), simple score was assigned to the word coming from the th- best hypothesis.",0.8893330677378766,reference_93
"Six MT systems were combined: three (A,C,E) were phrase- based similar to (Koehn, 2004), two (B,D) were hierarchical similar to (Chiang, 2005) and one (F) was syntax-based similar to (Galley et al., 2006).",0.9205492260011856,reference_153
"Compared to the baseline from (Rosti et al., 2007), the new method improves the BLEU scores significantly.",0.9243381205635304,reference_199
