ref,citation_19,reference_id
"Similarly, full test set scores are obtained by accumulating counts over all hypothesis and reference pairs.",0.3860736513753767,reference_52
"Also, the combination results are better than any single system on all metrics in the case of TER and BLEU tuning.",0.4339210389950533,reference_172
The experiments using the 2005 Arabic to English and Chinese to English NIST MT evaluation tasks show significant improvements in BLEU scores compared to earlier confusion network decoding based methods.,0.4423058505079684,reference_6
The baseline corresponds to Equation 5 with TER tuned weights.,0.4481605148762941,reference_169
"Unlike speech recognition, current statistical machine translation (MT) systems are based on various different paradigms; for example phrasal, hierarchical and syntax-based systems.",0.4598469823166415,reference_14
