ref,citation_6,reference_id
"A confusion network may be represented by a word lattice and standard tools may be used to generate -best hypothesis lists including word confidence scores, language model scores and other features.",0.5456958298108813,reference_139
"This work was extended in (Rosti et al., 2007) by introducing system weights for word confidences.",0.5721074165656601,reference_33
"Instead of summing arbitrary confidence scores as in Equation 5, word posterior probabilities are used as follows (6) where is the number of nodes in the confusion network for the source sentence , is the number of translation systems, is the th system weight, is the accumulated confidence for word produced by system between nodes and , and is a weight for the number of NULL links along the hypothesis . The word confidences were increased by if the word aligns between nodes and in the network.",0.5911589556996519,reference_105
"Recently, confusion network decoding for MT system combination has been proposed (Bangalore et al., 2001).",0.602711272321708,reference_16
Either votes or some form of confidences are assigned to each word in the network.,0.625115449481176,reference_81
