ref,citation_13,reference_id
The prior probabilities in the arcs leaving the first node will be multiplied by the corresponding system weights which guarantees that a path through a network generated around a -best from a system with a zero weight will not be chosen.,0.3589968408751804,reference_126
"A confusion network may be represented by a word lattice and standard tools may be used to generate -best hypothesis lists including word confidence scores, language model scores and other features.",0.3711409267303809,reference_139
"This example has three confusion networks with priors , and . The total number of nodes in the network is represented by . Similar combination of multiple confusion networks was presented in (Matusov et al., 2006).",0.3866822943997802,reference_134
"To prevent the -best from a system with a low or zero weight being selected as the skeleton, confusion networks are generated for each system and the average TER score in Equation 4 is used to estimate a prior probability for the corresponding network.",0.3943324716592792,reference_122
"As opposed to speech recognition, the word order between two correct MT outputs may be different and the Levenshtein alignment may not be able to align shifted words in the hypotheses.",0.4355842319522265,reference_19
