ref,citation_14,reference_id
"Instead of summing arbitrary confidence scores as in Equation 5, word posterior probabilities are used as follows (6) where is the number of nodes in the confusion network for the source sentence , is the number of translation systems, is the th system weight, is the accumulated confidence for word produced by system between nodes and , and is a weight for the number of NULL links along the hypothesis . The word confidences were increased by if the word aligns between nodes and in the network.",0.3376161145385155,reference_105
"This example has three confusion networks with priors , and . The total number of nodes in the network is represented by . Similar combination of multiple confusion networks was presented in (Matusov et al., 2006).",0.3482730483615075,reference_134
"As the skeleton determines the word order, the quality of the combination output also depends on which hypothesis is chosen as the skeleton.",0.359091972170373,reference_86
All confusion networks are connected to a single start node with NULL arcs which contain the prior probability from the system used as the skeleton for that network.,0.37130640662533904,reference_123
The skeleton defines the word order of the combination output.,0.4202944829063616,reference_29
