ref,citation_4,reference_id
"Compared to the baseline from (Rosti et al., 2007), the new method improves the BLEU scores significantly.",0.471979287847236,reference_199
"Six MT systems were combined: three (A,C,E) were phrase- based similar to (Koehn, 2004), two (B,D) were hierarchical similar to (Chiang, 2005) and one (F) was syntax-based similar to (Galley et al., 2006).",0.5763904948452362,reference_153
"This example has three confusion networks with priors , and . The total number of nodes in the network is represented by . Similar combination of multiple confusion networks was presented in (Matusov et al., 2006).",0.6194911702607232,reference_134
"Recently, confusion network decoding for MT system combination has been proposed (Bangalore et al., 2001).",0.6521307901406591,reference_16
"This work was extended in (Rosti et al., 2007) by introducing system weights for word confidences.",0.6556902430324029,reference_33
