ref,citation_9,reference_id
The modified Levenshtein alignment as used in TER is more natural than simple edit distance such as word error rate since machine translation hypotheses may have different word orders while having the same meaning.,0.3794091074473182,reference_85
The prior probabilities in the arcs leaving the first node will be multiplied by the corresponding system weights which guarantees that a path through a network generated around a -best from a system with a zero weight will not be chosen.,0.4011631014821608,reference_126
Section 6 details the weights optimization algorithm and the experimental results are reported in Section 7.,0.4251077217551777,reference_47
"For example, estimating weights which minimize TER between a set of -best hypothesis and reference translations can be written as (8) This objective function is very complicated, so gradient-based optimization methods may not be used.",0.4280006160806527,reference_141
"Compared to the earlier system combination approaches, this method is fully automatic and requires very little additional information on top of the development set outputs from the individual systems to tune the weights.",0.4386575785966199,reference_197
