ref,citation_16,reference_id
"Compared to the earlier system combination approaches, this method is fully automatic and requires very little additional information on top of the development set outputs from the individual systems to tune the weights.",0.4006839767448309,reference_197
Section 6 details the weights optimization algorithm and the experimental results are reported in Section 7.,0.4358560287446648,reference_47
"As opposed to speech recognition, the word order between two correct MT outputs may be different and the Levenshtein alignment may not be able to align shifted words in the hypotheses.",0.4519344488090588,reference_19
"Similarly, full test set scores are obtained by accumulating counts over all hypothesis and reference pairs.",0.4542830392215174,reference_52
"First, the decoding can generate ungrammatical hypotheses due to alignment errors and phrases broken by the where is the language model weight, is the LM log-probability and is the number of words in the hypothesis . The word posteriors are estimated by scaling the confidences to sum to one for each system over all words in between nodes and . The system weights are also constrained to sum to one.",0.4560417305767912,reference_110
