ref,citation_8,reference_id
The experiments using the 2005 Arabic to English and Chinese to English NIST MT evaluation tasks show significant improvements in BLEU scores compared to earlier confusion network decoding based methods.,0.3300526826169441,reference_6
"Compared to the baseline from (Rosti et al., 2007), the new method improves the BLEU scores significantly.",0.33325004008861075,reference_199
"The improved system combination method was compared to a simple confusion network decoding without system weights and the method proposed in (Rosti et al., 2007) on the Arabic to English and Chinese to English NIST MT05 tasks.",0.39185649136084055,reference_152
"A modified Levenshtein alignment allowing shifts as in computation of the translation edit rate (TER) (Snover et al., 2006) was used to align hy Proceedings of the 45th Annual Meeting of the Association of Computational Linguistics, pages 312–319, Prague, Czech Republic, June 2007.",0.4023550596765658,reference_23
"In (Matusov et al., 2006), different word orderings are taken into account by training alignment models by considering all hypothesis pairs as a parallel corpus using GIZA++ (Och and Ney, 2003).",0.4029642195195704,reference_20
