ref,citation_22,reference_id
"A confusion network may be represented by a word lattice and standard tools may be used to generate -best hypothesis lists including word confidence scores, language model scores and other features.",0.4315424081810881,reference_139
"This example has three confusion networks with priors , and . The total number of nodes in the network is represented by . Similar combination of multiple confusion networks was presented in (Matusov et al., 2006).",0.4361098755893008,reference_134
"This work was extended in (Rosti et al., 2007) by introducing system weights for word confidences.",0.4642351500692271,reference_33
"If no word aligns between nodes and , the NULL word confidence at that position was increased by . The last term controls the number of NULL words generated in the output and may be viewed as an insertion penalty.",0.4650736447760896,reference_106
"As the skeleton determines the word order, the quality of the combination output also depends on which hypothesis is chosen as the skeleton.",0.4662388903573116,reference_86
