ref,citation_3,reference_id
"The idea of combining outputs from different MT systems to produce consensus translations in the hope of generating better translations has been around for a while (Frederking and Nirenburg, 1994).",0.5653916501784222,reference_15
"Six MT systems were combined: three (A,C,E) were phrase- based similar to (Koehn, 2004), two (B,D) were hierarchical similar to (Chiang, 2005) and one (F) was syntax-based similar to (Galley et al., 2006).",0.5833350211820654,reference_153
"A modified Levenshtein alignment allowing shifts as in computation of the translation edit rate (TER) (Snover et al., 2006) was used to align hy Proceedings of the 45th Annual Meeting of the Association of Computational Linguistics, pages 312–319, Prague, Czech Republic, June 2007.",0.5835222199738574,reference_23
"This example has three confusion networks with priors , and . The total number of nodes in the network is represented by . Similar combination of multiple confusion networks was presented in (Matusov et al., 2006).",0.5840269357999027,reference_134
"Compared to the baseline from (Rosti et al., 2007), the new method improves the BLEU scores significantly.",0.5894413386959441,reference_199
