ref,citation_2,reference_id
The hypothesis resulting in the lowest average TER score when aligned against all other hypotheses is chosen as the skeleton as follows (4) where is the number of systems.,0.6354249488727481,reference_88
"In (Rosti et al., 2007), simple score was assigned to the word coming from the th- best hypothesis.",0.7209072049811449,reference_93
"Due to the computational burden of the TER alignment, only -best hypotheses were considered as possible skeletons, and hypotheses per system were aligned.",0.722838713282486,reference_94
"Six MT systems were combined: three (A,C,E) were phrase- based similar to (Koehn, 2004), two (B,D) were hierarchical similar to (Chiang, 2005) and one (F) was syntax-based similar to (Galley et al., 2006).",0.7520409540731603,reference_153
The -best list may be reordered using the sentence-level posteriors from Equation 6 for the th source sentence and the corresponding th hypothesis . The current -best hypothesis given a set of weights may be represented as follows (7) The objective is to optimize the -best score on a development set given a set of reference translations.,0.7638198782779877,reference_140
