ref,citation_0,reference_id
"Compared to the baseline from (Rosti et al., 2007), the new method improves the BLEU scores significantly.",0.3225409517462653,reference_199
"In (Rosti et al., 2007), simple score was assigned to the word coming from the th- best hypothesis.",0.3784597752064554,reference_93
"The improved system combination method was compared to a simple confusion network decoding without system weights and the method proposed in (Rosti et al., 2007) on the Arabic to English and Chinese to English NIST MT05 tasks.",0.4037193627379882,reference_152
"Also, a more heuristic alignment method has been proposed in a different system combination approach (Jayaraman and Lavie, 2005).",0.4431515267671428,reference_26
The -best list may be reordered using the sentence-level posteriors from Equation 6 for the th source sentence and the corresponding th hypothesis . The current -best hypothesis given a set of weights may be represented as follows (7) The objective is to optimize the -best score on a development set given a set of reference translations.,0.4441567684113959,reference_140
