ref,citation_5,reference_id
"Instead of summing arbitrary confidence scores as in Equation 5, word posterior probabilities are used as follows (6) where is the number of nodes in the confusion network for the source sentence , is the number of translation systems, is the th system weight, is the accumulated confidence for word produced by system between nodes and , and is a weight for the number of NULL links along the hypothesis . The word confidences were increased by if the word aligns between nodes and in the network.",0.3179956348872093,reference_105
"First, the decoding can generate ungrammatical hypotheses due to alignment errors and phrases broken by the where is the language model weight, is the LM log-probability and is the number of words in the hypothesis . The word posteriors are estimated by scaling the confidences to sum to one for each system over all words in between nodes and . The system weights are also constrained to sum to one.",0.37223543614595694,reference_110
All resulting confusion networks are connected in parallel into a joint lattice where the prior probabilities are also multiplied by the system weights.,0.3805756307159056,reference_36
"In this approach, arbitrary features may be added log-linearly into the objective function, thus allowing language model expansion and re-scoring.",0.3943726150218369,reference_3
"If no word aligns between nodes and , the NULL word confidence at that position was increased by . The last term controls the number of NULL words generated in the output and may be viewed as an insertion penalty.",0.40808989267297546,reference_106
