ref,citation_25,reference_id
"Similarly, full test set scores are obtained by accumulating counts over all hypothesis and reference pairs.",0.3619519224450327,reference_52
The baseline corresponds to Equation 5 with TER tuned weights.,0.4362807211394785,reference_169
"Also, the combination results are better than any single system on all metrics in the case of TER and BLEU tuning.",0.4481635894772579,reference_172
"A confusion network may be represented by a word lattice and standard tools may be used to generate -best hypothesis lists including word confidence scores, language model scores and other features.",0.4523865412522329,reference_139
"The idea of combining outputs from different MT systems to produce consensus translations in the hope of generating better translations has been around for a while (Frederking and Nirenburg, 1994).",0.4742662522950464,reference_15
