ref,citation_20,reference_id
"Compared to the earlier system combination approaches, this method is fully automatic and requires very little additional information on top of the development set outputs from the individual systems to tune the weights.",0.4027336109436893,reference_197
"Due to errors in the hypothesis alignment, decoding may result in ungrammatical combination outputs.",0.48460222022625604,reference_1
"The improved system combination method was compared to a simple confusion network decoding without system weights and the method proposed in (Rosti et al., 2007) on the Arabic to English and Chinese to English NIST MT05 tasks.",0.4903185199361767,reference_152
"Powell’s method (Brent, 1973) is used to tune the system and feature weights simultaneously so as to optimize various automatic evaluation metrics on a development set.",0.4998867727971176,reference_42
"Also, the combination results are better than any single system on all metrics in the case of TER and BLEU tuning.",0.5009536478440728,reference_172
