ref,citation_12,reference_id
The tuning set results on the Arabic to English NIST MT03+MT04 task are shown in Table 1.,0.4910083445901083,reference_164
Section 6 details the weights optimization algorithm and the experimental results are reported in Section 7.,0.6025281448430988,reference_47
The tuning set results on the Chinese to English NIST MT03+MT04 task are shown in Table 3.,0.6036822670645042,reference_184
"In (Rosti et al., 2007), simple score was assigned to the word coming from the th- best hypothesis.",0.6092716746468091,reference_93
"The optimization of the system and feature weights may be carried out using -best lists as in (Ostendorf et al., 1991).",0.6126382683631264,reference_138
