ref,citation_1,reference_id
"Compared to the baseline from (Rosti et al., 2007), the new method improves the BLEU scores significantly.",0.5781684810076317,reference_199
"Recently, confusion network decoding for MT system combination has been proposed (Bangalore et al., 2001).",0.6191898011889817,reference_16
"A modified Levenshtein alignment allowing shifts as in computation of the translation edit rate (TER) (Snover et al., 2006) was used to align hy Proceedings of the 45th Annual Meeting of the Association of Computational Linguistics, pages 312–319, Prague, Czech Republic, June 2007.",0.6203055238715826,reference_23
"The improved system combination method was compared to a simple confusion network decoding without system weights and the method proposed in (Rosti et al., 2007) on the Arabic to English and Chinese to English NIST MT05 tasks.",0.6358793822508729,reference_152
"Six MT systems were combined: three (A,C,E) were phrase- based similar to (Koehn, 2004), two (B,D) were hierarchical similar to (Chiang, 2005) and one (F) was syntax-based similar to (Galley et al., 2006).",0.640059865062015,reference_153
