ref,citation_21,reference_id
"The improved system combination method was compared to a simple confusion network decoding without system weights and the method proposed in (Rosti et al., 2007) on the Arabic to English and Chinese to English NIST MT05 tasks.",0.3904168677758629,reference_152
"Compared to the baseline from (Rosti et al., 2007), the new method improves the BLEU scores significantly.",0.44031897553448257,reference_199
"A modified Levenshtein alignment allowing shifts as in computation of the translation edit rate (TER) (Snover et al., 2006) was used to align hy Proceedings of the 45th Annual Meeting of the Association of Computational Linguistics, pages 312–319, Prague, Czech Republic, June 2007.",0.4509782709369504,reference_23
The experiments using the 2005 Arabic to English and Chinese to English NIST MT evaluation tasks show significant improvements in BLEU scores compared to earlier confusion network decoding based methods.,0.4908210610202234,reference_6
"For example, estimating weights which minimize TER between a set of -best hypothesis and reference translations can be written as (8) This objective function is very complicated, so gradient-based optimization methods may not be used.",0.4941780676424616,reference_141
