ref,citation_18,reference_id
"Thus, no smoothing was used in the experiments presented later in this paper.",0.5843935299152854,reference_132
"Due to the computational burden of the TER alignment, only -best hypotheses were considered as possible skeletons, and hypotheses per system were aligned.",0.5881440230748132,reference_94
"The same Powell’s method has been used to estimate feature weights of a standard feature-based phrasal MT decoder in (Och, 2003).",0.5953833967624439,reference_149
"In (Rosti et al., 2007), simple score was assigned to the word coming from the th- best hypothesis.",0.6248389190920782,reference_93
"The decoder weights for systems A and B were tuned to optimize TER, and others were tuned to optimize BLEU.",0.6446375130051407,reference_155
