ref,citation_7,reference_id
"Qc 2007 Association for Computational Linguistics potheses in (Sim et al., 2007).",0.5206324684761692,reference_24
The LM integration should result in more grammatical combination outputs.,0.8044009891263607,reference_194
Section 3 describes confusion network decoding for MT system combination.,0.8118338965241381,reference_45
"This is equivalent to minimum Bayes risk decoding with uniform posterior probabilities (Sim et al., 2007).",0.8565704453011146,reference_89
"In speech recognition, confusion network decoding (Mangu et al., 2000) has become widely used in system combination.",0.8595757523456822,reference_13
