Reference text
"Compared to the baseline from (Rosti et al., 2007), the new method improves the BLEU scores significantly."
"In (Rosti et al., 2007), simple score was assigned to the word coming from the th- best hypothesis."
"The improved system combination method was compared to a simple confusion network decoding without system weights and the method proposed in (Rosti et al., 2007) on the Arabic to English and Chinese to English NIST MT05 tasks."
"Also, a more heuristic alignment method has been proposed in a different system combination approach (Jayaraman and Lavie, 2005)."
The -best list may be reordered using the sentence-level posteriors from Equation 6 for the th source sentence and the corresponding th hypothesis . The current -best hypothesis given a set of weights may be represented as follows (7) The objective is to optimize the -best score on a development set given a set of reference translations.
"Recently, confusion network decoding for MT system combination has been proposed (Bangalore et al., 2001)."
"A modified Levenshtein alignment allowing shifts as in computation of the translation edit rate (TER) (Snover et al., 2006) was used to align hy Proceedings of the 45th Annual Meeting of the Association of Computational Linguistics, pages 312–319, Prague, Czech Republic, June 2007."
"Six MT systems were combined: three (A,C,E) were phrase- based similar to (Koehn, 2004), two (B,D) were hierarchical similar to (Chiang, 2005) and one (F) was syntax-based similar to (Galley et al., 2006)."
The hypothesis resulting in the lowest average TER score when aligned against all other hypotheses is chosen as the skeleton as follows (4) where is the number of systems.
"Due to the computational burden of the TER alignment, only -best hypotheses were considered as possible skeletons, and hypotheses per system were aligned."
"The idea of combining outputs from different MT systems to produce consensus translations in the hope of generating better translations has been around for a while (Frederking and Nirenburg, 1994)."
"This example has three confusion networks with priors , and . The total number of nodes in the network is represented by . Similar combination of multiple confusion networks was presented in (Matusov et al., 2006)."
"This work was extended in (Rosti et al., 2007) by introducing system weights for word confidences."
"Instead of summing arbitrary confidence scores as in Equation 5, word posterior probabilities are used as follows (6) where is the number of nodes in the confusion network for the source sentence , is the number of translation systems, is the th system weight, is the accumulated confidence for word produced by system between nodes and , and is a weight for the number of NULL links along the hypothesis . The word confidences were increased by if the word aligns between nodes and in the network."
"First, the decoding can generate ungrammatical hypotheses due to alignment errors and phrases broken by the where is the language model weight, is the LM log-probability and is the number of words in the hypothesis . The word posteriors are estimated by scaling the confidences to sum to one for each system over all words in between nodes and . The system weights are also constrained to sum to one."
All resulting confusion networks are connected in parallel into a joint lattice where the prior probabilities are also multiplied by the system weights.
"In this approach, arbitrary features may be added log-linearly into the objective function, thus allowing language model expansion and re-scoring."
"If no word aligns between nodes and , the NULL word confidence at that position was increased by . The last term controls the number of NULL words generated in the output and may be viewed as an insertion penalty."
"A confusion network may be represented by a word lattice and standard tools may be used to generate -best hypothesis lists including word confidence scores, language model scores and other features."
Either votes or some form of confidences are assigned to each word in the network.
"Qc 2007 Association for Computational Linguistics potheses in (Sim et al., 2007)."
The LM integration should result in more grammatical combination outputs.
Section 3 describes confusion network decoding for MT system combination.
"This is equivalent to minimum Bayes risk decoding with uniform posterior probabilities (Sim et al., 2007)."
"In speech recognition, confusion network decoding (Mangu et al., 2000) has become widely used in system combination."
The experiments using the 2005 Arabic to English and Chinese to English NIST MT evaluation tasks show significant improvements in BLEU scores compared to earlier confusion network decoding based methods.
"In (Matusov et al., 2006), different word orderings are taken into account by training alignment models by considering all hypothesis pairs as a parallel corpus using GIZA++ (Och and Ney, 2003)."
The modified Levenshtein alignment as used in TER is more natural than simple edit distance such as word error rate since machine translation hypotheses may have different word orders while having the same meaning.
The prior probabilities in the arcs leaving the first node will be multiplied by the corresponding system weights which guarantees that a path through a network generated around a -best from a system with a zero weight will not be chosen.
Section 6 details the weights optimization algorithm and the experimental results are reported in Section 7.
"For example, estimating weights which minimize TER between a set of -best hypothesis and reference translations can be written as (8) This objective function is very complicated, so gradient-based optimization methods may not be used."
"Compared to the earlier system combination approaches, this method is fully automatic and requires very little additional information on top of the development set outputs from the individual systems to tune the weights."
"In this work, log-posterior probabilities are estimated for each confusion network arc instead of using votes or simple word confidences."
"However, the optimization experiments showed that the best performance was obtained by having a smoothing factor of 1 which is equivalent to the original priors."
"In (Rosti et al., 2007), the total confidence of the th best confusion network hypothesis , including NULL words, given the th source sentence was given by (5) word-level decoding."
The tuning set results on the Arabic to English NIST MT03+MT04 task are shown in Table 1.
The tuning set results on the Chinese to English NIST MT03+MT04 task are shown in Table 3.
"The optimization of the system and feature weights may be carried out using -best lists as in (Ostendorf et al., 1991)."
"To prevent the -best from a system with a low or zero weight being selected as the skeleton, confusion networks are generated for each system and the average TER score in Equation 4 is used to estimate a prior probability for the corresponding network."
"As opposed to speech recognition, the word order between two correct MT outputs may be different and the Levenshtein alignment may not be able to align shifted words in the hypotheses."
"As the skeleton determines the word order, the quality of the combination output also depends on which hypothesis is chosen as the skeleton."
All confusion networks are connected to a single start node with NULL arcs which contain the prior probability from the system used as the skeleton for that network.
The skeleton defines the word order of the combination output.
System combination has been shown to improve classification performance in various tasks.
"Similarly, full test set scores are obtained by accumulating counts over all hypothesis and reference pairs."
"Thus, no smoothing was used in the experiments presented later in this paper."
"The same Powell’s method has been used to estimate feature weights of a standard feature-based phrasal MT decoder in (Och, 2003)."
"The decoder weights for systems A and B were tuned to optimize TER, and others were tuned to optimize BLEU."
"Also, the combination results are better than any single system on all metrics in the case of TER and BLEU tuning."
The baseline corresponds to Equation 5 with TER tuned weights.
"Unlike speech recognition, current statistical machine translation (MT) systems are based on various different paradigms; for example phrasal, hierarchical and syntax-based systems."
"Due to errors in the hypothesis alignment, decoding may result in ungrammatical combination outputs."
"Powell’s method (Brent, 1973) is used to tune the system and feature weights simultaneously so as to optimize various automatic evaluation metrics on a development set."
best score on each metric is shown in bold face fonts.
The LM scores should increase the total log-posterior of more grammatical hypotheses.
Each arc in the confusion network carries the word label and scores . The decoder outputs the hypothesis with the highest given the current set of weights.
"The METEOR scores are also between and , higher being better."
The cat (2) sat (1) on (2) the (2) mat (3) TER score is computed as follows 1 2 3 4 5 6 (3) hat (1) sitting (1) a (1) where is the reference length.
"This must be due to the higher weight on the recall compared to precision in the harmonic mean used to compute the METEOR Ch in es e tu ni ng T E R B L E U M T R s y s t e m A s y s t e m B s y s t e m C s y s t e m D s y s t e m E s y s t e m F 56 .5 6 55 .8 8 58 .3 5 57 .0 9 57 .6 9 56 .1 1 29 .3 9 30 .4 5 32 .8 8 36 .1 8 33 .8 5 36 .6 4 54 .5 4 54 .3 6 56 .7 2 57 .1 1 58 .2 8 58 .9 0 no we ig hts ba sel in e 53 .1 1 53 .4 0 37 .7 7 38 .5 2 59 .1 9 59 .5 6 T E R t u n e d B L E U t u n e d M T R t u n e d 52 .1 3 53 .0 3 70 .2 7 36 .8 7 39 .9 9 28 .6 0 57 .3 0 58 .9 7 63 .1 0 Table 3: Mixed-case TER and BLEU, and lowercase METEOR scores on Chinese NIST MT03+MT04."
