Index,Reference,Reference Text
0,D13-1060,"['The task of identifying MWEs is relevant not only to lexical semantics applications, but also machine translation (Koehn et al., 2003; Ren et al., 2009; Pal et al., 2010), information retrieval (Xu et al., 2010; Acosta et al., 2011), and syntactic parsing (Sag et al., 2002).']"
1,P09207_w11,['Joining the words of MWEs before indexation is a simple idea that was put in practice by Acosta et al.']
2,Pproc9_w11,"['Our research in compositionality is motivated by the hypothesis that a special treatment of se mantically non-compositional expressions can im prove results in various Natural Language Process ing (NPL) tasks, as shown for example by Acosta et al.']"
3,Pproc14_w11,"['As an example, Carpuat and Diab (2010) proposed two strategies for integrating MWEs into statisti cal machine translation.']"
4,S13-1039,"['Investigating the degree of MWE compositionality has been shown to have applications in information retrieval and machine translation (Acosta et al., 2011; Venkatapathy and Joshi, 2006).']"
5,W12-3311,[' Information retrieval']
6,W13-1006,"['Our research in compositionality is motivated by the hypothesis that a special treatment of semantically non-compositional expressions can improve results in various Natural Language Processing (NPL) tasks, as shown for example by Acosta et al.']"
7,W13-3208,"['Biemanns idea and motivation is that non- compositional expressions could be treated as single units in many NLP applications such as Information Retrieval (Acosta et al., 2011) or Machine Translation (Carpuat and Diab, 2010).']"
8,W15-0909,"['(2002), Baldwin and Kim (2009)) has been shown to be useful in various NLP applications (Ramisch, 2012), recent work has shown that automatic prediction of the degree of compositionality of MWEs also has utility, in applications including information retrieval (IR']"
9,W15-0909,"['For instance, Acosta et al.']"
