<PAPER>
<S sid ="0" ssid = "0">Identification and Treatment of Multiword Expressions applied to Information Retrieval</S>
	<ABSTRACT>
		<S sid ="1" ssid = "1">The extensive use of Multiword Expressions (MWE) in natural language texts prompts more detailed studies that aim for a more adequate treatment of these expressions.</S>
		<S sid ="2" ssid = "2">A MWE typically expresses concepts and ideas that usually cannot be expressed by a single word.</S>
		<S sid ="3" ssid = "3">Intuitively, with the appropriate treatment of MWEs, the results of an Information Retrieval (IR) system could be improved.</S>
		<S sid ="4" ssid = "4">The aim of this paper is to apply techniques for the automatic extraction of MWEs from corpora to index them as a single unit.</S>
		<S sid ="5" ssid = "5">Experimental results show improvements on the retrieval of relevant documents when identifying MWEs and treating them as a single indexing unit.</S>
	</ABSTRACT>
	<SECTION title="Introduction" number = "1">
			<S sid ="6" ssid = "6">One of the motivations of this work is to investigate if the identification and appropriate treatment of Multiword Expressions (MWEs) in an application contributes to improve results and ultimately lead to more precise man-machine interaction.</S>
			<S sid ="7" ssid = "7">The term “multiword expression” has been used to describe a large set of distinct constructions, for instance support verbs, noun compounds, institutionalized phrases and so on.</S>
			<S sid ="8" ssid = "8">Calzolari et al.</S>
			<S sid ="9" ssid = "9">(2002) defines MWEs as a sequence of words that acts as a single unit at some level of linguistic analysis.</S>
			<S sid ="10" ssid = "10">The nature of MWEs can be quite heterogeneous and each of the different classes has specific characteristics, posing a challenge to the implementation of mechanisms that provide unified treatment for them.</S>
			<S sid ="11" ssid = "11">For instance, even if a standard system capable of identifying boundaries between words, i.e. a tokenizer, may nevertheless be incapable of recognizing a sequence of words as an MWEs and treating them as a single unit if necessary (e.g. to kick the bucket meaning to die).</S>
			<S sid ="12" ssid = "12">For an NLP application to be effective, it requires mechanisms that are able to identify MWEs, handle them and make use of them in a meaningful way (Sag et al., 2002; Baldwin et al., 2003).</S>
			<S sid ="13" ssid = "13">It is estimated that the number of MWEs in the lexicon of a native speaker of a language has the same order of magnitude as the number of single words (Jackendoff, 1997).</S>
			<S sid ="14" ssid = "14">However, these ratios are probably underestimated when considering domain specific language, in which the specialized vocabulary and terminology are composed mostly by MWEs.</S>
			<S sid ="15" ssid = "15">In this paper, we perform an application-oriented evaluation of the inclusion of MWE treatment into an Information Retrieval (IR) system.</S>
			<S sid ="16" ssid = "16">IR systems aim to provide users with quick access to data they are interested (BaezaYates and RibeiroNeto, 1999).</S>
			<S sid ="17" ssid = "17">Although language processing is not vital to modern IR systems, it may be convenient (Sparck Jones, 1997) and in this scenario, NLP techniques may contribute in the selection of MWEs for indexing as single units in the IR system.</S>
			<S sid ="18" ssid = "18">The selection of appropriate indexing terms is a key factor for the quality of IR systems.</S>
			<S sid ="19" ssid = "19">In an ideal system, the index terms should correspond to the concepts found in the documents.</S>
			<S sid ="20" ssid = "20">If indexing is performed only with the atomic terms, there may be a loss of semantic content of the documents.</S>
			<S sid ="21" ssid = "21">For example, if the query was pop star meaning celebrity, and the terms were indexed individually, the relevant documents may not be retrieved and the system would 101 Proceedings of the Workshop on Multiword Expressions: from Parsing and Generation to the Real World (MWE 2011), pages 101–109, Portland, Oregon, USA, 23 June 2011.</S>
			<S sid ="22" ssid = "22">Qc 2011 Association for Computational Linguistics return instead irrelevant documents about celestial bodies or carbonated drinks.</S>
			<S sid ="23" ssid = "23">In order to investigate the effects of indexing of MWEs for IR, the results of queries are analyzed using IR quality metrics.</S>
			<S sid ="24" ssid = "24">This paper is structured as follows: in section 2 we discuss briefly MWEs and some of the challenges they represent.</S>
			<S sid ="25" ssid = "25">This is followed in section 3 by a discussion of the materials and methods employed in this paper, and in section 4 of the evaluation performed.</S>
			<S sid ="26" ssid = "26">We finish with some conclusions and future work.</S>
	</SECTION>
	<SECTION title="Multiword Expressions. " number = "2">
			<S sid ="27" ssid = "1">The concept of Multiword Expression has been widely viewed as a sequence of words that acts as a single unit at some level of linguistic analysis (Calzolari et al., 2002), or as Idiosyncratic interpretations that cross word boundaries (or spaces) (Sag et al., 2002).</S>
			<S sid ="28" ssid = "2">One of the great challenges of NLP is the identification of such expressions, “hidden” in texts of various genres.</S>
			<S sid ="29" ssid = "3">The difficulties encountered for identifying Multiword Expressions arise for reasons like: • the difficulty to find the boundaries of a multi- word, because the number of component words may vary, or they may not always occur in a canonical sequence (e.g. rock the boat, rock the seemingly intransigent boat and the bourgeois boat was rocked); • even some of the core components of an MWE may present some variation (e.g. throw NP to the lions/wolves/dogs/?birds/?butterflies); • in a multilingual perspective, MWEs of a source language are often not equivalent to their word-by-word translation in the target language (e.g. guardachuva in Portuguese as umbrella in English and not as ?store rain).</S>
			<S sid ="30" ssid = "4">The automatic discovery of specific types of MWEs has attracted the attention of many researchers in NLP over the past years.</S>
			<S sid ="31" ssid = "5">With the recent increase in efficiency and accuracy of techniques for preprocessing texts, such as tagging and parsing, these can become an aid in improving the performance of MWE detection techniques.</S>
			<S sid ="32" ssid = "6">In terms of practical MWE identification systems, a well known approach is that of Smadja (1993), who uses a set of techniques based on statistical methods, calculated from word frequencies, to identify MWEs in corpora.</S>
			<S sid ="33" ssid = "7">This approach is implemented in a lexico- graphic tool called Xtract.</S>
			<S sid ="34" ssid = "8">More recently there has been the release of the mwetoolkit (Ramisch et al., 2010) for the automatic extraction of MWEs from monolingual corpora, that both generates and validates MWE candidates.</S>
			<S sid ="35" ssid = "9">As generation is based on surface forms, for the validation, a series of criteria for removing noise are provided, including some (language independent) association measures such as mutual information, dice coefficient and maximum likelihood.</S>
			<S sid ="36" ssid = "10">Several other researchers have proposed a number of computational techniques that deal with the discovery of MWEs: Baldwin and Villavicencio (2002) for verb-particle constructions, Pearce (2002) and Evert and Krenn (2005) for collocations, Nicholson and Baldwin (2006) for compound nouns and many others.</S>
			<S sid ="37" ssid = "11">For our experiments, we used some standard statistical measures such as mutual information, point- wise mutual information, chi-square, permutation entropy (Zhang et al., 2006), dice coefficient, and t-test to extract MWEs from a collection of documents (i.e. we consider the collection of documents indexed by the IR system as our corpus).</S>
	</SECTION>
	<SECTION title="Materials and Methods. " number = "3">
			<S sid ="38" ssid = "1">Based on the hypothesis that the MWEs can improve the results of IR systems, we carried out an evaluation experiment.</S>
			<S sid ="39" ssid = "2">The goal of our evaluation is to detect differences between the quality of the standard IR system, without any treatment for MWEs, and the same system improved with the identification of MWEs in the queries and in the documents.</S>
			<S sid ="40" ssid = "3">In this section we describe the different resources and methods used in the experiments.</S>
			<S sid ="41" ssid = "4">3.1 Resources and Tools.</S>
			<S sid ="42" ssid = "5">For this evaluation we used two large newspaper corpora, containing a high diversity of terms: • Los Angeles Times (Los Angeles, USA1994) • The Herald (Glasgow, Scotland1995) Together, both corpora cover a large set of subjects present in the news published by these newspa pers in the years listed.</S>
			<S sid ="43" ssid = "6">The language used is American English, in the case of the Los Angeles Times and British English, in the case of The Herald.</S>
			<S sid ="44" ssid = "7">Hereafter, the corpus of the Los Angeles Times will be referred as LA94 and The Herald as GH95.</S>
			<S sid ="45" ssid = "8">Together, they contain over 160,000 news articles (Table 1) and each news article is considered as a document.</S>
			<S sid ="46" ssid = "9">C or pu s D oc u m en ts L A 9 4 1 1 0 . 2 4 5 G H 9 5 5 6 . 4 7 2 T o t a l 1 6 6 . 7 1 7 Table 1: Total documents The collection of documents, as well as the query topics and the list of relevance judgments (which will be discussed afterwards), were prepared in the context of the CLEF 2008 (Cross Language Evaluation Forum), for the task entitled Robust-WSD (Acosta et al., 2008).</S>
			<S sid ="47" ssid = "10">This task aimed to explore the contribution of the disambiguation of words to bilingual or monolingual IR.</S>
			<S sid ="48" ssid = "11">The task was to assess the validity of word-sense disambiguation for IR.</S>
			<S sid ="49" ssid = "12">Thus, the documents in the corpus have been annotated by a disambiguation system.</S>
			<S sid ="50" ssid = "13">The structure of a document contains information about the identifier of a term in a document (TERM ID), the lemma of a term (LEMA) and also its morphosyntactic tag (POS).</S>
			<S sid ="51" ssid = "14">In addition, it contains the form in which the term appeared in the text (WF) and information of the term in the WordNet (Miller, 1995; Fellbaum, 1998) as SYNSET SCORE and CODE, both not used for &lt;TERM ID=&quot;GH950102000000-126&quot; LEMA=&quot;underworld&quot; POS=&quot;NN&quot;&gt; &lt;WF&gt;underworld&lt;/WF&gt; &lt;SYNSET SCORE=&quot;0.5&quot; CODE=&quot;06120171-n&quot;/&gt; &lt;SYNSET SCORE=&quot;0.5&quot; CODE=&quot;06327598-n&quot;/&gt; &lt;/TERM&gt; Figure 1: Structure of a term in the original documents In this paper, we extracted the terms located in the LEMA attribute, in other words, in their canonical form (e.g. letter bomb for letter bombs).</S>
			<S sid ="52" ssid = "15">The use of lemmas and not the words (e.g. write for wrote, written, etc.) to the formation of the corpus, avoids linguistic variations that can affect the results of the experiments.</S>
			<S sid ="53" ssid = "16">As a results, our documents were formed only by lemmas and the next step is the indexing of documents using an IR system.</S>
			<S sid ="54" ssid = "17">For this task we used a tool called Zettair (Zettair, 2008), which is a compact textual search engine that can be used both for the indexing and for querying text collections.</S>
			<S sid ="55" ssid = "18">Porter’s Stemmer (Porter, 1997) as implemented in Zettair was also used.</S>
			<S sid ="56" ssid = "19">Stemming can provide further conflation of related terms.</S>
			<S sid ="57" ssid = "20">For example, bomb and bombing were not merged in the lemmatized texts but after stemming they are conflated to a single representation.</S>
			<S sid ="58" ssid = "21">After indexing, the next step is the preparation of the query topics.</S>
			<S sid ="59" ssid = "22">Just as the corpus, only the lemmas of the query topics were extracted and used.</S>
			<S sid ="60" ssid = "23">The test collection has a total of 310 query topics.</S>
			<S sid ="61" ssid = "24">The judgment of whether a document is relevant to a query was assigned according to a list of relevant documents, manually prepared and supplied with the material provided by CLEF.</S>
			<S sid ="62" ssid = "25">We used Zettair to generate the ranked list of documents retrieved in response to each query.</S>
			<S sid ="63" ssid = "26">For each query topic, the 1,000 top scoring documents were selected.</S>
			<S sid ="64" ssid = "27">We used the cosine metric to calculate the scores and rank the documents.</S>
			<S sid ="65" ssid = "28">Finally, to calculate the retrieval evaluation metrics (detailed in Section 3.5) we used the tool trec eval.</S>
			<S sid ="66" ssid = "29">This tool compares the list of retrieved documents (obtained from Zettair) against the list of relevant documents (provided by CLEF).</S>
			<S sid ="67" ssid = "30">3.2 Multiword Expression as Single Terms.</S>
			<S sid ="68" ssid = "31">In this work, we focused on MWEs composed of exactly two words (i.e. bigrams).</S>
			<S sid ="69" ssid = "32">In order to incorporate MWEs as units for the IR system to index, we adopted a very simple heuristics that concatenated together all terms composing an MWE using “ ” (e.g. letter bomb as letter bomb).</S>
			<S sid ="70" ssid = "33">Figure 2 exemplifies this concatenation.</S>
			<S sid ="71" ssid = "34">Each bigram present in a predefined dictionary and occurring in a document is treated as a single term, for indexing and retrieval purposes.</S>
			<S sid ="72" ssid = "35">The rationale was that documents containing specific MWEs can be indexed more adequately than those containing the words of the expression separately.</S>
			<S sid ="73" ssid = "36">As a result, retrieval quality should increase.</S>
			<S sid ="74" ssid = "37">&lt;TERM ID=&quot;GH950102000000-126&quot; LEMA=&quot;underworld&quot; POS=&quot;NN&quot;&gt; &lt;WF&gt;underworld&lt;/WF&gt; &lt;SYNSET SCORE=&quot;0.5&quot; CODE=&quot;06120171-n&quot;/&gt; &lt;SYNSET SCORE=&quot;0.5&quot; CODE=&quot;06327598-n&quot;/&gt; &lt;/TERM&gt; Original Topic: - What was the role of the Hubble telescope in proving the existence of black holes?</S>
			<S sid ="75" ssid = "38">Modified Topic: - what be the role of the hubble telescope in prove the existence of black hole ? black_hole &lt;num&gt;141&lt;/num&gt; Figure 2: Modified query.</S>
			<S sid ="76" ssid = "39">&lt;title&gt; letter bomb for kiesbauer find information on the explosion of a letter bomb in the studio of the tv channel pro7 presenter arabella kiesbauer . 3le.t3ter_bMombullettitewr_obormdbEtv_xcpharnensesl ions Dictionaries &lt;/title&gt; In order to determine the impact of the quality of the dictionary used in the performance of the IR system, we examined several different sources of MWE of varying quality.</S>
			<S sid ="77" ssid = "40">The dictionaries containing the MWEs to be inserted into the corpus as a single term, are created by a number of techniques involving automatic and manual extraction.</S>
			<S sid ="78" ssid = "41">Below we describe how these MWE dictionaries were created.</S>
			<S sid ="79" ssid = "42">• Compound Nouns (CN) - for the creation of this dictionary, we extracted all bigrams contained in the corpus.</S>
			<S sid ="80" ssid = "43">Since the number of available bigrams was very large (99,744,811 bi- grams) we filtered them using the information in the original documents, the morphosyntactic tags.</S>
			<S sid ="81" ssid = "44">Along with the LEMA field, extracted in the previous procedure, we also extracted the value of the field POS (part-of-speech).</S>
			<S sid ="82" ssid = "45">In order to make the experiment feasible, we used only bigrams formed by compound nouns, in other words, when the POS of both words was NN (Noun).</S>
			<S sid ="83" ssid = "46">Thus, with bigrams consisting of sequences of NN as a preprocessing step to eliminate noise that could affect the experiment, the number of bigrams with MWE candidates was reduced to 308,871.</S>
			<S sid ="84" ssid = "47">The next step was the selection of bigrams that had the highest frequency in the text, so we chose candidates occurring at least ten times in the whole corpus.</S>
			<S sid ="85" ssid = "48">As a result, the first list of MWEs was composed by 15,001 bigrams, called D1.</S>
			<S sid ="86" ssid = "49">• Best Compound Nouns - after D1, we refined the list with the use of statistical methods.</S>
			<S sid ="87" ssid = "50">The methods used were the mutual information and chi-square.</S>
			<S sid ="88" ssid = "51">It was necessary to obtain frequency values from Web using the search tool Yahoo!, because despite the number of terms per genre of our corpus would bias the counts.</S>
			<S sid ="89" ssid = "52">For this work we used the number of pages in which a term occurs as a measure of frequency.</S>
			<S sid ="90" ssid = "53">With the association measures based on web frequencies, we generated a ranking in decreasing order of score for each entry.</S>
			<S sid ="91" ssid = "54">We merged the rankings by calculating the average rank between the positions of each MWE; the first 7,500 entries composed the second dictionary, called D2.</S>
			<S sid ="92" ssid = "55">• Worst Compound Nouns - this dictionary was created from bigrams that have between five and nine occurrences and are more likely to co- occur by chance.</S>
			<S sid ="93" ssid = "56">It was created in order to evaluate whether the choice of the potentially more noisy MWEs entailed a negative effect in the results of IR, compared to the previous dictionaries.</S>
			<S sid ="94" ssid = "57">The third dictionary, with 17,328 bi- grams, is called D3.</S>
			<S sid ="95" ssid = "58">• Gold Standard - this was created from a sub- list of the Cambridge International Dictionary of English (Procter, 1995), containing MWEs.</S>
			<S sid ="96" ssid = "59">Since this list contains all types of MWEs, it was necessary to further filter these to obtain compound nouns only, using morphosyn- tactic information obtained by the TreeTagger (Schmid, 1994), which for English is reported to have an accuracy of 96.36%” (Schmid, 1994).</S>
			<S sid ="97" ssid = "60">Formed by 568 MWEs, the fourth dictionary will be called D4.</S>
			<S sid ="98" ssid = "61">• Decision Tree - created from the use of the J48 algorithm (Witten and Frank, 2000) from Weka (Hall et al., 2009), a data mining tool.</S>
			<S sid ="99" ssid = "62">With this algorithm it is possible to make a MWE classifier in terms of a decision tree.</S>
			<S sid ="100" ssid = "63">This requires providing training data with true and false examples of MWE.</S>
			<S sid ="101" ssid = "64">The training set contained 1,136 instances, half true (D4) and half false MWEs (taken from D3).</S>
			<S sid ="102" ssid = "65">After combining several statistical methods, the best result for classification was obtained with the use of mutual information, chi-square, pointwise mutual information, and Dice.</S>
			<S sid ="103" ssid = "66">The model obtained from Weka was applied to test data containing15,001 MWE candidates (D1).</S>
			<S sid ="104" ssid = "67">The 12,782 bi tionary, called D5.</S>
			<S sid ="105" ssid = "68">• Manual - for comparative purposes, we also #Relevant P recision(P ) = n #Retrieved created two dictionaries by manually evaluating the text of the 310 query topics.</S>
			<S sid ="106" ssid = "69">The first dictionary contained all bigrams which would achieve a different meaning if the words were concatenated (e.g. space shuttle).</S>
			<S sid ="107" ssid = "70">This dictio #Retrieved #Relevant n #Retrieved Recall(R) = #Relevant (1) (2) nary, was called D6 and contains 254 expressions.</S>
			<S sid ="108" ssid = "71">The other one was created by a specialist (linguist) who classified as true or false a list of MWE candidates from the query topics.</S>
			<S sid ="109" ssid = "72">The linguist selection of MWEs formed D7 with 178 bigrams.</S>
			<S sid ="110" ssid = "73">3.4 Creating Indices.</S>
			<S sid ="111" ssid = "74">For the experiments, we needed to manipulate the corpus in different ways, using previously built dictionaries.</S>
			<S sid ="112" ssid = "75">The MWEs from dictionaries have been inserted in the corpus as single terms, as described Precision and Recall are set-based measures, therefore, they do not take into consideration the ordering in which the relevant items were retrieved.</S>
			<S sid ="113" ssid = "76">In order to evaluate ranked retrieval results the most widely used measurement is the average precision (AvP ).</S>
			<S sid ="114" ssid = "77">AvP emphasizes returning more relevant documents earlier in the ranking.</S>
			<S sid ="115" ssid = "78">For a set of queries, we calculate the Mean Average Precision (MAP) according to Equation 3 (Manning et al., 2008).</S>
			<S sid ="116" ssid = "79">before.</S>
			<S sid ="117" ssid = "80">For each dictionary, an index was created in 1 M AP (Q) = |Q| mj 1 P (R ) (3) the IR system.</S>
			<S sid ="118" ssid = "81">These indices are described below: 1.</S>
			<S sid ="119" ssid = "82">Baseline (BL) - corpus without MWE..</S>
			<S sid ="120" ssid = "83">2.</S>
			<S sid ="121" ssid = "84">Compound Nouns (CN) - with 15 MWEs of.</S>
			<S sid ="122" ssid = "85">D1.</S>
			<S sid ="123" ssid = "86">3.</S>
			<S sid ="124" ssid = "87">Best CN (BCN) - with 7,500 MWEs of D2..</S>
	</SECTION>
	<SECTION title="Worst CN (WCN) - with 17,328 MWEs of D3.. " number = "4">
			<S sid ="125" ssid = "1">6.</S>
			<S sid ="126" ssid = "2">Decision Tree (DT) - with 12,782 MWEs of.</S>
			<S sid ="127" ssid = "3">D5.</S>
			<S sid ="128" ssid = "4">7.</S>
			<S sid ="129" ssid = "5">Manual 1 (M1) - with 254 MWEs of D6..</S>
			<S sid ="130" ssid = "6">8.</S>
			<S sid ="131" ssid = "7">Manual 2 (M2) - with 178 MWEs of D7..</S>
			<S sid ="132" ssid = "8">3.5 Evaluation Metrics.</S>
			<S sid ="133" ssid = "9">To evaluate the results of the IR system, we need to use metrics that estimate how well a user’s query was satisfied by the system.</S>
			<S sid ="134" ssid = "10">IR evaluation is based on recall and precision.</S>
			<S sid ="135" ssid = "11">Precision (Eq. 1) is the portion of the retrieved documents which is actually relevant to the query.</S>
			<S sid ="136" ssid = "12">Recall (Eq. 2) is the fraction of the relevant documents which is retrieved by the |Q| j=1 mj k=1 where |Q| is the number of queries, Rjk is the set of ranked retrieval results from the top result until document dk , and mj is the number of relevant documents for query j. 4 Experiment and Evaluations.</S>
			<S sid ="137" ssid = "13">The experiments performed evaluate the insertion of MWEs in results obtained in the IR system.</S>
			<S sid ="138" ssid = "14">The analysis is divided into two evaluations: (A) total set of query topics, where an overview is given of the MWE insertion effects and (B) topics modified by MWEs, where we evaluate only the query topics that contain MWEs.</S>
			<S sid ="139" ssid = "15">4.1 Evaluation A. This evaluation investigates the effects of inserting MWEs in documents and queries.</S>
			<S sid ="140" ssid = "16">After each type of index was generated, MWEs were also included in the query topics, in accordance to the dictionaries used for each index (for Baseline BL, the query topics had no modifications).</S>
			<S sid ="141" ssid = "17">With eight corpus variations, we obtained individual results for each one of them.</S>
			<S sid ="142" ssid = "18">The results presented in Table 2 were summarized by the ab the MAP for the entire set of query topics.</S>
			<S sid ="143" ssid = "19">In total, 6,379 relevant documents are returned for the 310 query topics.</S>
			<S sid ="144" ssid = "20">is almost 20% of cases and the WCN, the difference between gain and loss is less than 2%.</S>
			<S sid ="145" ssid = "21">Table 3: BCN x Baseline Table 2: Results — Evaluation A. It is possible to see a small improvement in the results for the indices M1 and M2 in relation to the baseline (BL).</S>
			<S sid ="146" ssid = "22">This happens because the choice of candidate MWEs was made from the contents of the document topics and not, as with other indices, from the whole corpus.</S>
			<S sid ="147" ssid = "23">Considering the indices built with MWEs extracted from the corpus, the best result is index GS.In second place, comes the CN index, with a subtle improvement over the Baseline.</S>
			<S sid ="148" ssid = "24">BL surprisingly got a better result than the Best and Worst CN.</S>
			<S sid ="149" ssid = "25">The loss in retrieval quality as a result from MWE identification for BCN was not expected.</S>
			<S sid ="150" ssid = "26">When comparing the gain or loss in MAP of individual query topics, we can see how the index BCN compares to the Baseline: BCN had better MAP in 149 and worse MAP in 108 cases.</S>
			<S sid ="151" ssid = "27">However, the average loss is higher than the average gain, this explains why BL obtains a better result overall.</S>
			<S sid ="152" ssid = "28">In order do decide if one run is indeed superior to another, instead of using the absolute MAP value, we chose to calculate a margin of 5%.</S>
			<S sid ="153" ssid = "29">The intuition behind this is that in IR, a difference of less than 5% between the results being compared is not considered significant (Buckley and Voorhees, 2000).</S>
			<S sid ="154" ssid = "30">To be considered as gain the difference between the values resulting from two different indices for the same query topic should be greater than 5%.</S>
			<S sid ="155" ssid = "31">Differences of less than 5% are considered ties.</S>
			<S sid ="156" ssid = "32">This way, MAP values of 0.1111 and 0.1122 are considered ties.</S>
			<S sid ="157" ssid = "33">Given this margin, we can see in Tables 3 and 4 that the indices BCN and WCN are better compared to the baseline.</S>
			<S sid ="158" ssid = "34">In the case of BCN, the gain Table 4: WCN x Baseline Finally, this first experiment guided us toward a deeper evaluation of the query topics that have MWEs, because there is a possibility that the MWE insertions in documents can decrease the accuracy of the system on topics that have no MWE.</S>
			<S sid ="159" ssid = "35">4.2 Evaluation B. This evaluation studies in detail the effects on the document retrieval in response to topics in which there were MWEs.</S>
			<S sid ="160" ssid = "36">For this purpose, we used the same indices used before and we performed an individual evaluation of the topics, to obtain a better understanding on where the identification of MWEs improves or degrades the results.</S>
			<S sid ="161" ssid = "37">As each dictionary was created using a different methodology, the number of expressions contained in each dictionary is also different.</S>
			<S sid ="162" ssid = "38">Thus, for each method, the number of query topics considered as having MWEs varies according to the dictionary used.</S>
			<S sid ="163" ssid = "39">Table 5 shows the number of query topics containing MWEs for each dictionary used, and as a consequence, the percentage of modified query topics over the complete set of 310 topics.</S>
			<S sid ="164" ssid = "40">First, it is interesting to observe the values of MAP for all topics that have been altered by the identification of MWEs.</S>
			<S sid ="165" ssid = "41">These values are shown in Table 6.</S>
			<S sid ="166" ssid = "42">As shown in Table 6 we verified that the GS index obtained the best result compared to others.</S>
			<S sid ="167" ssid = "43">This M Table 5: Topics with MWEs In de x M A P C N 0.</S>
			<S sid ="168" ssid = "44">10 11 B C N 0.</S>
			<S sid ="169" ssid = "45">09 39 W C N 0.</S>
			<S sid ="170" ssid = "46">12 24 G S 0.</S>
			<S sid ="171" ssid = "47">23 93 D T 0.</S>
			<S sid ="172" ssid = "48">11 93 M 1 0.</S>
			<S sid ="173" ssid = "49">12 62 M 2 0.</S>
			<S sid ="174" ssid = "50">12 36 Table 6: Results - Evaluation B was somewhat expected since the MWEs in that dictionary are considered “real” MWEs.</S>
			<S sid ="175" ssid = "51">After GS, best results were obtained from the manual indices M1 and M2.</S>
			<S sid ="176" ssid = "52">The index that we consider as containing the lowest confident MWEs (WCN), obtained better results than Decision Trees, Nominal Compounds and Best Nominal Compounds, in this order.</S>
			<S sid ="177" ssid = "53">One possible reason for this to happen is that the number of MWEs inserted is higher than in the other indices.</S>
			<S sid ="178" ssid = "54">Compared with the BL, all indices with MWE insertion have improved more than degraded the results, in quantitative terms.</S>
			<S sid ="179" ssid = "55">Our largest gain was with the index GS, where 55.56% of the topics have improved, but the same index showed the highest percentage of loss, 22.22%.</S>
			<S sid ="180" ssid = "56">Analyzing the WCN, we can identify that this index has the lowest gain compared to all other indices: 32.14%, although having also the lowest loss.</S>
			<S sid ="181" ssid = "57">But, 60.71 % of the topics modified had no significant differences compared to the Baseline.</S>
			<S sid ="182" ssid = "58">Thus, we can conclude that the WCN index is the one that modifies the least the result of a query.</S>
			<S sid ="183" ssid = "59">The indices CN and BCN had a similar result, and knowing that a dictionary used to create BCN is a subset of the dictionary CN, we can conclude that the gain values, choosing the best MWE candidates, &lt;TERM ID=&quot;GH950102000000-126&quot; LEMA=&quot;underworld&quot; POS=&quot;NN&quot;&gt; &lt;WF&gt;underworld&lt;/WF&gt; &lt;SYNSET SCORE=&quot;0.5&quot; CODE=&quot;06120171-n&quot;/&gt; &lt;SYNSET SCORE=&quot;0.5&quot; CODE=&quot;06327598-n&quot;/&gt; &lt;/TERM&gt; Original Topic: - What was the role of the Hubble telescope in proving the existence of black holes?</S>
			<S sid ="184" ssid = "60">Modified Topic: - what be the role of the hubble telescope in prove the existence of black hole ? black_hole &lt;num&gt;141&lt;/num&gt; &lt;title&gt; letter bomb for kiesbauer find information on the explosion of a letter bomb in the studio of the tv channel pro7 presenter arabella kiesbauer . letter_bomb letter_bomb tv_channel &lt;/title&gt; Figure 3: Topic #141 Table 7 shows the top ten scoring documents retrieved for query topic 141 in the baseline.</S>
			<S sid ="185" ssid = "61">The relevant document (in bold) is the fourth position in the Baseline.</S>
			<S sid ="186" ssid = "62">After inserting the expression letter bomb twice (because it occurs twice in the original topic), and tv channel that were in dictionary D1 used by the CN index, the relevant document is scored higher and as a consequence is returned in the first position of the ranking(Table 8) . The MAP of this topic has increased 75 percentage points, from 0.2500 in Baseline to 1.000 in the CN index.</S>
			<S sid ="187" ssid = "63">We see also that the document that was in first position in the Baseline ranking, has its score decreased and was ranked in fourth position in the ranking given by the CN.</S>
			<S sid ="188" ssid = "64">This document contained information on a “small bomb located outside the of the Russian embassy” and has is not relevant to topic 141, being properly relegated to a lower position.</S>
			<S sid ="189" ssid = "65">An interesting fact about this topic is that only the MWE letter bomb influences the result.</S>
			<S sid ="190" ssid = "66">This was verified as in the index BCN, whose dictionary does not have this MWE, the topic was changed only because of the MWE tv channel and there was no gain or loss for the result.</S>
			<S sid ="191" ssid = "67">The second highest gain was of M1 index, in topic 173.</S>
			<S sid ="192" ssid = "68">The gain was of 28 percentage points.</S>
			<S sid ="193" ssid = "69">On.</S>
			<S sid ="194" ssid = "70">the other hand, we found a downside in M1 and M2 indices, although they improved results on average, they have reached very high values of loss in some topics.</S>
			<S sid ="195" ssid = "71">Po sit io n D o c u m e n t S c o r e P 1 L A 04 30 94 02 30 0.</S>
			<S sid ="196" ssid = "72">47 09 00 P 2 G H9 50 823 00 01 05 0.</S>
			<S sid ="197" ssid = "73">45 99 94 P 3 G H9 51 120 00 01 82 0.</S>
			<S sid ="198" ssid = "74">43 95 36 P 4 G H9 50 610 00 01 64 0.</S>
			<S sid ="199" ssid = "75">43 07 84 P 5 G H9 50 614 00 01 22 0.</S>
			<S sid ="200" ssid = "76">42 87 66 P 6 L A 09 18 94 04 25 0.</S>
			<S sid ="201" ssid = "77">42 84 29 P 7 G H9 50 829 00 00 82 0.</S>
			<S sid ="202" ssid = "78">42 29 41 P 8 G H9 50 220 00 01 62 0.</S>
			<S sid ="203" ssid = "79">41 19 68 P 9 G H9 50 318 00 01 31 0.</S>
			<S sid ="204" ssid = "80">40 60 06 P 1 0 G H9 50 829 00 00 37 0.</S>
			<S sid ="205" ssid = "81">40 28 06 Table 7: Ranking for Topic #141 - Baseline Po sit io n D o c u m e n t S c o r e P 1 G H9 50 610 00 01 64 0.</S>
			<S sid ="206" ssid = "82">45 79 50 P 2 G H9 50 614 00 01 22 0.</S>
			<S sid ="207" ssid = "83">43 67 53 P 3 G H9 50 823 00 01 05 0.</S>
			<S sid ="208" ssid = "84">42 39 38 P 4 L A 04 30 94 02 30 0.</S>
			<S sid ="209" ssid = "85">42 17 57 P 5 G H9 51 120 00 01 82 0.</S>
			<S sid ="210" ssid = "86">40 01 23 P 6 G H9 50 829 00 00 82 0.</S>
			<S sid ="211" ssid = "87">39 31 95 P 7 L A 09 18 94 04 25 0.</S>
			<S sid ="212" ssid = "88">38 66 13 P 8 G H9 50 705 00 01 00 0.</S>
			<S sid ="213" ssid = "89">38 41 16 P 9 G H9 50 220 00 01 62 0.</S>
			<S sid ="214" ssid = "90">38 21 57 P 1 0 G H9 50 318 00 01 31 0.</S>
			<S sid ="215" ssid = "91">38 04 71 Table 8: Ranking for Topic #141CN In sum, the MWEs insertion seems to improve retrieval bringing more relevant documents, due to a more precise indexing of specific terms.</S>
			<S sid ="216" ssid = "92">However, the use of these expressions also brought a negative impact for some cases, because some topics require a semantic analysis to return relevant documents (as for example topic 130, which requires relevant documents to mention the causes of the death of Kurt Cobain — documents which mention his death without mentioning the causes were not considered relevant).</S>
	</SECTION>
	<SECTION title="Conclusions and Future  Work. " number = "5">
			<S sid ="217" ssid = "1">This work consists in investigating the impact of Multiword Expressions on applications, focusing on compound nouns in Information Retrieval systems, and whether a more adequate treatment for these expressions can bring possible improvements in the indexing these expressions.</S>
			<S sid ="218" ssid = "2">MWEs are found in all genres of texts and their appropriate use is being targeted for study, both in linguistics and computing, due to the different characteristic variations of this type of expression, which ends up causing problems for the success of computational methods that aim their processing.</S>
			<S sid ="219" ssid = "3">In this work we aimed at achieving a better understanding of several important points associated with the use of Multiword Expressions in IR systems.</S>
			<S sid ="220" ssid = "4">In general, the MWEs insertion improves the results of retrieval for relevant documents, because the indexing of specific terms makes it easier to retrieve specific documents related to these terms.</S>
			<S sid ="221" ssid = "5">Nevertheless, the use of these expressions made the results worse in some c]ases, because some topics require a semantic analysis to return relevant documents.</S>
			<S sid ="222" ssid = "6">Some of these documents are related to the query, but do not satisfy all criteria in the query topic.</S>
			<S sid ="223" ssid = "7">We conclude also that the quality of MWEs used directly influenced the results.</S>
			<S sid ="224" ssid = "8">For future work, we would like to use other MWE types and not just compound nouns as used in this work.</S>
			<S sid ="225" ssid = "9">Other methods of extraction and a further study in Named Entities are good themes to complement this subject.</S>
			<S sid ="226" ssid = "10">A variation of corpora, different from newspaper articles, because each domain has a specific terminology, can also be an interesting subject for further evaluation.</S>
	</SECTION>
</PAPER>
