Reference text,similarity
The proposed segmentation algorithm compares adjacent windows of sentences and determines their lexical similarity.,0.4111471784625464,reference_61
Lexical cohesion is expressed through the vocabulary used in text and the semantic relations between those words.,0.4433305576838169,reference_35
"Reiteration is subdivided into four cohesive effects: word repetition (e.g. ascent and ascent), synonym (e.g. ascent and climb) which includes near-synonym and hyponym, superordinate (e.g. ascent and task) and general word (e.g. ascent and thing).",0.4447733119623076,reference_40
Word repetition: Word repetition ties in lexical cohesion are identified by same word matches and matches on inflections derived from the same stem.,0.4702669338316936,reference_49
"The degree to which a segmentation point was 'missed' by a trough, for instance, is not considered.",0.4889361788848092,reference_104
The combination of features word repetition and relation weights produced the best precision and recall rates of 0.80 and 0.69.,0.4497946314472821,reference_122
"Relation Weights: Relation weights quantify the amount of semantic relation between words based on the lexical organisation of RT (Jobbins and Evett, 1995).",0.4628504704395194,reference_57
Another approach extracted semantic information from Roget's Thesaurus (RT).,0.465372325541454,reference_19
"Reynar ( 1994) compared all Lindsay J. Evett Department of Computing Nottingham Trent University Nottingham NGI 4BU, UK lje@doc.ntu.ac.uk words across a text rather than the more usual nearest neighbours.",0.4684430750866906,reference_14
"Related words have been located using spreading activation on a semantic network (Kozima, 1993), although only one text was segmented.",0.4692598651976064,reference_18
"The combination of word repetition with another linguistic feature improved on its individual result, where less troughs were placed per text.",0.4055700684133691,reference_91
"To automatically detect lexical cohesion tics between pairwise words, three linguistic features were considered: word repetition, collocation and relation weights.",0.4204089071766081,reference_44
"In this investigation, recall rates tended to be lower than precision rates because the algorithm identified fewer segments (4.1 per text) than the test subjects (4.5).",0.42135193349425576,reference_117
Conclusion The text segmentation algorithm developed used three linguistic features to automatically detect lexical cohesion relations across windows.,0.4277665914339625,reference_121
The transition from the first article to the second represented a known subject change point.,0.4210465688335381,reference_79
"It was reported that the lexical chains closely correlated to the intentional structure (Grosz and Sidner, 1986) of the texts, where the start and end of chains coincided with the intention ranges.",0.4247631423511832,reference_21
"Discussion: The segmentation algorithm usmg word repetition and relation weights in combination achieved mean precision and recall rates of 0.80 and 0.69, respectively.",0.4503621794202163,reference_109
Relation weights for pairwise words are calculated based on the satisfaction of one or more of four possible connections in TLex.,0.4567161035381324,reference_60
The first two methods represent lexical cohesion relations.,0.4734721105300119,reference_45
"Hearst (1993) incorporated semantic information derived from WordNet but in later work reported that this information actually degraded word repetition results (Hearst, 1994).",0.5032527607315799,reference_17
A total of 41 out of a possible 42 known subject change points were identified from the least number of troughs placed per text (7.I).,0.4105583131291588,reference_87
"A collocation is a predisposed combination of words, typically pairwise words, that tend to regularly co-occur (e.g. orange and peel).",0.618848748307559,reference_42
Figure 1 shows the record for the headword orange followed by its collocates.,0.6358910179128846,reference_53
"Currently, all troughs indicate a subject change, however, minor fluctuations in scores may be discounted.",0.698655554101811,reference_126
"The remaining types of lexical cohesion considered, include synonym and superordinate (the cohesive effect of general word was not included).",0.7130276753796425,reference_47
"An inflected word was reduced to its stem by look­ up in a lexicon (Keenan and Evett, 1989) comprising inflection and stem word pair records (e.g. ""orange oranges"").",0.7497556308941227,reference_50
"Segmenting such data into distinct topics is useful for information retrieval, where only those segments relevant to a user's query can be retrieved.",0.26559596295824034,reference_7
These results demonstrate that supplementing word repetition with other linguistic features can improve text segmentation.,0.3660357249812416,reference_115
"To evaluate the results, the information retrieval metrics precision and recall were used.",0.3680845473706397,reference_102
Results: Table 2 gives the mean values for the comparison of troughs placed by the segmentation algorithm to the segmentation points identified by the test subjects for all the texts.,0.41037196874462106,reference_108
