ref,citation_10,reference_id
"Segmenting such data into distinct topics is useful for information retrieval, where only those segments relevant to a user's query can be retrieved.",0.26559596295824034,reference_7
These results demonstrate that supplementing word repetition with other linguistic features can improve text segmentation.,0.3660357249812416,reference_115
"To evaluate the results, the information retrieval metrics precision and recall were used.",0.3680845473706397,reference_102
Results: Table 2 gives the mean values for the comparison of troughs placed by the segmentation algorithm to the segmentation points identified by the test subjects for all the texts.,0.41037196874462106,reference_108
"Reiteration is subdivided into four cohesive effects: word repetition (e.g. ascent and ascent), synonym (e.g. ascent and climb) which includes near-synonym and hyponym, superordinate (e.g. ascent and task) and general word (e.g. ascent and thing).",0.41088020215445786,reference_40
