ref,citation_5,reference_id
Word repetition: Word repetition ties in lexical cohesion are identified by same word matches and matches on inflections derived from the same stem.,0.4042555308880466,reference_49
"To automatically detect lexical cohesion tics between pairwise words, three linguistic features were considered: word repetition, collocation and relation weights.",0.4124627055444288,reference_44
"Discussion: The segmentation algorithm usmg word repetition and relation weights in combination achieved mean precision and recall rates of 0.80 and 0.69, respectively.",0.4503621794202163,reference_109
Relation weights for pairwise words are calculated based on the satisfaction of one or more of four possible connections in TLex.,0.4567161035381324,reference_60
Conclusion The text segmentation algorithm developed used three linguistic features to automatically detect lexical cohesion relations across windows.,0.4617007487167392,reference_121
