ref,citation_3,reference_id
The proposed segmentation algorithm compares adjacent windows of sentences and determines their lexical similarity.,0.4111471784625464,reference_61
Lexical cohesion is expressed through the vocabulary used in text and the semantic relations between those words.,0.4433305576838169,reference_35
"Reiteration is subdivided into four cohesive effects: word repetition (e.g. ascent and ascent), synonym (e.g. ascent and climb) which includes near-synonym and hyponym, superordinate (e.g. ascent and task) and general word (e.g. ascent and thing).",0.4447733119623076,reference_40
Word repetition: Word repetition ties in lexical cohesion are identified by same word matches and matches on inflections derived from the same stem.,0.4702669338316936,reference_49
"The degree to which a segmentation point was 'missed' by a trough, for instance, is not considered.",0.4889361788848092,reference_104
