ref,citation_7,reference_id
Relation weights for pairwise words are calculated based on the satisfaction of one or more of four possible connections in TLex.,0.4594992019263264,reference_60
The first two methods represent lexical cohesion relations.,0.4734721105300119,reference_45
"Hearst (1993) incorporated semantic information derived from WordNet but in later work reported that this information actually degraded word repetition results (Hearst, 1994).",0.5032527607315799,reference_17
Conclusion The text segmentation algorithm developed used three linguistic features to automatically detect lexical cohesion relations across windows.,0.5099055575393351,reference_121
"Relation Weights: Relation weights quantify the amount of semantic relation between words based on the lexical organisation of RT (Jobbins and Evett, 1995).",0.51101846861879,reference_57
