ref,citation_4,reference_id
"Relation Weights: Relation weights quantify the amount of semantic relation between words based on the lexical organisation of RT (Jobbins and Evett, 1995).",0.41957748612459816,reference_57
The transition from the first article to the second represented a known subject change point.,0.4210465688335381,reference_79
"It was reported that the lexical chains closely correlated to the intentional structure (Grosz and Sidner, 1986) of the texts, where the start and end of chains coincided with the intention ranges.",0.4247631423511832,reference_21
"Related words have been located using spreading activation on a semantic network (Kozima, 1993), although only one text was segmented.",0.4291714243824312,reference_18
Conclusion The text segmentation algorithm developed used three linguistic features to automatically detect lexical cohesion relations across windows.,0.4364233962969334,reference_121
