ref,citation_8,reference_id
A total of 41 out of a possible 42 known subject change points were identified from the least number of troughs placed per text (7.I).,0.4105583131291588,reference_87
"Related words have been located using spreading activation on a semantic network (Kozima, 1993), although only one text was segmented.",0.4767042530005397,reference_18
"Relation Weights: Relation weights quantify the amount of semantic relation between words based on the lexical organisation of RT (Jobbins and Evett, 1995).",0.4970717688052562,reference_57
Conclusion The text segmentation algorithm developed used three linguistic features to automatically detect lexical cohesion relations across windows.,0.5055769415282213,reference_121
"Reynar ( 1994) compared all Lindsay J. Evett Department of Computing Nottingham Trent University Nottingham NGI 4BU, UK lje@doc.ntu.ac.uk words across a text rather than the more usual nearest neighbours.",0.5273459297993627,reference_14
