ref,citation_9,reference_id
"A collocation is a predisposed combination of words, typically pairwise words, that tend to regularly co-occur (e.g. orange and peel).",0.618848748307559,reference_42
Figure 1 shows the record for the headword orange followed by its collocates.,0.6358910179128846,reference_53
"Currently, all troughs indicate a subject change, however, minor fluctuations in scores may be discounted.",0.698655554101811,reference_126
"The remaining types of lexical cohesion considered, include synonym and superordinate (the cohesive effect of general word was not included).",0.7130276753796425,reference_47
"An inflected word was reduced to its stem by look­ up in a lexicon (Keenan and Evett, 1989) comprising inflection and stem word pair records (e.g. ""orange oranges"").",0.7497556308941227,reference_50
