ref,citation_2,reference_id
Word repetition: Word repetition ties in lexical cohesion are identified by same word matches and matches on inflections derived from the same stem.,0.3833270399794052,reference_49
"The combination of word repetition with another linguistic feature improved on its individual result, where less troughs were placed per text.",0.4055700684133691,reference_91
"To automatically detect lexical cohesion tics between pairwise words, three linguistic features were considered: word repetition, collocation and relation weights.",0.4204089071766081,reference_44
"In this investigation, recall rates tended to be lower than precision rates because the algorithm identified fewer segments (4.1 per text) than the test subjects (4.5).",0.42135193349425576,reference_117
Conclusion The text segmentation algorithm developed used three linguistic features to automatically detect lexical cohesion relations across windows.,0.4277665914339625,reference_121
