ref,citation_6,reference_id
Conclusion The text segmentation algorithm developed used three linguistic features to automatically detect lexical cohesion relations across windows.,0.36779755280306425,reference_121
"To automatically detect lexical cohesion tics between pairwise words, three linguistic features were considered: word repetition, collocation and relation weights.",0.3940823963437409,reference_44
The proposed segmentation algorithm compares adjacent windows of sentences and determines their lexical similarity.,0.4015737116619843,reference_61
Relation weights for pairwise words are calculated based on the satisfaction of one or more of four possible connections in TLex.,0.40660311805031296,reference_60
"Relation Weights: Relation weights quantify the amount of semantic relation between words based on the lexical organisation of RT (Jobbins and Evett, 1995).",0.4191230795810579,reference_57
