ref,citation_11,reference_id
The combination of features word repetition and relation weights produced the best precision and recall rates of 0.80 and 0.69.,0.3822798461114772,reference_122
"Discussion: The segmentation algorithm usmg word repetition and relation weights in combination achieved mean precision and recall rates of 0.80 and 0.69, respectively.",0.384407011255394,reference_109
Conclusion The text segmentation algorithm developed used three linguistic features to automatically detect lexical cohesion relations across windows.,0.415766337449792,reference_121
"The combination of word repetition with another linguistic feature improved on its individual result, where less troughs were placed per text.",0.42718592714940656,reference_91
"It was reported that the lexical chains closely correlated to the intentional structure (Grosz and Sidner, 1986) of the texts, where the start and end of chains coincided with the intention ranges.",0.4385421836388955,reference_21
