ref,citation_1,reference_id
The combination of features word repetition and relation weights produced the best precision and recall rates of 0.80 and 0.69.,0.44979463144728205,reference_122
"Relation Weights: Relation weights quantify the amount of semantic relation between words based on the lexical organisation of RT (Jobbins and Evett, 1995).",0.4628504704395194,reference_57
Another approach extracted semantic information from Roget's Thesaurus (RT).,0.46537232554145397,reference_19
"Reynar ( 1994) compared all Lindsay J. Evett Department of Computing Nottingham Trent University Nottingham NGI 4BU, UK lje@doc.ntu.ac.uk words across a text rather than the more usual nearest neighbours.",0.4684430750866906,reference_14
"Related words have been located using spreading activation on a semantic network (Kozima, 1993), although only one text was segmented.",0.4692598651976064,reference_18
